shipment_id,product,origin,destination,origin_lat,origin_lon,dest_lat,dest_lon,cargo_kg,invoice_ngn,distance_km,transit_hrs,delay_hrs,total_hrs,shelf_hrs,time_ratio,has_cold_chain,avg_temp,max_temp,max_temp_allowed,temp_exceedance,avg_humidity,road_quality,vibration_score,borrower_history,prior_defaults,spoilage_prob,spoiled,default_prob,defaulted,financing_rate
XB-20240001,Strawberries,Onitsha,Abuja,6.14,6.79,9.07,7.4,3942.5,3215107.0,525.7,10.87,0.16,11.03,36,0.306,0,32.5,34.9,8,26.9,81.7,poor,1.002,poor,2,0.5537,1,0.5639,1,6.51
XB-20240002,Tomatoes,Ibadan,Zaria,7.38,3.93,11.08,7.71,423.0,151221.0,930.8,23.2,0.1,23.3,72,0.324,0,39.5,46.3,25,21.3,66.3,good,0.0,good,0,0.4561,0,0.3277,0,4.62
XB-20240003,Mangoes,Zaria,Abuja,11.08,7.71,9.07,7.4,1198.1,242869.0,299.5,8.33,2.77,11.1,96,0.116,1,23.6,29.9,20,9.9,67.1,fair,1.021,poor,3,0.3867,0,0.7185,1,7.75
XB-20240004,Tomatoes,Kano,Enugu,12.0,8.52,6.44,7.5,1153.8,363904.0,1002.0,16.85,1.84,18.69,72,0.26,0,35.1,37.8,25,12.8,86.9,fair,0.831,excellent,0,0.5684,1,0.355,0,4.84
XB-20240005,Peppers,Ibadan,Kano,7.38,3.93,12.0,8.52,3623.6,686263.0,972.8,18.77,2.21,20.98,96,0.219,0,30.5,35.1,22,13.1,55.9,good,0.0,fair,0,0.5747,1,0.4885,0,5.91
XB-20240006,Mangoes,Abuja,Zaria,9.07,7.4,11.08,7.71,4426.2,907266.0,297.5,6.78,0.17,6.95,96,0.072,0,33.1,37.0,20,17.0,59.5,fair,1.407,good,0,0.4577,1,0.2479,0,3.98
XB-20240007,Leafy Greens,Jos,Port Harcourt,9.92,8.89,4.82,7.04,1820.6,554910.0,890.1,19.91,1.1,21.01,48,0.438,0,28.6,36.4,10,26.4,90.6,fair,0.997,good,0,0.6858,1,0.417,1,5.34
XB-20240008,Mangoes,Port Harcourt,Kano,4.82,7.04,12.0,8.52,895.5,178721.0,1184.5,18.34,0.42,18.76,96,0.195,0,38.0,42.2,20,22.2,78.4,fair,1.036,excellent,0,0.4598,0,0.1705,0,3.36
XB-20240009,Strawberries,Abuja,Port Harcourt,9.07,7.4,4.82,7.04,4085.6,3169557.0,572.2,15.1,4.23,19.34,36,0.537,1,11.0,17.1,8,9.1,82.2,good,0.0,fair,0,0.4494,1,0.4255,0,5.4
XB-20240010,Strawberries,Kano,Kaduna,12.0,8.52,10.52,7.44,1105.8,845512.0,315.7,5.64,2.81,8.45,36,0.235,0,33.2,40.5,8,32.5,86.5,poor,2.571,fair,1,0.5959,1,0.499,0,5.99
XB-20240011,Tomatoes,Jos,Abuja,9.92,8.89,9.07,7.4,2570.7,841946.0,280.3,6.09,2.04,8.14,72,0.113,0,33.0,38.8,25,13.8,64.3,fair,1.479,good,1,0.7629,1,0.63,0,7.04
XB-20240012,Tomatoes,Ibadan,Port Harcourt,7.38,3.93,4.82,7.04,409.3,157424.0,540.0,11.0,0.49,11.49,72,0.16,0,39.0,46.7,25,21.7,67.2,fair,1.072,poor,0,0.4301,0,0.4792,0,5.83
XB-20240013,Mangoes,Lagos,Enugu,6.52,3.38,6.44,7.5,3540.9,718112.0,618.2,16.31,1.43,17.74,96,0.185,0,32.6,39.0,20,19.0,80.8,poor,1.719,good,1,0.6123,1,0.4743,0,5.79
XB-20240014,Mangoes,Abuja,Kano,9.07,7.4,12.0,8.52,4019.8,866671.0,427.5,9.47,0.71,10.18,96,0.106,1,18.2,23.0,20,3.0,75.1,fair,1.091,excellent,0,0.239,0,0.0912,0,2.73
XB-20240015,Fresh Fish,Kano,Jos,12.0,8.52,9.92,8.89,4833.2,2875140.0,354.1,5.88,0.32,6.2,24,0.258,1,2.8,5.6,4,1.6,90.9,poor,1.082,good,0,0.39,0,0.2511,0,4.01
XB-20240016,Leafy Greens,Jos,Port Harcourt,9.92,8.89,4.82,7.04,950.9,252952.0,737.2,14.32,1.88,16.2,48,0.338,0,29.1,36.8,10,26.8,82.3,fair,1.112,good,0,0.7205,1,0.4178,0,5.34
XB-20240017,Mangoes,Port Harcourt,Kano,4.82,7.04,12.0,8.52,3577.6,711816.0,1079.2,28.45,1.01,29.46,96,0.307,0,23.7,29.4,20,9.4,78.5,good,0.0,fair,1,0.4085,0,0.4588,0,5.67
XB-20240018,Strawberries,Abuja,Jos,9.07,7.4,9.92,8.89,3287.8,2608266.0,277.7,5.41,4.26,9.66,36,0.268,1,11.4,14.6,8,6.6,57.6,good,0.0,excellent,0,0.3215,0,0.1483,0,3.19
XB-20240019,Peppers,Enugu,Lagos,6.44,7.5,6.52,3.38,767.2,143528.0,593.8,11.02,3.15,14.17,96,0.148,0,34.6,38.2,22,16.2,61.6,poor,2.614,poor,1,0.5432,0,0.708,1,7.66
XB-20240020,Tomatoes,Kano,Zaria,12.0,8.52,11.08,7.71,1343.5,458737.0,202.7,3.97,1.03,5.0,72,0.069,1,23.6,25.9,25,0.9,90.5,poor,1.71,poor,2,0.3282,0,0.726,1,7.81
XB-20240021,Leafy Greens,Jos,Onitsha,9.92,8.89,6.14,6.79,4876.4,1500817.0,593.1,16.17,2.0,18.18,48,0.379,0,35.3,42.4,10,32.4,70.8,good,0.0,poor,0,0.5536,1,0.6035,0,6.83
XB-20240022,Peppers,Kaduna,Abuja,10.52,7.44,9.07,7.4,4932.8,932900.0,208.8,4.51,0.13,4.64,96,0.048,0,29.2,33.7,22,11.7,88.5,good,0.0,excellent,0,0.4298,1,0.212,0,3.7
XB-20240023,Dairy,Jos,Onitsha,9.92,8.89,6.14,6.79,1340.0,551582.0,718.8,14.57,0.13,14.7,48,0.306,0,26.7,28.9,6,22.9,89.2,poor,1.506,fair,0,0.713,1,0.5144,0,6.12
XB-20240024,Peppers,Kaduna,Onitsha,10.52,7.44,6.14,6.79,418.1,71968.0,666.4,10.49,3.31,13.81,96,0.144,0,31.3,35.0,22,13.0,62.0,fair,0.853,good,0,0.5757,1,0.5004,0,6.0
XB-20240025,Dairy,Ibadan,Onitsha,7.38,3.93,6.14,6.79,3144.4,1299051.0,544.4,8.64,3.02,11.66,48,0.243,1,6.3,13.1,6,7.1,91.5,good,0.0,good,3,0.2563,0,0.3922,0,5.14
XB-20240026,Mangoes,Kano,Kaduna,12.0,8.52,10.52,7.44,4583.2,932249.0,323.8,5.7,2.12,7.82,96,0.082,1,19.2,22.7,20,2.7,65.2,good,0.0,fair,0,0.02,0,0.1939,0,3.55
XB-20240027,Mangoes,Kano,Onitsha,12.0,8.52,6.14,6.79,4407.9,864570.0,1077.2,27.61,0.04,27.65,96,0.288,0,31.3,34.1,20,14.1,55.5,fair,1.09,good,0,0.592,0,0.408,0,5.26
XB-20240028,Dairy,Onitsha,Ibadan,6.14,6.79,7.38,3.93,906.0,412963.0,509.7,10.24,0.45,10.69,48,0.223,0,31.3,36.2,6,30.2,67.2,fair,0.74,excellent,0,0.4362,0,0.2474,0,3.98
XB-20240029,Strawberries,Ibadan,Lagos,7.38,3.93,6.52,3.38,396.2,295950.0,163.2,3.76,0.29,4.06,36,0.113,1,8.8,12.0,8,4.0,68.5,fair,1.19,excellent,0,0.2299,0,0.1872,0,3.5
XB-20240030,Tomatoes,Kano,Port Harcourt,12.0,8.52,4.82,7.04,3066.9,1177819.0,1240.5,24.28,3.87,28.14,72,0.391,1,26.2,32.5,25,7.5,57.3,good,0.0,fair,2,0.3408,0,0.5579,1,6.46
XB-20240031,Peppers,Onitsha,Port Harcourt,6.14,6.79,4.82,7.04,1746.0,296139.0,190.1,4.24,0.19,4.43,96,0.046,0,37.1,42.1,22,20.1,58.2,fair,1.087,fair,0,0.5193,1,0.4071,0,5.26
XB-20240032,Mangoes,Lagos,Jos,6.52,3.38,9.92,8.89,3107.7,588879.0,999.8,26.27,0.25,26.52,96,0.276,1,19.1,22.8,20,2.8,61.4,poor,1.16,good,0,0.1472,0,0.1592,0,3.27
XB-20240033,Mangoes,Abuja,Onitsha,9.07,7.4,6.14,6.79,1020.3,210934.0,528.9,8.41,1.22,9.63,96,0.1,0,28.1,34.7,20,14.7,61.9,fair,0.925,good,0,0.5212,1,0.3064,0,4.45
XB-20240034,Leafy Greens,Abuja,Ibadan,9.07,7.4,7.38,3.93,2380.5,673015.0,519.5,10.09,0.34,10.43,48,0.217,0,28.7,34.3,10,24.3,84.4,good,0.0,fair,0,0.4359,0,0.458,0,5.66
XB-20240035,Fresh Fish,Zaria,Enugu,11.08,7.71,6.44,7.5,985.5,551623.0,774.8,13.04,1.64,14.68,24,0.612,0,31.0,38.3,4,34.3,69.5,poor,1.878,good,0,0.7949,1,0.4469,0,5.57
XB-20240036,Dairy,Kano,Zaria,12.0,8.52,11.08,7.71,4551.1,1958943.0,190.9,4.96,4.22,9.17,48,0.191,0,32.4,38.1,6,32.1,74.7,poor,2.577,excellent,0,0.5944,1,0.347,0,4.78
XB-20240037,Strawberries,Kaduna,Lagos,10.52,7.44,6.52,3.38,3822.2,2814959.0,948.3,18.56,0.71,19.27,36,0.535,0,31.5,36.5,8,28.5,75.0,fair,0.909,fair,0,0.729,1,0.6844,1,7.48
XB-20240038,Peppers,Abuja,Jos,9.07,7.4,9.92,8.89,2417.6,474102.0,270.6,6.83,1.32,8.16,96,0.085,0,34.4,40.6,22,18.6,89.1,poor,1.305,good,0,0.6763,1,0.4492,0,5.59
XB-20240039,Dairy,Onitsha,Kano,6.14,6.79,12.0,8.52,994.5,391485.0,845.2,14.06,0.61,14.66,48,0.305,1,7.6,11.9,6,5.9,82.5,good,0.0,fair,0,0.2955,0,0.2544,0,4.04
XB-20240040,Peppers,Ibadan,Onitsha,7.38,3.93,6.14,6.79,994.5,162316.0,437.8,9.87,2.27,12.15,96,0.127,1,21.3,26.4,22,4.4,91.1,fair,1.057,poor,1,0.0928,0,0.3608,0,4.89
XB-20240041,Mangoes,Zaria,Ibadan,11.08,7.71,7.38,3.93,1115.3,202385.0,782.7,15.92,1.25,17.17,96,0.179,1,20.7,25.9,20,5.9,71.3,fair,1.06,excellent,0,0.1422,0,0.01,0,2.08
XB-20240042,Leafy Greens,Kano,Zaria,12.0,8.52,11.08,7.71,4361.6,1198765.0,215.0,4.17,0.44,4.61,48,0.096,1,11.6,15.6,10,5.6,76.1,poor,2.113,fair,3,0.2194,0,0.4081,0,5.26
XB-20240043,Dairy,Enugu,Onitsha,6.44,7.5,6.14,6.79,327.4,128729.0,127.4,2.43,0.82,3.25,48,0.068,0,33.5,37.5,6,31.5,64.6,fair,1.09,good,0,0.5837,1,0.2617,0,4.09
XB-20240044,Tomatoes,Abuja,Onitsha,9.07,7.4,6.14,6.79,4368.6,1525183.0,503.0,8.13,2.41,10.55,72,0.146,1,24.6,29.9,25,4.9,78.4,fair,0.639,fair,2,0.1425,0,0.4377,0,5.5
XB-20240045,Mangoes,Enugu,Onitsha,6.44,7.5,6.14,6.79,857.1,185124.0,106.0,1.73,1.36,3.1,96,0.032,0,29.1,34.2,20,14.2,56.7,good,0.0,excellent,0,0.3301,0,0.1283,0,3.03
XB-20240046,Strawberries,Abuja,Kano,9.07,7.4,12.0,8.52,4756.7,3726681.0,518.1,8.14,0.22,8.36,36,0.232,0,26.5,31.7,8,23.7,61.0,poor,2.693,poor,0,0.5349,1,0.7054,1,7.64
XB-20240047,Leafy Greens,Kano,Enugu,12.0,8.52,6.44,7.5,2406.5,616664.0,931.1,24.94,0.0,24.94,48,0.52,0,27.1,34.0,10,24.0,90.6,poor,2.381,good,0,0.6812,1,0.4821,0,5.86
XB-20240048,Tomatoes,Port Harcourt,Onitsha,4.82,7.04,6.14,6.79,4536.1,1634222.0,217.3,3.89,0.08,3.97,72,0.055,0,32.3,37.8,25,12.8,92.0,fair,0.973,good,0,0.4872,1,0.3806,0,5.04
XB-20240049,Leafy Greens,Lagos,Port Harcourt,6.52,3.38,4.82,7.04,2707.7,780070.0,687.3,12.61,0.68,13.29,48,0.277,0,33.0,37.7,10,27.7,70.0,fair,1.304,good,0,0.6255,1,0.2539,0,4.03
XB-20240050,Leafy Greens,Lagos,Zaria,6.52,3.38,11.08,7.71,302.1,90925.0,962.8,18.93,4.2,23.12,48,0.482,0,40.2,44.3,10,34.3,83.4,fair,0.98,fair,3,0.8328,1,0.785,1,8.28
XB-20240051,Mangoes,Zaria,Lagos,11.08,7.71,6.52,3.38,3027.7,578569.0,916.7,14.71,0.07,14.78,96,0.154,1,18.7,26.5,20,6.5,84.5,fair,1.089,poor,5,0.3982,0,0.6792,1,7.43
XB-20240052,Tomatoes,Enugu,Lagos,6.44,7.5,6.52,3.38,1094.9,404645.0,616.3,13.54,0.09,13.63,72,0.189,0,35.7,42.3,25,17.3,80.8,good,0.0,good,0,0.3932,0,0.3894,0,5.12
XB-20240053,Fresh Fish,Jos,Zaria,9.92,8.89,11.08,7.71,2488.0,1356796.0,238.3,3.93,0.05,3.99,24,0.166,1,6.4,10.1,4,6.1,64.3,good,0.0,excellent,0,0.3469,0,0.2279,0,3.82
XB-20240054,Dairy,Zaria,Lagos,11.08,7.71,6.52,3.38,1481.7,669455.0,985.5,16.73,1.61,18.34,48,0.382,0,36.8,43.0,6,37.0,86.0,fair,1.18,fair,1,0.6167,1,0.525,1,6.2
XB-20240055,Dairy,Abuja,Lagos,9.07,7.4,6.52,3.38,1441.7,568353.0,806.0,21.48,0.59,22.07,48,0.46,0,28.5,32.2,6,26.2,55.7,fair,1.34,good,0,0.613,1,0.3732,0,4.99
XB-20240056,Tomatoes,Abuja,Kano,9.07,7.4,12.0,8.52,2994.4,1015742.0,525.0,9.79,0.07,9.86,72,0.137,0,39.2,47.0,25,22.0,82.7,good,0.0,excellent,0,0.6062,1,0.2991,0,4.39
XB-20240057,Dairy,Lagos,Port Harcourt,6.52,3.38,4.82,7.04,4300.2,1815848.0,612.5,10.25,0.53,10.78,48,0.225,0,34.3,41.5,6,35.5,90.6,good,0.0,poor,3,0.526,1,0.8328,1,8.66
XB-20240058,Fresh Fish,Ibadan,Kano,7.38,3.93,12.0,8.52,2901.2,1730810.0,1050.1,20.47,0.26,20.73,24,0.864,1,2.9,7.6,4,3.6,74.6,good,0.0,good,2,0.2802,0,0.2879,0,4.3
XB-20240059,Dairy,Jos,Kaduna,9.92,8.89,10.52,7.44,3033.3,1256964.0,246.6,3.82,0.24,4.06,48,0.085,0,36.6,41.0,6,35.0,91.1,poor,2.314,fair,4,0.6228,1,0.6567,1,7.25
XB-20240060,Leafy Greens,Abuja,Kano,9.07,7.4,12.0,8.52,1767.0,496517.0,495.6,13.17,0.65,13.81,48,0.288,1,10.4,13.2,10,3.2,76.0,fair,1.301,good,0,0.2536,0,0.1789,0,3.43
XB-20240061,Tomatoes,Kaduna,Enugu,10.52,7.44,6.44,7.5,3603.5,1354797.0,553.9,9.82,2.43,12.24,72,0.17,1,23.5,30.8,25,5.8,75.3,poor,1.905,fair,1,0.2869,0,0.3811,0,5.05
XB-20240062,Dairy,Onitsha,Abuja,6.14,6.79,9.07,7.4,3990.6,1729232.0,498.2,9.98,1.22,11.19,48,0.233,0,26.9,33.0,6,27.0,57.7,good,0.0,good,1,0.5353,0,0.3225,0,4.58
XB-20240063,Strawberries,Abuja,Jos,9.07,7.4,9.92,8.89,2977.6,2352869.0,267.6,4.71,1.0,5.71,36,0.159,0,34.3,38.8,8,30.8,65.2,fair,1.412,good,0,0.6244,1,0.4588,0,5.67
XB-20240064,Dairy,Onitsha,Lagos,6.14,6.79,6.52,3.38,531.8,220565.0,482.5,12.72,0.78,13.5,48,0.281,0,31.7,37.6,6,31.6,66.5,fair,1.358,excellent,0,0.5694,1,0.1876,0,3.5
XB-20240065,Leafy Greens,Enugu,Ibadan,6.44,7.5,7.38,3.93,2354.1,681488.0,561.3,14.26,0.9,15.15,48,0.316,0,42.1,45.6,10,35.6,68.3,fair,1.106,good,0,0.6162,1,0.4663,0,5.73
XB-20240066,Leafy Greens,Kaduna,Abuja,10.52,7.44,9.07,7.4,790.3,209374.0,211.0,5.77,1.53,7.3,48,0.152,1,8.5,11.2,10,1.2,76.6,fair,0.897,good,1,0.0346,0,0.2142,0,3.71
XB-20240067,Mangoes,Kaduna,Abuja,10.52,7.44,9.07,7.4,1678.1,349351.0,201.7,4.91,1.68,6.59,96,0.069,0,27.1,34.3,20,14.3,61.6,fair,1.338,poor,2,0.6517,1,0.7322,1,7.86
XB-20240068,Peppers,Abuja,Kano,9.07,7.4,12.0,8.52,3362.7,592429.0,501.3,9.19,0.17,9.36,96,0.098,0,38.2,40.5,22,18.5,91.2,fair,1.371,fair,1,0.5433,1,0.5962,0,6.77
XB-20240069,Tomatoes,Kaduna,Lagos,10.52,7.44,6.52,3.38,1722.5,647370.0,948.3,20.49,0.53,21.02,72,0.292,0,35.3,40.7,25,15.7,69.1,fair,1.096,good,0,0.6733,1,0.3653,0,4.92
XB-20240070,Leafy Greens,Lagos,Enugu,6.52,3.38,6.44,7.5,4767.1,1427466.0,615.5,9.86,2.52,12.38,48,0.258,1,11.2,14.6,10,4.6,72.6,fair,1.049,fair,1,0.3103,0,0.4768,1,5.81
XB-20240071,Peppers,Jos,Abuja,9.92,8.89,9.07,7.4,1146.3,205482.0,296.5,7.26,0.27,7.53,96,0.078,0,32.8,38.8,22,16.8,89.4,fair,1.081,excellent,0,0.4927,0,0.3399,0,4.72
XB-20240072,Peppers,Onitsha,Zaria,6.14,6.79,11.08,7.71,1617.3,308204.0,787.6,19.42,3.75,23.17,96,0.241,1,24.9,29.1,22,7.1,74.5,good,0.0,fair,1,0.3596,0,0.5161,1,6.13
XB-20240073,Tomatoes,Enugu,Zaria,6.44,7.5,11.08,7.71,1337.0,494197.0,778.8,18.01,2.59,20.6,72,0.286,1,23.6,29.3,25,4.3,71.7,fair,0.668,fair,1,0.385,0,0.5566,1,6.45
XB-20240074,Strawberries,Jos,Enugu,9.92,8.89,6.44,7.5,3065.8,2538916.0,663.7,13.75,0.89,14.63,36,0.406,0,31.3,36.9,8,28.9,67.5,poor,2.545,good,0,0.5951,1,0.2963,0,4.37
XB-20240075,Fresh Fish,Onitsha,Abuja,6.14,6.79,9.07,7.4,524.5,333630.0,458.1,10.9,1.16,12.07,24,0.503,0,30.7,35.9,4,31.9,67.0,fair,1.169,poor,2,0.5639,1,0.7119,1,7.7
XB-20240076,Mangoes,Jos,Onitsha,9.92,8.89,6.14,6.79,2228.9,474473.0,678.4,19.36,0.54,19.9,96,0.207,0,30.0,37.9,20,17.9,55.7,poor,2.537,good,1,0.5486,1,0.4665,0,5.73
XB-20240077,Mangoes,Kaduna,Abuja,10.52,7.44,9.07,7.4,764.7,144603.0,239.3,5.29,0.72,6.01,96,0.063,1,21.1,28.0,20,8.0,65.3,poor,2.747,excellent,0,0.3579,0,0.2803,0,4.24
XB-20240078,Strawberries,Kano,Onitsha,12.0,8.52,6.14,6.79,3436.7,2767187.0,1036.4,18.3,0.23,18.53,36,0.515,1,7.9,10.1,8,2.1,60.7,good,0.0,good,1,0.3614,0,0.4021,0,5.22
XB-20240079,Tomatoes,Kaduna,Abuja,10.52,7.44,9.07,7.4,4161.0,1504777.0,226.0,5.85,0.98,6.82,72,0.095,0,25.5,28.0,25,3.0,83.7,good,0.0,poor,1,0.3176,0,0.5116,0,6.09
XB-20240080,Tomatoes,Port Harcourt,Ibadan,4.82,7.04,7.38,3.93,479.2,184314.0,569.9,15.51,1.78,17.3,72,0.24,0,28.6,34.7,25,9.7,57.3,fair,1.497,fair,1,0.5202,0,0.3735,0,4.99
XB-20240081,Fresh Fish,Abuja,Ibadan,9.07,7.4,7.38,3.93,2511.8,1409715.0,573.3,12.3,4.98,17.28,24,0.72,1,4.5,11.3,4,7.3,76.5,fair,0.69,fair,0,0.6127,1,0.4347,1,5.48
XB-20240082,Fresh Fish,Abuja,Kano,9.07,7.4,12.0,8.52,3301.2,1980476.0,432.9,10.07,0.24,10.32,24,0.43,1,3.5,9.4,4,5.4,85.0,fair,1.36,good,1,0.4083,1,0.3987,0,5.19
XB-20240083,Fresh Fish,Kano,Ibadan,12.0,8.52,7.38,3.93,3949.6,2523869.0,873.8,17.52,0.73,18.26,24,0.761,0,30.8,38.1,4,34.1,71.7,poor,1.211,poor,1,0.8279,1,0.8151,1,8.52
XB-20240084,Peppers,Abuja,Kaduna,9.07,7.4,10.52,7.44,1623.4,283423.0,218.6,3.75,1.62,5.38,96,0.056,1,20.6,26.6,22,4.6,83.3,fair,0.521,excellent,0,0.2977,0,0.2275,0,3.82
XB-20240085,Mangoes,Kano,Port Harcourt,12.0,8.52,4.82,7.04,532.4,116277.0,1178.2,23.88,3.39,27.27,96,0.284,1,20.8,23.5,20,3.5,73.0,poor,2.042,fair,0,0.2637,0,0.3439,0,4.75
XB-20240086,Fresh Fish,Enugu,Jos,6.44,7.5,9.92,8.89,1355.3,751636.0,526.6,12.87,3.27,16.14,24,0.672,0,31.8,38.9,4,34.9,89.0,fair,1.255,good,1,0.7975,1,0.5031,0,6.02
XB-20240087,Dairy,Jos,Kaduna,9.92,8.89,10.52,7.44,991.1,385607.0,243.7,4.29,2.55,6.85,48,0.143,1,9.0,15.4,6,9.4,75.1,fair,1.008,good,0,0.4119,0,0.3257,0,4.61
XB-20240088,Dairy,Zaria,Jos,11.08,7.71,9.92,8.89,4431.0,1778340.0,236.9,5.8,3.18,8.98,48,0.187,0,33.8,40.3,6,34.3,85.2,fair,1.188,good,0,0.7057,1,0.4578,0,5.66
XB-20240089,Fresh Fish,Jos,Lagos,9.92,8.89,6.52,3.38,1769.3,987018.0,1074.2,24.32,3.14,27.46,24,1.144,0,36.9,44.2,4,40.2,76.9,fair,0.913,fair,0,0.8233,1,0.6817,1,7.45
XB-20240090,Mangoes,Onitsha,Zaria,6.14,6.79,11.08,7.71,3672.3,676319.0,777.7,18.62,1.82,20.44,96,0.213,1,21.6,27.2,20,7.2,55.8,fair,1.136,excellent,0,0.2786,0,0.1725,0,3.38
XB-20240091,Tomatoes,Abuja,Zaria,9.07,7.4,11.08,7.71,625.3,206620.0,337.8,6.38,2.0,8.38,72,0.116,0,35.8,41.7,25,16.7,70.6,fair,1.286,excellent,0,0.61,1,0.2867,0,4.29
XB-20240092,Leafy Greens,Port Harcourt,Enugu,4.82,7.04,6.44,7.5,1805.7,457674.0,267.0,7.47,2.67,10.15,48,0.211,1,9.8,17.4,10,7.4,64.6,fair,1.373,fair,0,0.3285,0,0.4477,1,5.58
XB-20240093,Strawberries,Abuja,Zaria,9.07,7.4,11.08,7.71,2296.9,1921851.0,353.0,6.09,0.26,6.35,36,0.176,0,31.7,39.4,8,31.4,57.6,good,0.0,good,0,0.5554,0,0.3273,0,4.62
XB-20240094,Fresh Fish,Enugu,Jos,6.44,7.5,9.92,8.89,950.6,610659.0,628.6,17.27,1.45,18.72,24,0.78,0,28.7,32.6,4,28.6,83.6,good,0.0,fair,1,0.6803,1,0.6624,1,7.3
XB-20240095,Leafy Greens,Jos,Port Harcourt,9.92,8.89,4.82,7.04,895.8,262128.0,959.7,23.56,0.62,24.18,48,0.504,1,13.8,16.9,10,6.9,55.8,poor,1.836,excellent,0,0.4716,0,0.3507,0,4.81
XB-20240096,Tomatoes,Enugu,Jos,6.44,7.5,9.92,8.89,2809.0,900899.0,631.1,12.95,0.99,13.94,72,0.194,1,28.1,34.1,25,9.1,72.1,fair,1.151,good,0,0.4643,0,0.3356,0,4.68
XB-20240097,Leafy Greens,Kano,Zaria,12.0,8.52,11.08,7.71,1785.0,525474.0,209.3,4.14,0.34,4.48,48,0.093,0,35.7,40.4,10,30.4,91.4,poor,1.054,excellent,0,0.6569,1,0.3334,0,4.67
XB-20240098,Tomatoes,Kaduna,Zaria,10.52,7.44,11.08,7.71,2107.4,677620.0,100.8,2.09,0.33,2.42,72,0.034,1,25.1,31.7,25,6.7,65.2,fair,1.143,excellent,0,0.3031,0,0.01,0,2.08
XB-20240099,Dairy,Lagos,Zaria,6.52,3.38,11.08,7.71,4549.5,1825527.0,1004.9,15.58,0.23,15.81,48,0.329,1,9.4,15.3,6,9.3,60.6,fair,1.115,excellent,0,0.4699,0,0.2364,0,3.89
XB-20240100,Dairy,Onitsha,Port Harcourt,6.14,6.79,4.82,7.04,1750.5,808280.0,219.1,3.4,1.6,5.0,48,0.104,1,4.6,6.7,6,0.7,85.4,good,0.0,poor,1,0.2415,0,0.5046,0,6.04
XB-20240101,Leafy Greens,Lagos,Enugu,6.52,3.38,6.44,7.5,4132.4,1244976.0,611.5,12.05,0.42,12.47,48,0.26,1,12.3,16.8,10,6.8,88.5,poor,1.383,fair,0,0.389,0,0.4422,0,5.54
XB-20240102,Leafy Greens,Ibadan,Kano,7.38,3.93,12.0,8.52,1760.5,511309.0,899.0,24.24,0.29,24.53,48,0.511,0,32.1,39.2,10,29.2,65.3,fair,1.194,good,0,0.6904,1,0.3662,0,4.93
XB-20240103,Dairy,Onitsha,Enugu,6.14,6.79,6.44,7.5,4514.5,1953250.0,129.2,2.11,0.0,2.11,48,0.044,1,6.3,9.6,6,3.6,69.1,good,0.0,fair,1,0.0717,0,0.2985,0,4.39
XB-20240104,Strawberries,Jos,Ibadan,9.92,8.89,7.38,3.93,3819.0,3241525.0,975.7,27.45,4.94,32.39,36,0.9,0,29.4,36.7,8,28.7,59.2,poor,2.081,excellent,0,0.9169,1,0.4573,0,5.66
XB-20240105,Mangoes,Port Harcourt,Ibadan,4.82,7.04,7.38,3.93,3767.3,685374.0,576.1,9.28,2.87,12.15,96,0.127,0,33.0,40.4,20,20.4,61.9,good,0.0,fair,0,0.4914,1,0.5154,0,6.12
XB-20240106,Tomatoes,Ibadan,Kano,7.38,3.93,12.0,8.52,4566.2,1652255.0,1074.8,17.95,3.17,21.12,72,0.293,0,27.7,32.4,25,7.4,83.6,fair,1.393,good,0,0.5127,0,0.4548,0,5.64
XB-20240107,Dairy,Onitsha,Abuja,6.14,6.79,9.07,7.4,4859.7,1944186.0,450.4,10.44,0.96,11.4,48,0.237,0,32.9,37.4,6,31.4,88.0,good,0.0,fair,1,0.352,0,0.3507,0,4.81
XB-20240108,Dairy,Ibadan,Port Harcourt,7.38,3.93,4.82,7.04,2777.6,1249235.0,572.6,15.69,2.69,18.38,48,0.383,0,23.7,27.0,6,21.0,69.7,good,0.0,fair,0,0.4444,0,0.4845,0,5.88
XB-20240109,Peppers,Onitsha,Ibadan,6.14,6.79,7.38,3.93,1518.7,267604.0,475.6,9.98,0.79,10.77,96,0.112,0,35.4,41.0,22,19.0,66.4,poor,2.91,fair,0,0.5083,1,0.4629,1,5.7
XB-20240110,Fresh Fish,Abuja,Lagos,9.07,7.4,6.52,3.38,2042.4,1214730.0,685.0,14.87,0.19,15.06,24,0.628,1,2.4,4.9,4,0.9,68.1,poor,2.337,fair,0,0.3063,0,0.3543,0,4.83
XB-20240111,Fresh Fish,Jos,Onitsha,9.92,8.89,6.14,6.79,3261.8,2051410.0,743.3,14.6,2.65,17.25,24,0.719,0,37.2,41.8,4,37.8,58.1,fair,1.41,fair,0,0.8619,1,0.6938,1,7.55
XB-20240112,Leafy Greens,Onitsha,Enugu,6.14,6.79,6.44,7.5,3033.4,802847.0,112.8,2.42,0.9,3.32,48,0.069,0,34.6,37.2,10,27.2,87.9,good,0.0,excellent,0,0.5464,1,0.1297,0,3.04
XB-20240113,Tomatoes,Onitsha,Abuja,6.14,6.79,9.07,7.4,1860.2,606080.0,405.2,11.33,1.56,12.89,72,0.179,0,31.0,34.8,25,9.8,80.1,fair,0.865,good,1,0.4933,0,0.4106,1,5.28
XB-20240114,Mangoes,Ibadan,Port Harcourt,7.38,3.93,4.82,7.04,348.6,68156.0,553.4,13.9,0.04,13.94,96,0.145,0,29.1,32.9,20,12.9,88.3,good,0.0,good,1,0.3875,0,0.2712,0,4.17
XB-20240115,Leafy Greens,Port Harcourt,Enugu,4.82,7.04,6.44,7.5,1008.0,267958.0,266.1,4.42,0.66,5.08,48,0.106,0,35.2,41.2,10,31.2,63.7,poor,2.09,excellent,0,0.437,0,0.1872,0,3.5
XB-20240116,Tomatoes,Ibadan,Lagos,7.38,3.93,6.52,3.38,4004.1,1390630.0,164.2,2.88,0.24,3.12,72,0.043,0,36.8,44.2,25,19.2,59.9,fair,1.099,good,0,0.4127,0,0.3109,0,4.49
XB-20240117,Strawberries,Enugu,Kaduna,6.44,7.5,10.52,7.44,2661.9,1956487.0,571.5,9.91,1.02,10.93,36,0.304,1,9.1,14.5,8,6.5,71.3,fair,1.419,good,1,0.1448,0,0.1363,0,3.09
XB-20240118,Tomatoes,Onitsha,Ibadan,6.14,6.79,7.38,3.93,485.5,153029.0,441.1,8.14,0.53,8.67,72,0.12,1,24.5,26.7,25,1.7,90.9,good,0.0,fair,1,0.1741,0,0.4185,0,5.35
XB-20240119,Mangoes,Lagos,Enugu,6.52,3.38,6.44,7.5,4795.8,864935.0,597.1,9.2,1.69,10.89,96,0.113,0,32.5,35.3,20,15.3,82.9,poor,2.317,fair,2,0.6589,1,0.653,1,7.22
XB-20240120,Mangoes,Kaduna,Ibadan,10.52,7.44,7.38,3.93,4079.5,888960.0,738.4,19.86,4.66,24.52,96,0.255,0,28.8,31.2,20,11.2,73.5,poor,2.414,excellent,0,0.6413,1,0.2781,0,4.22
XB-20240121,Mangoes,Onitsha,Ibadan,6.14,6.79,7.38,3.93,931.2,177527.0,524.3,14.7,1.31,16.01,96,0.167,0,32.3,38.8,20,18.8,62.0,poor,2.734,good,1,0.4613,0,0.2459,0,3.97
XB-20240122,Mangoes,Port Harcourt,Jos,4.82,7.04,9.92,8.89,2696.8,500839.0,793.1,13.61,0.47,14.09,96,0.147,0,36.2,39.0,20,19.0,78.3,good,0.0,good,0,0.4183,0,0.3101,0,4.48
XB-20240123,Tomatoes,Onitsha,Jos,6.14,6.79,9.92,8.89,1833.8,698361.0,736.7,19.65,4.01,23.66,72,0.329,0,32.5,37.9,25,12.9,88.6,poor,1.845,good,1,0.7484,1,0.5456,0,6.36
XB-20240124,Peppers,Jos,Zaria,9.92,8.89,11.08,7.71,1001.4,187928.0,268.2,4.88,5.07,9.95,96,0.104,0,35.8,42.1,22,20.1,66.0,good,0.0,fair,0,0.5483,1,0.4667,0,5.73
XB-20240125,Fresh Fish,Lagos,Abuja,6.52,3.38,9.07,7.4,4323.0,2430917.0,708.8,13.75,0.81,14.55,24,0.606,0,32.9,38.8,4,34.8,84.5,poor,1.072,good,1,0.793,1,0.5426,0,6.34
XB-20240126,Tomatoes,Port Harcourt,Ibadan,4.82,7.04,7.38,3.93,735.3,258157.0,654.7,15.22,2.71,17.92,72,0.249,1,25.0,27.1,25,2.1,59.6,fair,0.993,good,0,0.3805,0,0.2891,0,4.31
XB-20240127,Peppers,Enugu,Kaduna,6.44,7.5,10.52,7.44,3915.2,743196.0,682.8,13.48,5.6,19.08,96,0.199,1,24.6,31.5,22,9.5,59.4,fair,0.518,good,1,0.4184,0,0.4352,0,5.48
XB-20240128,Tomatoes,Ibadan,Enugu,7.38,3.93,6.44,7.5,3109.5,1042866.0,578.4,14.04,0.25,14.28,72,0.198,0,31.0,38.7,25,13.7,77.3,fair,0.56,fair,2,0.6954,1,0.707,1,7.66
XB-20240129,Leafy Greens,Kaduna,Enugu,10.52,7.44,6.44,7.5,1140.0,296269.0,581.7,10.84,2.28,13.12,48,0.273,0,31.0,35.3,10,25.3,79.9,fair,0.845,poor,0,0.6859,1,0.6628,1,7.3
XB-20240130,Fresh Fish,Kano,Ibadan,12.0,8.52,7.38,3.93,1305.2,711790.0,865.0,18.22,0.54,18.76,24,0.782,0,33.4,41.1,4,37.1,90.6,fair,1.429,fair,1,0.9546,1,0.6506,1,7.2
XB-20240131,Dairy,Kano,Lagos,12.0,8.52,6.52,3.38,2730.7,1122095.0,1322.1,24.14,0.17,24.31,48,0.506,0,34.6,39.8,6,33.8,63.1,fair,1.419,excellent,0,0.5958,1,0.33,0,4.64
XB-20240132,Leafy Greens,Kano,Kaduna,12.0,8.52,10.52,7.44,3835.1,1001164.0,320.0,6.49,1.9,8.39,48,0.175,1,12.0,15.0,10,5.0,75.9,poor,1.998,excellent,0,0.3738,1,0.224,0,3.79
XB-20240133,Leafy Greens,Port Harcourt,Jos,4.82,7.04,9.92,8.89,2670.5,793836.0,918.0,21.54,0.42,21.96,48,0.458,1,8.0,15.4,10,5.4,60.7,poor,2.91,good,0,0.363,0,0.2376,0,3.9
XB-20240134,Leafy Greens,Ibadan,Kano,7.38,3.93,12.0,8.52,1914.2,566794.0,990.5,23.29,1.25,24.54,48,0.511,1,9.4,12.6,10,2.6,89.0,good,0.0,good,0,0.3281,0,0.2769,0,4.22
XB-20240135,Strawberries,Abuja,Kaduna,9.07,7.4,10.52,7.44,2252.0,1739033.0,239.9,3.99,0.23,4.22,36,0.117,1,11.1,15.5,8,7.5,83.2,poor,2.778,good,0,0.3521,0,0.3208,0,4.57
XB-20240136,Strawberries,Jos,Abuja,9.92,8.89,9.07,7.4,2633.2,2068408.0,248.8,4.19,2.71,6.9,36,0.192,1,10.6,16.6,8,8.6,60.6,poor,2.078,good,0,0.2866,0,0.2641,0,4.11
XB-20240137,Tomatoes,Jos,Kaduna,9.92,8.89,10.52,7.44,4870.8,1611393.0,231.5,5.25,0.54,5.79,72,0.08,1,27.4,35.2,25,10.2,63.3,fair,1.242,fair,0,0.2942,0,0.4187,0,5.35
XB-20240138,Mangoes,Jos,Kaduna,9.92,8.89,10.52,7.44,2087.3,425035.0,234.5,4.28,0.12,4.4,96,0.046,0,32.1,35.2,20,15.2,83.9,fair,1.452,excellent,0,0.5622,1,0.1909,0,3.53
XB-20240139,Tomatoes,Port Harcourt,Kaduna,4.82,7.04,10.52,7.44,3600.8,1177612.0,788.5,12.29,0.89,13.18,72,0.183,1,23.6,30.4,25,5.4,59.5,good,0.0,good,0,0.2564,0,0.1614,0,3.29
XB-20240140,Tomatoes,Kano,Zaria,12.0,8.52,11.08,7.71,2026.5,661470.0,191.8,3.27,1.99,5.26,72,0.073,1,28.0,30.1,25,5.1,81.0,poor,1.875,good,1,0.3529,0,0.3461,0,4.77
XB-20240141,Mangoes,Kaduna,Jos,10.52,7.44,9.92,8.89,2853.0,558794.0,218.9,5.62,3.01,8.63,96,0.09,1,19.7,27.0,20,7.0,79.9,poor,1.501,fair,2,0.3813,0,0.4856,0,5.88
XB-20240142,Tomatoes,Kano,Onitsha,12.0,8.52,6.14,6.79,4414.3,1577615.0,905.1,21.34,0.66,22.0,72,0.306,1,27.1,29.5,25,4.5,62.6,fair,1.482,fair,1,0.3188,0,0.4658,0,5.73
XB-20240143,Tomatoes,Zaria,Lagos,11.08,7.71,6.52,3.38,4905.8,1568498.0,1096.1,21.68,0.3,21.97,72,0.305,0,33.7,39.9,25,14.9,70.6,fair,0.898,good,0,0.4974,1,0.2934,0,4.35
XB-20240144,Dairy,Kaduna,Zaria,10.52,7.44,11.08,7.71,4642.5,1781516.0,84.8,1.77,1.79,3.56,48,0.074,0,25.9,31.2,6,25.2,78.7,poor,1.747,good,0,0.6392,1,0.5254,1,6.2
XB-20240145,Leafy Greens,Lagos,Port Harcourt,6.52,3.38,4.82,7.04,2355.6,674378.0,705.5,17.05,4.2,21.24,48,0.443,1,11.8,16.0,10,6.0,56.9,fair,0.886,poor,2,0.4632,0,0.7525,1,8.02
XB-20240146,Strawberries,Kaduna,Kano,10.52,7.44,12.0,8.52,2281.2,1676270.0,283.2,4.93,3.69,8.62,36,0.239,1,8.6,14.9,8,6.9,55.3,fair,1.113,fair,0,0.3168,0,0.3742,0,4.99
XB-20240147,Dairy,Abuja,Kano,9.07,7.4,12.0,8.52,570.3,259222.0,447.5,9.8,0.83,10.63,48,0.222,1,7.6,11.8,6,5.8,67.3,poor,1.767,good,0,0.2874,0,0.3233,0,4.59
XB-20240148,Tomatoes,Zaria,Ibadan,11.08,7.71,7.38,3.93,4619.7,1644197.0,881.2,17.23,0.47,17.7,72,0.246,1,27.0,33.7,25,8.7,71.8,fair,0.748,fair,0,0.509,0,0.4085,0,5.27
XB-20240149,Leafy Greens,Lagos,Onitsha,6.52,3.38,6.14,6.79,305.2,82051.0,574.2,11.47,0.09,11.55,48,0.241,0,38.0,42.5,10,32.5,79.2,fair,0.659,excellent,0,0.5148,1,0.2899,0,4.32
XB-20240150,Dairy,Abuja,Ibadan,9.07,7.4,7.38,3.93,238.2,108552.0,529.5,10.96,1.21,12.17,48,0.254,1,4.5,11.7,6,5.7,85.6,good,0.0,fair,1,0.2087,0,0.3267,0,4.61
XB-20240151,Peppers,Kaduna,Ibadan,10.52,7.44,7.38,3.93,1130.5,218101.0,796.6,14.4,2.73,17.13,96,0.178,0,32.2,36.8,22,14.8,77.6,good,0.0,excellent,0,0.429,1,0.2591,0,4.07
XB-20240152,Mangoes,Zaria,Port Harcourt,11.08,7.71,4.82,7.04,3989.3,765428.0,1041.2,20.32,0.64,20.96,96,0.218,1,23.3,26.0,20,6.0,78.5,fair,0.618,good,0,0.2533,0,0.187,0,3.5
XB-20240153,Tomatoes,Zaria,Jos,11.08,7.71,9.92,8.89,2195.7,757581.0,290.9,5.68,1.79,7.47,72,0.104,0,21.8,29.0,25,4.0,78.4,fair,0.615,fair,0,0.3788,0,0.4154,0,5.32
XB-20240154,Leafy Greens,Port Harcourt,Kano,4.82,7.04,12.0,8.52,2637.5,726567.0,1199.0,33.73,2.36,36.09,48,0.752,1,11.4,17.1,10,7.1,80.5,fair,0.51,fair,1,0.4562,0,0.4916,0,5.93
XB-20240155,Strawberries,Jos,Onitsha,9.92,8.89,6.14,6.79,4138.9,3247903.0,662.2,13.37,0.02,13.39,36,0.372,1,6.1,9.8,8,1.8,62.7,good,0.0,excellent,0,0.2543,0,0.1364,0,3.09
XB-20240156,Mangoes,Lagos,Ibadan,6.52,3.38,7.38,3.93,2280.7,501490.0,159.2,3.07,0.58,3.66,96,0.038,1,20.2,22.6,20,2.6,68.7,fair,1.223,fair,1,0.2317,0,0.37,0,4.96
XB-20240157,Tomatoes,Lagos,Jos,6.52,3.38,9.92,8.89,2988.9,1030638.0,1014.1,19.71,1.1,20.82,72,0.289,1,27.6,29.6,25,4.6,62.7,poor,1.773,fair,0,0.4899,1,0.4157,0,5.33
XB-20240158,Dairy,Port Harcourt,Abuja,4.82,7.04,9.07,7.4,3235.5,1265538.0,730.8,14.85,1.89,16.74,48,0.349,1,5.9,9.3,6,3.3,63.0,fair,1.408,good,0,0.2143,0,0.1527,0,3.22
XB-20240159,Mangoes,Lagos,Kano,6.52,3.38,12.0,8.52,2759.6,567018.0,1086.6,18.91,0.38,19.3,96,0.201,0,40.8,45.6,20,25.6,65.3,fair,1.324,excellent,0,0.5658,1,0.3146,0,4.52
XB-20240160,Fresh Fish,Zaria,Abuja,11.08,7.71,9.07,7.4,1968.1,1164862.0,341.2,9.5,0.45,9.95,24,0.414,1,3.5,8.8,4,4.8,56.4,fair,0.823,poor,1,0.3288,0,0.55,0,6.4
XB-20240161,Dairy,Kaduna,Abuja,10.52,7.44,9.07,7.4,3791.3,1690002.0,251.8,4.15,9.07,13.21,48,0.275,1,6.5,9.2,6,3.2,55.8,fair,1.284,good,0,0.2177,0,0.2503,0,4.0
XB-20240162,Peppers,Lagos,Kano,6.52,3.38,12.0,8.52,4218.2,777422.0,1249.4,24.07,1.47,25.54,96,0.266,0,34.3,40.8,22,18.8,71.4,poor,1.778,good,0,0.6062,0,0.3907,0,5.13
XB-20240163,Leafy Greens,Port Harcourt,Ibadan,4.82,7.04,7.38,3.93,3317.6,985496.0,614.8,10.89,1.35,12.24,48,0.255,1,12.0,18.1,10,8.1,68.8,poor,1.335,good,1,0.4467,0,0.3454,0,4.76
XB-20240164,Fresh Fish,Abuja,Kano,9.07,7.4,12.0,8.52,403.2,245804.0,442.6,9.11,4.46,13.57,24,0.565,1,2.1,5.2,4,1.2,71.8,fair,1.186,poor,4,0.2845,0,0.6525,1,7.22
XB-20240165,Leafy Greens,Kaduna,Abuja,10.52,7.44,9.07,7.4,605.9,173281.0,195.6,3.18,3.22,6.4,48,0.133,0,29.2,36.4,10,26.4,87.8,good,0.0,good,2,0.5778,0,0.5715,1,6.57
XB-20240166,Dairy,Port Harcourt,Abuja,4.82,7.04,9.07,7.4,4881.6,2180270.0,635.0,10.48,4.17,14.65,48,0.305,1,4.4,7.7,6,1.7,63.5,fair,0.769,excellent,0,0.2329,0,0.1019,0,2.82
XB-20240167,Peppers,Zaria,Jos,11.08,7.71,9.92,8.89,4031.8,700507.0,251.0,5.71,0.4,6.1,96,0.064,1,22.1,28.2,22,6.2,57.3,good,0.0,excellent,0,0.2506,0,0.1025,0,2.82
XB-20240168,Mangoes,Lagos,Zaria,6.52,3.38,11.08,7.71,4058.3,752751.0,1030.8,19.66,1.06,20.72,96,0.216,1,19.6,24.6,20,4.6,58.0,fair,0.806,fair,0,0.1517,0,0.1365,0,3.09
XB-20240169,Leafy Greens,Ibadan,Jos,7.38,3.93,9.92,8.89,1706.6,481482.0,900.0,14.95,6.83,21.78,48,0.454,0,31.6,38.0,10,28.0,73.2,fair,1.338,good,1,0.5737,1,0.5473,1,6.38
XB-20240170,Strawberries,Kano,Lagos,12.0,8.52,6.52,3.38,3734.0,2994866.0,1054.5,17.26,0.77,18.04,36,0.501,0,36.5,43.0,8,35.0,65.3,good,0.0,excellent,0,0.5607,1,0.3507,0,4.81
XB-20240171,Mangoes,Kaduna,Jos,10.52,7.44,9.92,8.89,886.4,172833.0,245.0,4.16,0.69,4.84,96,0.05,1,23.1,29.8,20,9.8,61.5,fair,0.721,good,1,0.3464,0,0.3624,0,4.9
XB-20240172,Peppers,Kaduna,Abuja,10.52,7.44,9.07,7.4,1157.6,199786.0,223.1,5.3,4.45,9.75,96,0.102,0,36.3,42.0,22,20.0,83.1,fair,1.204,poor,1,0.6752,1,0.7721,1,8.18
XB-20240173,Peppers,Kano,Jos,12.0,8.52,9.92,8.89,4570.9,824385.0,303.0,6.06,0.08,6.13,96,0.064,1,22.6,29.7,22,7.7,60.9,good,0.0,good,0,0.2721,0,0.251,0,4.01
XB-20240174,Strawberries,Kano,Jos,12.0,8.52,9.92,8.89,3803.7,2815030.0,300.5,5.16,0.41,5.57,36,0.155,0,31.0,38.6,8,30.6,69.3,good,0.0,fair,1,0.397,1,0.3929,0,5.14
XB-20240175,Strawberries,Zaria,Ibadan,11.08,7.71,7.38,3.93,3135.0,2597557.0,850.0,19.09,2.83,21.92,36,0.609,0,34.2,37.9,8,29.9,90.6,good,0.0,fair,2,0.7844,1,0.719,1,7.75
XB-20240176,Fresh Fish,Lagos,Jos,6.52,3.38,9.92,8.89,1091.5,638212.0,1012.0,16.1,0.1,16.2,24,0.675,1,5.6,8.5,4,4.5,90.8,fair,1.002,good,0,0.381,0,0.34,0,4.72
XB-20240177,Leafy Greens,Ibadan,Jos,7.38,3.93,9.92,8.89,4719.4,1396531.0,937.6,19.18,3.0,22.19,48,0.462,1,13.1,17.3,10,7.3,83.0,fair,0.799,excellent,0,0.5261,1,0.2719,0,4.18
XB-20240178,Dairy,Abuja,Kano,9.07,7.4,12.0,8.52,3727.6,1575460.0,532.2,12.19,1.02,13.21,48,0.275,1,6.6,9.6,6,3.6,59.3,fair,1.402,good,1,0.2455,0,0.3052,0,4.44
XB-20240179,Tomatoes,Ibadan,Jos,7.38,3.93,9.92,8.89,4724.8,1515664.0,834.9,19.59,2.27,21.86,72,0.304,1,25.2,27.7,25,2.7,76.6,good,0.0,fair,1,0.307,0,0.4463,0,5.57
XB-20240180,Mangoes,Zaria,Kaduna,11.08,7.71,10.52,7.44,1446.4,316461.0,94.4,1.97,0.64,2.61,96,0.027,1,22.2,26.9,20,6.9,63.4,fair,0.753,good,0,0.2155,0,0.2021,0,3.62
XB-20240181,Leafy Greens,Zaria,Kano,11.08,7.71,12.0,8.52,949.0,283493.0,179.9,3.93,3.66,7.59,48,0.158,0,33.8,36.6,10,26.6,76.3,poor,2.563,good,0,0.6038,1,0.3563,0,4.85
XB-20240182,Strawberries,Enugu,Abuja,6.44,7.5,9.07,7.4,3350.8,2933208.0,380.4,7.33,1.88,9.22,36,0.256,1,6.7,12.4,8,4.4,89.7,fair,0.577,good,0,0.4339,0,0.2968,0,4.37
XB-20240183,Tomatoes,Kano,Zaria,12.0,8.52,11.08,7.71,2331.8,856924.0,175.9,3.45,1.16,4.61,72,0.064,1,24.7,30.1,25,5.1,56.1,poor,1.313,good,0,0.2219,0,0.2278,0,3.82
XB-20240184,Peppers,Jos,Onitsha,9.92,8.89,6.14,6.79,4684.7,913467.0,617.9,11.43,1.49,12.92,96,0.135,1,23.2,29.3,22,7.3,70.9,poor,2.649,excellent,0,0.3587,0,0.2546,0,4.04
XB-20240185,Leafy Greens,Abuja,Zaria,9.07,7.4,11.08,7.71,4252.2,1186816.0,316.5,6.28,0.55,6.83,48,0.142,0,31.0,37.3,10,27.3,67.8,fair,1.305,poor,2,0.5355,0,0.7055,1,7.64
XB-20240186,Tomatoes,Kano,Ibadan,12.0,8.52,7.38,3.93,1150.9,367813.0,897.3,14.56,0.82,15.38,72,0.214,0,36.2,42.8,25,17.8,59.8,fair,0.942,fair,2,0.4909,1,0.5216,1,6.17
XB-20240187,Peppers,Port Harcourt,Kaduna,4.82,7.04,10.52,7.44,850.2,144818.0,1003.4,16.43,3.91,20.35,96,0.212,1,20.2,25.7,22,3.7,69.5,good,0.0,excellent,0,0.1667,0,0.1436,0,3.15
XB-20240188,Leafy Greens,Abuja,Zaria,9.07,7.4,11.08,7.71,1521.1,443762.0,271.8,6.3,3.52,9.82,48,0.205,1,8.3,12.9,10,2.9,85.8,poor,1.449,good,2,0.1867,0,0.2901,0,4.32
XB-20240189,Fresh Fish,Enugu,Onitsha,6.44,7.5,6.14,6.79,3843.6,2411115.0,104.1,2.1,1.78,3.88,24,0.162,0,28.2,35.6,4,31.6,75.3,poor,1.693,good,0,0.5027,1,0.3702,0,4.96
XB-20240190,Mangoes,Lagos,Onitsha,6.52,3.38,6.14,6.79,1819.1,350133.0,494.5,12.79,0.18,12.97,96,0.135,0,40.4,47.1,20,27.1,60.2,fair,0.606,excellent,0,0.5309,1,0.3903,0,5.12
XB-20240191,Peppers,Lagos,Enugu,6.52,3.38,6.44,7.5,762.9,128240.0,574.8,12.62,2.15,14.77,96,0.154,0,29.3,35.0,22,13.0,79.6,fair,1.145,excellent,0,0.3899,0,0.1555,0,3.24
XB-20240192,Tomatoes,Onitsha,Lagos,6.14,6.79,6.52,3.38,4471.6,1719044.0,493.5,11.26,0.35,11.62,72,0.161,0,29.4,36.5,25,11.5,58.8,good,0.0,fair,1,0.5264,0,0.6312,1,7.05
XB-20240193,Tomatoes,Kaduna,Abuja,10.52,7.44,9.07,7.4,288.3,100164.0,211.4,3.34,0.59,3.93,72,0.055,0,36.8,40.1,25,15.1,59.5,poor,1.227,poor,0,0.4253,0,0.4527,1,5.62
XB-20240194,Fresh Fish,Enugu,Jos,6.44,7.5,9.92,8.89,2517.0,1594018.0,542.4,9.83,1.93,11.76,24,0.49,0,33.6,40.5,4,36.5,69.7,poor,2.184,excellent,0,0.6746,1,0.3255,0,4.6
XB-20240195,Fresh Fish,Zaria,Lagos,11.08,7.71,6.52,3.38,923.3,592935.0,1089.4,16.83,1.95,18.77,24,0.782,0,33.2,40.2,4,36.2,77.7,fair,0.754,fair,0,0.8007,1,0.5522,1,6.42
XB-20240196,Mangoes,Kaduna,Kano,10.52,7.44,12.0,8.52,811.4,150145.0,296.7,4.99,3.87,8.86,96,0.092,0,31.9,35.8,20,15.8,88.1,fair,0.788,good,1,0.6544,1,0.3796,0,5.04
XB-20240197,Tomatoes,Zaria,Abuja,11.08,7.71,9.07,7.4,2854.9,1061632.0,322.4,6.93,1.65,8.58,72,0.119,0,28.9,31.8,25,6.8,58.0,poor,2.954,good,0,0.29,0,0.2396,0,3.92
XB-20240198,Dairy,Port Harcourt,Kano,4.82,7.04,12.0,8.52,4325.9,1850406.0,1109.0,19.86,0.68,20.54,48,0.428,0,37.6,40.3,6,34.3,76.2,fair,1.304,good,1,0.65,1,0.5575,1,6.46
XB-20240199,Fresh Fish,Port Harcourt,Onitsha,4.82,7.04,6.14,6.79,2845.0,1715071.0,193.1,4.44,0.53,4.97,24,0.207,1,5.9,12.9,4,8.9,91.1,fair,0.567,excellent,0,0.4545,0,0.2165,0,3.73
XB-20240200,Leafy Greens,Kaduna,Abuja,10.52,7.44,9.07,7.4,938.8,287947.0,213.4,4.16,0.22,4.38,48,0.091,0,31.8,35.8,10,25.8,89.8,fair,1.232,poor,2,0.6151,0,0.7785,1,8.23
XB-20240201,Dairy,Enugu,Kaduna,6.44,7.5,10.52,7.44,778.1,332348.0,644.4,10.06,0.71,10.77,48,0.224,1,7.0,10.0,6,4.0,79.3,poor,1.903,good,0,0.316,0,0.2452,0,3.96
XB-20240202,Mangoes,Port Harcourt,Onitsha,4.82,7.04,6.14,6.79,2385.8,469052.0,218.0,3.83,0.22,4.05,96,0.042,1,19.6,24.7,20,4.7,59.1,poor,1.595,excellent,0,0.3112,0,0.1621,0,3.3
XB-20240203,Leafy Greens,Abuja,Kano,9.07,7.4,12.0,8.52,4385.2,1246756.0,423.5,9.34,2.44,11.77,48,0.245,0,27.5,32.9,10,22.9,88.6,fair,0.796,excellent,0,0.6144,1,0.2383,0,3.91
XB-20240204,Mangoes,Enugu,Onitsha,6.44,7.5,6.14,6.79,584.9,116437.0,119.5,2.22,2.65,4.86,96,0.051,0,32.4,34.7,20,14.7,70.0,fair,1.081,poor,2,0.4442,0,0.6149,1,6.92
XB-20240205,Mangoes,Abuja,Zaria,9.07,7.4,11.08,7.71,810.1,151944.0,305.7,6.27,2.09,8.36,96,0.087,0,35.1,38.3,20,18.3,71.3,good,0.0,good,0,0.2663,0,0.1425,0,3.14
XB-20240206,Tomatoes,Onitsha,Ibadan,6.14,6.79,7.38,3.93,300.9,112047.0,499.7,8.36,2.32,10.69,72,0.148,1,26.3,30.5,25,5.5,78.1,good,0.0,fair,0,0.1033,0,0.3369,0,4.69
XB-20240207,Leafy Greens,Ibadan,Jos,7.38,3.93,9.92,8.89,897.6,251605.0,803.3,21.79,0.11,21.9,48,0.456,0,34.1,41.9,10,31.9,56.8,good,0.0,excellent,0,0.6206,1,0.2856,0,4.28
XB-20240208,Leafy Greens,Zaria,Jos,11.08,7.71,9.92,8.89,1015.5,263114.0,251.9,6.51,1.1,7.6,48,0.158,1,13.9,20.0,10,10.0,90.1,good,0.0,good,0,0.4019,1,0.3702,0,4.96
XB-20240209,Fresh Fish,Jos,Zaria,9.92,8.89,11.08,7.71,1809.8,1015741.0,266.6,7.02,4.71,11.73,24,0.489,0,39.4,43.3,4,39.3,69.5,good,0.0,excellent,0,0.6748,1,0.3998,0,5.2
XB-20240210,Strawberries,Lagos,Enugu,6.52,3.38,6.44,7.5,4964.1,3765283.0,664.2,10.85,2.66,13.51,36,0.375,1,8.5,16.3,8,8.3,61.7,poor,1.668,fair,0,0.5613,0,0.4976,0,5.98
XB-20240211,Leafy Greens,Kano,Kaduna,12.0,8.52,10.52,7.44,3330.9,925130.0,298.9,5.41,1.45,6.85,48,0.143,0,32.4,40.4,10,30.4,55.4,poor,2.144,good,0,0.6176,1,0.3273,0,4.62
XB-20240212,Tomatoes,Onitsha,Lagos,6.14,6.79,6.52,3.38,3348.3,1101325.0,542.4,12.2,0.38,12.58,72,0.175,1,24.5,29.4,25,4.4,56.6,fair,0.831,fair,0,0.1377,0,0.2029,0,3.62
XB-20240213,Fresh Fish,Abuja,Kaduna,9.07,7.4,10.52,7.44,3076.6,1851043.0,252.4,5.78,0.01,5.79,24,0.241,0,31.0,37.4,4,33.4,55.9,fair,1.441,excellent,0,0.4513,0,0.2219,0,3.78
XB-20240214,Fresh Fish,Zaria,Ibadan,11.08,7.71,7.38,3.93,1522.6,912544.0,910.6,23.56,1.33,24.89,24,1.037,1,6.9,12.5,4,8.5,65.9,fair,0.827,excellent,0,0.6377,1,0.2848,0,4.28
XB-20240215,Tomatoes,Kaduna,Port Harcourt,10.52,7.44,4.82,7.04,591.6,189977.0,870.8,21.69,1.09,22.78,72,0.316,1,25.4,32.3,25,7.3,55.5,fair,1.169,fair,1,0.5293,0,0.4425,0,5.54
XB-20240216,Peppers,Abuja,Enugu,9.07,7.4,6.44,7.5,1309.2,254383.0,454.2,10.64,0.37,11.01,96,0.115,1,23.0,29.0,22,7.0,63.8,poor,2.52,good,0,0.3617,0,0.2921,0,4.34
XB-20240217,Fresh Fish,Onitsha,Enugu,6.14,6.79,6.44,7.5,2089.1,1160865.0,107.5,1.95,1.96,3.91,24,0.163,0,24.1,28.7,4,24.7,78.9,poor,1.464,good,0,0.6047,1,0.4089,0,5.27
XB-20240218,Mangoes,Jos,Onitsha,9.92,8.89,6.14,6.79,1077.5,235167.0,722.5,15.6,0.62,16.23,96,0.169,1,18.7,22.1,20,2.1,66.7,poor,2.751,good,2,0.2208,0,0.3636,0,4.91
XB-20240219,Strawberries,Jos,Onitsha,9.92,8.89,6.14,6.79,2650.7,1959406.0,671.7,15.14,2.43,17.57,36,0.488,0,29.8,37.5,8,29.5,67.2,fair,1.252,fair,1,0.7193,1,0.6787,1,7.43
XB-20240220,Peppers,Ibadan,Onitsha,7.38,3.93,6.14,6.79,3643.8,652673.0,455.8,7.54,0.73,8.26,96,0.086,1,23.3,26.4,22,4.4,81.7,fair,1.104,good,2,0.3294,0,0.4615,0,5.69
XB-20240221,Leafy Greens,Zaria,Abuja,11.08,7.71,9.07,7.4,1670.2,451404.0,281.5,7.58,0.65,8.23,48,0.171,0,33.2,40.4,10,30.4,59.9,poor,2.165,poor,1,0.6782,1,0.7171,1,7.74
XB-20240222,Peppers,Lagos,Onitsha,6.52,3.38,6.14,6.79,2626.5,473503.0,525.2,13.42,6.09,19.5,96,0.203,1,24.0,29.6,22,7.6,70.4,fair,1.285,excellent,0,0.2658,0,0.0732,0,2.59
XB-20240223,Dairy,Enugu,Onitsha,6.44,7.5,6.14,6.79,3371.8,1485948.0,128.0,2.89,2.8,5.69,48,0.119,1,6.3,11.7,6,5.7,72.7,poor,1.211,good,0,0.4705,1,0.3683,0,4.95
XB-20240224,Peppers,Kano,Ibadan,12.0,8.52,7.38,3.93,2266.6,376906.0,1070.6,21.25,0.64,21.9,96,0.228,1,24.3,27.0,22,5.0,56.3,poor,1.465,excellent,0,0.3598,0,0.1735,0,3.39
XB-20240225,Dairy,Kano,Kaduna,12.0,8.52,10.52,7.44,2642.7,1190166.0,298.4,4.89,0.01,4.91,48,0.102,0,31.2,39.2,6,33.2,72.9,poor,2.509,good,0,0.554,1,0.3432,0,4.75
XB-20240226,Mangoes,Enugu,Ibadan,6.44,7.5,7.38,3.93,1819.2,387670.0,509.1,14.54,0.55,15.09,96,0.157,1,18.4,21.5,20,1.5,75.6,fair,0.917,good,2,0.0896,0,0.2594,0,4.08
XB-20240227,Peppers,Onitsha,Kano,6.14,6.79,12.0,8.52,988.6,188021.0,899.9,23.27,1.51,24.78,96,0.258,1,25.5,28.6,22,6.6,85.4,fair,0.578,poor,0,0.3533,0,0.4898,1,5.92
XB-20240228,Strawberries,Kano,Port Harcourt,12.0,8.52,4.82,7.04,269.0,228266.0,1282.4,19.91,1.4,21.3,36,0.592,0,43.2,49.4,8,41.4,62.2,fair,1.33,fair,0,0.5497,1,0.4602,0,5.68
XB-20240229,Leafy Greens,Kaduna,Kano,10.52,7.44,12.0,8.52,1207.5,321936.0,246.1,3.84,1.99,5.83,48,0.121,0,33.7,36.4,10,26.4,81.1,fair,1.329,good,0,0.3635,0,0.1391,0,3.11
XB-20240230,Peppers,Lagos,Kano,6.52,3.38,12.0,8.52,3779.4,724648.0,1307.8,23.4,3.87,27.26,96,0.284,0,35.2,41.0,22,19.0,85.5,fair,1.052,good,0,0.6696,1,0.4818,0,5.85
XB-20240231,Strawberries,Jos,Kano,9.92,8.89,12.0,8.52,4044.5,3028629.0,299.9,7.83,3.23,11.06,36,0.307,1,6.2,12.3,8,4.3,66.7,good,0.0,good,0,0.4069,1,0.2764,0,4.21
XB-20240232,Tomatoes,Port Harcourt,Enugu,4.82,7.04,6.44,7.5,1378.6,512666.0,225.1,4.97,0.18,5.15,72,0.071,0,31.4,37.7,25,12.7,63.9,fair,0.782,excellent,0,0.5039,1,0.2884,0,4.31
XB-20240233,Dairy,Kano,Enugu,12.0,8.52,6.44,7.5,1826.4,836421.0,977.7,17.11,1.36,18.48,48,0.385,0,27.8,31.1,6,25.1,82.5,poor,1.848,good,1,0.5423,1,0.4797,0,5.84
XB-20240234,Strawberries,Kano,Lagos,12.0,8.52,6.52,3.38,2281.7,1952605.0,1099.9,23.96,2.37,26.33,36,0.731,0,33.5,39.9,8,31.9,84.8,poor,1.79,excellent,0,0.9414,1,0.4142,0,5.31
XB-20240235,Tomatoes,Kaduna,Abuja,10.52,7.44,9.07,7.4,1251.8,404207.0,205.6,3.89,0.99,4.88,72,0.068,1,23.6,28.8,25,3.8,69.6,fair,1.306,good,1,0.3052,0,0.3795,0,5.04
XB-20240236,Tomatoes,Abuja,Jos,9.07,7.4,9.92,8.89,1918.2,649040.0,229.5,4.92,0.22,5.14,72,0.071,0,36.5,42.7,25,17.7,86.7,fair,0.809,poor,1,0.5913,1,0.5684,1,6.55
XB-20240237,Dairy,Ibadan,Onitsha,7.38,3.93,6.14,6.79,623.0,276165.0,442.0,7.32,0.3,7.62,48,0.159,1,8.2,13.5,6,7.5,78.5,good,0.0,excellent,0,0.3385,0,0.2363,0,3.89
XB-20240238,Mangoes,Ibadan,Zaria,7.38,3.93,11.08,7.71,3541.7,664834.0,923.8,24.45,1.14,25.59,96,0.267,0,29.6,36.3,20,16.3,85.0,fair,0.557,excellent,0,0.6818,1,0.4016,0,5.21
XB-20240239,Leafy Greens,Ibadan,Lagos,7.38,3.93,6.52,3.38,3040.2,798834.0,141.4,2.57,1.46,4.04,48,0.084,0,26.7,31.8,10,21.8,62.3,poor,1.372,excellent,0,0.5781,1,0.2435,0,3.95
XB-20240240,Fresh Fish,Port Harcourt,Lagos,4.82,7.04,6.52,3.38,4628.7,2778535.0,548.8,12.24,2.0,14.24,24,0.593,1,4.0,11.5,4,7.5,55.4,fair,1.241,good,0,0.6046,0,0.5457,1,6.37
XB-20240241,Fresh Fish,Zaria,Kano,11.08,7.71,12.0,8.52,709.6,454477.0,185.3,4.39,0.33,4.72,24,0.197,0,36.8,39.2,4,35.2,76.3,good,0.0,excellent,0,0.4648,0,0.1976,0,3.58
XB-20240242,Strawberries,Kano,Kaduna,12.0,8.52,10.52,7.44,4331.8,3358868.0,246.1,4.51,0.65,5.15,36,0.143,0,35.3,43.3,8,35.3,87.1,fair,1.017,good,0,0.4515,0,0.2572,0,4.06
XB-20240243,Leafy Greens,Kaduna,Kano,10.52,7.44,12.0,8.52,469.9,131187.0,250.6,4.02,1.41,5.43,48,0.113,0,33.5,37.6,10,27.6,86.5,fair,1.015,excellent,0,0.6747,1,0.2394,0,3.92
XB-20240244,Peppers,Enugu,Zaria,6.44,7.5,11.08,7.71,2992.3,567299.0,691.2,14.65,3.18,17.82,96,0.186,0,34.1,38.0,22,16.0,62.5,poor,2.521,fair,0,0.6342,1,0.5073,1,6.06
XB-20240245,Dairy,Enugu,Port Harcourt,6.44,7.5,4.82,7.04,2449.1,956188.0,299.2,4.64,0.35,4.99,48,0.104,1,8.6,13.2,6,7.2,75.9,good,0.0,good,2,0.3504,0,0.3962,0,5.17
XB-20240246,Dairy,Port Harcourt,Lagos,4.82,7.04,6.52,3.38,2337.3,979339.0,703.5,11.85,0.16,12.0,48,0.25,1,5.3,11.1,6,5.1,89.2,poor,1.065,good,0,0.4357,0,0.2734,0,4.19
XB-20240247,Peppers,Lagos,Jos,6.52,3.38,9.92,8.89,2010.6,383750.0,954.2,19.87,3.05,22.92,96,0.239,1,21.3,25.3,22,3.3,83.0,fair,1.108,good,1,0.2426,0,0.2734,0,4.19
XB-20240248,Strawberries,Enugu,Kano,6.44,7.5,12.0,8.52,4354.7,3537594.0,854.5,15.47,0.03,15.5,36,0.431,1,6.5,10.2,8,2.2,76.7,fair,1.434,excellent,0,0.0906,0,0.145,0,3.16
XB-20240249,Fresh Fish,Lagos,Zaria,6.52,3.38,11.08,7.71,1926.7,1164352.0,1087.3,19.24,0.88,20.12,24,0.838,0,31.1,36.0,4,32.0,83.0,fair,1.364,poor,1,0.7311,1,0.7574,1,8.06
XB-20240250,Tomatoes,Onitsha,Port Harcourt,6.14,6.79,4.82,7.04,2453.2,920055.0,203.2,4.6,0.32,4.92,72,0.068,1,27.7,32.5,25,7.5,63.4,good,0.0,poor,2,0.3587,0,0.5921,1,6.74
XB-20240251,Peppers,Zaria,Kano,11.08,7.71,12.0,8.52,3252.4,616556.0,201.1,5.38,0.07,5.45,96,0.057,1,22.5,30.1,22,8.1,71.9,fair,1.062,excellent,0,0.3694,0,0.3031,0,4.42
XB-20240252,Peppers,Enugu,Kaduna,6.44,7.5,10.52,7.44,1811.9,333651.0,709.4,11.3,4.91,16.2,96,0.169,0,33.3,37.0,22,15.0,65.3,fair,1.499,excellent,0,0.4952,0,0.2772,0,4.22
XB-20240253,Peppers,Abuja,Lagos,9.07,7.4,6.52,3.38,3621.8,637967.0,694.8,16.25,0.64,16.89,96,0.176,0,25.7,33.3,22,11.3,80.1,fair,1.11,poor,1,0.6935,1,0.7344,1,7.87
XB-20240254,Peppers,Lagos,Kaduna,6.52,3.38,10.52,7.44,2760.0,487417.0,997.1,24.88,5.69,30.57,96,0.318,0,28.9,34.1,22,12.1,80.7,fair,1.49,fair,0,0.7105,1,0.5315,1,6.25
XB-20240255,Strawberries,Jos,Zaria,9.92,8.89,11.08,7.71,2967.1,2298741.0,243.4,4.11,0.41,4.51,36,0.125,1,7.6,9.6,8,1.6,79.0,fair,0.946,poor,2,0.0644,0,0.4795,0,5.84
XB-20240256,Mangoes,Onitsha,Abuja,6.14,6.79,9.07,7.4,1459.9,296728.0,411.5,7.28,0.2,7.48,96,0.078,0,36.6,41.7,20,21.7,80.5,poor,1.646,poor,0,0.5109,1,0.5097,1,6.08
XB-20240257,Tomatoes,Onitsha,Abuja,6.14,6.79,9.07,7.4,1896.7,639357.0,508.5,10.23,0.58,10.81,72,0.15,1,28.8,33.3,25,8.3,71.5,fair,1.483,good,1,0.2503,0,0.304,0,4.43
XB-20240258,Fresh Fish,Kaduna,Ibadan,10.52,7.44,7.38,3.93,3498.5,2231264.0,668.0,14.06,0.56,14.61,24,0.609,0,30.2,33.7,4,29.7,87.5,good,0.0,good,1,0.6472,1,0.4217,0,5.37
XB-20240259,Tomatoes,Zaria,Ibadan,11.08,7.71,7.38,3.93,1655.8,604621.0,888.1,19.41,0.47,19.87,72,0.276,1,27.5,29.6,25,4.6,78.8,good,0.0,fair,2,0.226,0,0.4364,0,5.49
XB-20240260,Fresh Fish,Ibadan,Abuja,7.38,3.93,9.07,7.4,3689.7,2299231.0,649.6,10.05,0.38,10.44,24,0.435,0,37.3,44.8,4,40.8,60.8,poor,2.137,good,0,0.7057,1,0.3446,0,4.76
XB-20240261,Peppers,Enugu,Abuja,6.44,7.5,9.07,7.4,1317.7,236810.0,411.9,9.3,0.3,9.6,96,0.1,0,30.5,33.3,22,11.3,89.3,poor,2.415,excellent,0,0.4728,0,0.2719,0,4.18
XB-20240262,Fresh Fish,Kano,Jos,12.0,8.52,9.92,8.89,1474.7,939093.0,336.0,7.89,2.6,10.5,24,0.437,1,5.0,8.8,4,4.8,64.8,fair,1.499,good,0,0.3984,0,0.4848,0,5.88
XB-20240263,Peppers,Port Harcourt,Zaria,4.82,7.04,11.08,7.71,4175.3,770500.0,962.0,25.82,0.18,26.0,96,0.271,1,20.8,24.4,22,2.4,69.2,poor,2.221,fair,1,0.1264,0,0.3803,0,5.04
XB-20240264,Dairy,Abuja,Ibadan,9.07,7.4,7.38,3.93,4667.2,1773874.0,645.0,11.54,1.94,13.48,48,0.281,0,33.7,41.5,6,35.5,57.4,poor,2.293,fair,0,0.6065,1,0.5541,1,6.43
XB-20240265,Leafy Greens,Lagos,Kaduna,6.52,3.38,10.52,7.44,2451.3,745199.0,972.5,17.93,0.56,18.49,48,0.385,0,28.5,33.3,10,23.3,68.1,fair,1.162,fair,0,0.5933,1,0.5177,1,6.14
XB-20240266,Peppers,Port Harcourt,Ibadan,4.82,7.04,7.38,3.93,4869.4,961174.0,690.9,13.87,3.05,16.92,96,0.176,0,30.5,35.9,22,13.9,60.1,poor,1.704,good,1,0.6614,1,0.4163,0,5.33
XB-20240267,Tomatoes,Zaria,Lagos,11.08,7.71,6.52,3.38,638.5,234944.0,929.5,17.71,0.31,18.02,72,0.25,1,23.3,28.9,25,3.9,86.1,good,0.0,good,1,0.32,0,0.2242,0,3.79
XB-20240268,Fresh Fish,Ibadan,Kano,7.38,3.93,12.0,8.52,3635.0,2262531.0,1042.6,16.87,1.75,18.63,24,0.776,1,3.8,10.4,4,6.4,77.9,good,0.0,good,0,0.3055,0,0.3093,0,4.47
XB-20240269,Mangoes,Lagos,Zaria,6.52,3.38,11.08,7.71,3788.1,810782.0,1059.3,24.31,1.53,25.84,96,0.269,1,18.2,23.7,20,3.7,61.2,poor,1.352,good,0,0.332,0,0.2313,0,3.85
XB-20240270,Peppers,Kano,Abuja,12.0,8.52,9.07,7.4,3480.5,638221.0,450.1,7.81,0.56,8.36,96,0.087,1,25.9,29.7,22,7.7,65.9,fair,1.065,good,1,0.3321,0,0.3486,0,4.79
XB-20240271,Fresh Fish,Lagos,Kaduna,6.52,3.38,10.52,7.44,2700.3,1610125.0,994.5,26.78,2.56,29.34,24,1.223,1,5.1,10.2,4,6.2,59.0,fair,0.952,fair,2,0.5633,1,0.5853,1,6.68
XB-20240272,Fresh Fish,Lagos,Kaduna,6.52,3.38,10.52,7.44,3217.9,1840434.0,811.2,22.43,0.91,23.34,24,0.972,0,35.2,41.2,4,37.2,91.3,poor,2.373,good,1,0.818,1,0.5625,0,6.5
XB-20240273,Dairy,Onitsha,Zaria,6.14,6.79,11.08,7.71,3858.2,1761814.0,687.7,10.88,0.29,11.17,48,0.233,0,37.7,41.2,6,35.2,57.5,fair,1.412,fair,1,0.6406,1,0.5014,0,6.01
XB-20240274,Leafy Greens,Ibadan,Abuja,7.38,3.93,9.07,7.4,715.8,181050.0,658.6,10.57,0.47,11.04,48,0.23,0,35.9,41.9,10,31.9,90.7,poor,2.006,fair,0,0.588,0,0.4582,0,5.67
XB-20240275,Tomatoes,Ibadan,Enugu,7.38,3.93,6.44,7.5,1842.7,707031.0,531.8,9.87,0.81,10.67,72,0.148,1,27.9,31.6,25,6.6,57.6,good,0.0,good,1,0.1993,0,0.3729,0,4.98
XB-20240276,Peppers,Jos,Lagos,9.92,8.89,6.52,3.38,813.5,148838.0,1039.6,23.63,0.05,23.68,96,0.247,0,35.2,39.3,22,17.3,69.4,poor,2.627,fair,0,0.5507,1,0.4802,0,5.84
XB-20240277,Peppers,Lagos,Jos,6.52,3.38,9.92,8.89,4806.8,926059.0,1109.5,18.21,0.78,19.0,96,0.198,0,25.9,31.0,22,9.0,55.3,fair,1.218,good,1,0.6802,1,0.4254,0,5.4
XB-20240278,Dairy,Port Harcourt,Kaduna,4.82,7.04,10.52,7.44,1439.8,649123.0,909.4,16.51,0.89,17.4,48,0.363,0,31.3,37.0,6,31.0,68.3,poor,1.96,good,0,0.7635,1,0.4583,0,5.67
XB-20240279,Dairy,Enugu,Kano,6.44,7.5,12.0,8.52,1401.6,627742.0,870.5,17.8,1.0,18.8,48,0.392,0,34.1,37.0,6,31.0,89.4,fair,0.682,good,0,0.7309,1,0.4461,0,5.57
XB-20240280,Leafy Greens,Onitsha,Kano,6.14,6.79,12.0,8.52,4836.0,1266011.0,1008.5,18.53,0.42,18.95,48,0.395,0,35.5,41.6,10,31.6,77.7,poor,1.157,good,0,0.7109,1,0.5233,1,6.19
XB-20240281,Leafy Greens,Kaduna,Enugu,10.52,7.44,6.44,7.5,697.5,203193.0,548.0,12.46,0.47,12.93,48,0.269,0,37.5,43.4,10,33.4,82.5,good,0.0,fair,2,0.5214,1,0.5894,1,6.72
XB-20240282,Leafy Greens,Abuja,Kano,9.07,7.4,12.0,8.52,4695.2,1400240.0,544.0,9.26,0.34,9.6,48,0.2,0,36.7,40.5,10,30.5,90.2,good,0.0,good,0,0.5996,1,0.4065,0,5.25
XB-20240283,Dairy,Port Harcourt,Abuja,4.82,7.04,9.07,7.4,3625.8,1619728.0,671.9,12.21,0.2,12.41,48,0.259,0,33.0,38.3,6,32.3,86.8,good,0.0,excellent,0,0.4966,0,0.2768,0,4.21
XB-20240284,Dairy,Jos,Kaduna,9.92,8.89,10.52,7.44,4685.2,1852295.0,262.9,4.61,3.02,7.63,48,0.159,0,39.1,46.0,6,40.0,64.6,fair,0.501,poor,2,0.4737,1,0.6629,1,7.3
XB-20240285,Dairy,Lagos,Port Harcourt,6.52,3.38,4.82,7.04,1331.3,583029.0,553.6,9.04,0.2,9.25,48,0.193,0,33.3,36.3,6,30.3,80.9,poor,1.212,good,2,0.5084,0,0.3483,0,4.79
XB-20240286,Peppers,Onitsha,Jos,6.14,6.79,9.92,8.89,1825.3,299347.0,666.2,12.9,1.33,14.23,96,0.148,0,37.6,45.1,22,23.1,88.6,fair,1.028,good,2,0.5377,1,0.532,1,6.26
XB-20240287,Mangoes,Onitsha,Ibadan,6.14,6.79,7.38,3.93,1911.5,378267.0,488.5,7.64,0.71,8.35,96,0.087,1,20.7,27.3,20,7.3,62.6,poor,1.042,good,1,0.2094,0,0.2894,0,4.32
XB-20240288,Mangoes,Enugu,Jos,6.44,7.5,9.92,8.89,1081.1,230099.0,532.3,11.12,0.31,11.43,96,0.119,1,21.1,24.5,20,4.5,59.6,good,0.0,fair,0,0.1529,0,0.3283,0,4.63
XB-20240289,Dairy,Kaduna,Onitsha,10.52,7.44,6.14,6.79,728.4,298774.0,600.9,10.0,3.01,13.0,48,0.271,0,35.9,41.9,6,35.9,62.4,poor,1.39,good,0,0.5556,1,0.3384,0,4.71
XB-20240290,Dairy,Ibadan,Jos,7.38,3.93,9.92,8.89,766.4,338416.0,977.8,25.83,0.04,25.87,48,0.539,1,5.0,11.1,6,5.1,61.4,poor,2.011,fair,0,0.4165,0,0.4573,1,5.66
XB-20240291,Mangoes,Onitsha,Port Harcourt,6.14,6.79,4.82,7.04,2360.3,444183.0,194.5,3.74,1.57,5.31,96,0.055,1,19.7,23.9,20,3.9,60.9,poor,1.02,poor,1,0.2391,0,0.4583,1,5.67
XB-20240292,Mangoes,Kano,Onitsha,12.0,8.52,6.14,6.79,1432.8,263203.0,895.1,23.54,0.33,23.87,96,0.249,0,40.2,46.0,20,26.0,60.2,poor,1.187,poor,1,0.5844,1,0.7172,1,7.74
XB-20240293,Fresh Fish,Enugu,Lagos,6.44,7.5,6.52,3.38,445.9,267340.0,603.8,15.6,0.77,16.37,24,0.682,1,6.8,9.7,4,5.7,68.6,fair,0.651,fair,1,0.346,0,0.4232,0,5.39
XB-20240294,Tomatoes,Abuja,Lagos,9.07,7.4,6.52,3.38,2977.1,1127710.0,705.7,13.67,0.29,13.96,72,0.194,1,26.9,32.8,25,7.8,87.1,poor,2.84,excellent,0,0.5506,0,0.2936,0,4.35
XB-20240295,Fresh Fish,Enugu,Jos,6.44,7.5,9.92,8.89,2872.8,1858789.0,619.2,14.2,0.6,14.79,24,0.616,1,2.2,9.7,4,5.7,79.9,poor,2.766,good,0,0.4492,0,0.2427,0,3.94
XB-20240296,Strawberries,Kaduna,Jos,10.52,7.44,9.92,8.89,1880.0,1632883.0,268.5,7.26,1.2,8.46,36,0.235,0,32.3,39.4,8,31.4,62.2,poor,2.125,fair,1,0.4836,0,0.4967,0,5.97
XB-20240297,Strawberries,Lagos,Enugu,6.52,3.38,6.44,7.5,4829.3,4031765.0,572.3,8.84,1.8,10.63,36,0.295,1,10.2,14.4,8,6.4,55.7,poor,1.043,fair,0,0.4645,0,0.4124,0,5.3
XB-20240298,Fresh Fish,Kano,Lagos,12.0,8.52,6.52,3.38,3696.4,2136441.0,1170.3,25.85,0.32,26.18,24,1.091,0,31.2,33.7,4,29.7,80.3,poor,1.72,excellent,0,0.7317,1,0.2435,0,3.95
XB-20240299,Tomatoes,Enugu,Jos,6.44,7.5,9.92,8.89,3642.5,1284578.0,538.8,10.72,0.42,11.14,72,0.155,0,29.2,32.9,25,7.9,64.2,fair,1.151,fair,0,0.3416,0,0.4667,1,5.73
XB-20240300,Mangoes,Onitsha,Zaria,6.14,6.79,11.08,7.71,4848.4,977547.0,843.6,17.31,4.35,21.66,96,0.226,0,30.8,35.6,20,15.6,63.9,fair,0.955,good,0,0.5913,0,0.3199,0,4.56
XB-20240301,Mangoes,Jos,Onitsha,9.92,8.89,6.14,6.79,1204.9,218777.0,755.1,13.19,2.64,15.83,96,0.165,0,39.0,41.2,20,21.2,64.1,fair,1.129,good,1,0.735,1,0.5239,0,6.19
XB-20240302,Leafy Greens,Kano,Jos,12.0,8.52,9.92,8.89,2313.8,654183.0,323.1,5.49,1.31,6.8,48,0.142,0,32.2,37.3,10,27.3,55.9,fair,0.799,fair,0,0.4687,1,0.4018,0,5.21
XB-20240303,Mangoes,Jos,Onitsha,9.92,8.89,6.14,6.79,4944.2,981969.0,721.8,19.64,0.46,20.1,96,0.209,1,23.7,30.3,20,10.3,64.9,fair,1.221,poor,3,0.2909,0,0.6536,1,7.23
XB-20240304,Strawberries,Kaduna,Jos,10.52,7.44,9.92,8.89,1151.4,855529.0,256.3,3.94,1.46,5.41,36,0.15,1,9.6,11.9,8,3.9,58.5,good,0.0,fair,0,0.0932,0,0.2923,0,4.34
XB-20240305,Leafy Greens,Kano,Abuja,12.0,8.52,9.07,7.4,4289.5,1166603.0,530.6,12.39,4.39,16.78,48,0.35,0,34.4,39.7,10,29.7,79.0,poor,2.244,good,1,0.6791,1,0.4365,0,5.49
XB-20240306,Strawberries,Zaria,Lagos,11.08,7.71,6.52,3.38,2237.0,1866432.0,971.2,18.29,0.53,18.82,36,0.523,1,11.8,14.6,8,6.6,68.8,good,0.0,fair,0,0.1918,0,0.2795,0,4.24
XB-20240307,Dairy,Abuja,Port Harcourt,9.07,7.4,4.82,7.04,4301.7,1872892.0,675.3,18.46,2.29,20.76,48,0.432,0,35.9,41.0,6,35.0,63.6,poor,2.454,poor,0,0.6125,1,0.5667,1,6.53
XB-20240308,Fresh Fish,Port Harcourt,Kano,4.82,7.04,12.0,8.52,4209.2,2457500.0,1215.6,20.18,1.21,21.39,24,0.891,0,39.7,47.0,4,43.0,72.0,fair,0.688,fair,1,0.6435,1,0.5956,1,6.76
XB-20240309,Dairy,Lagos,Kano,6.52,3.38,12.0,8.52,3011.1,1140360.0,1101.6,19.05,1.87,20.92,48,0.436,1,8.5,16.3,6,10.3,63.9,fair,0.684,good,0,0.395,0,0.3305,0,4.64
XB-20240310,Tomatoes,Jos,Onitsha,9.92,8.89,6.14,6.79,576.8,217292.0,681.1,18.24,1.84,20.08,72,0.279,0,36.1,40.3,25,15.3,76.1,poor,2.884,fair,0,0.5462,1,0.577,1,6.62
XB-20240311,Strawberries,Enugu,Jos,6.44,7.5,9.92,8.89,2043.3,1750496.0,574.9,10.0,0.48,10.48,36,0.291,1,11.5,17.0,8,9.0,74.7,fair,0.866,fair,1,0.3792,0,0.3916,0,5.13
XB-20240312,Mangoes,Onitsha,Enugu,6.14,6.79,6.44,7.5,3429.6,690087.0,110.8,2.02,1.34,3.36,96,0.035,1,19.8,25.0,20,5.0,79.1,poor,2.534,poor,0,0.2614,0,0.3964,0,5.17
XB-20240313,Dairy,Abuja,Port Harcourt,9.07,7.4,4.82,7.04,2718.4,1173565.0,673.3,14.92,3.56,18.48,48,0.385,0,33.6,40.4,6,34.4,73.3,poor,1.535,good,2,0.65,1,0.5004,1,6.0
XB-20240314,Leafy Greens,Lagos,Zaria,6.52,3.38,11.08,7.71,3701.2,1048712.0,923.4,20.18,2.48,22.65,48,0.472,1,9.8,12.3,10,2.3,89.5,fair,1.293,good,0,0.3191,0,0.3759,0,5.01
XB-20240315,Mangoes,Kaduna,Lagos,10.52,7.44,6.52,3.38,4403.7,925182.0,889.1,25.03,1.09,26.12,96,0.272,0,35.9,39.7,20,19.7,80.2,good,0.0,fair,0,0.4467,0,0.3638,0,4.91
XB-20240316,Leafy Greens,Kano,Jos,12.0,8.52,9.92,8.89,1614.6,458517.0,339.0,5.91,0.71,6.62,48,0.138,1,12.9,20.5,10,10.5,75.2,fair,1.403,excellent,0,0.4153,0,0.1488,0,3.19
XB-20240317,Mangoes,Jos,Kaduna,9.92,8.89,10.52,7.44,1369.5,272173.0,212.7,4.03,3.27,7.3,96,0.076,0,35.7,42.4,20,22.4,55.6,fair,1.358,good,0,0.4886,1,0.276,0,4.21
XB-20240318,Leafy Greens,Jos,Lagos,9.92,8.89,6.52,3.38,885.7,261091.0,1111.4,18.93,1.53,20.46,48,0.426,0,34.5,41.8,10,31.8,71.1,poor,3.0,fair,0,0.8589,1,0.6618,0,7.29
XB-20240319,Peppers,Jos,Kaduna,9.92,8.89,10.52,7.44,2433.0,399678.0,246.0,4.65,1.38,6.03,96,0.063,1,23.3,28.6,22,6.6,74.2,fair,0.764,good,0,0.3574,0,0.304,0,4.43
XB-20240320,Peppers,Lagos,Zaria,6.52,3.38,11.08,7.71,2851.1,523355.0,933.0,21.58,0.77,22.35,96,0.233,0,38.0,42.5,22,20.5,67.3,good,0.0,fair,0,0.57,1,0.5965,1,6.77
XB-20240321,Dairy,Kano,Enugu,12.0,8.52,6.44,7.5,2911.2,1144382.0,861.1,22.66,0.08,22.75,48,0.474,0,39.6,44.6,6,38.6,57.0,fair,1.436,good,1,0.5274,1,0.4766,0,5.81
XB-20240322,Leafy Greens,Kano,Kaduna,12.0,8.52,10.52,7.44,627.2,176034.0,266.3,4.26,3.52,7.77,48,0.162,1,11.7,14.7,10,4.7,90.8,poor,1.334,excellent,0,0.3747,0,0.1093,0,2.87
XB-20240323,Dairy,Abuja,Zaria,9.07,7.4,11.08,7.71,3091.7,1196522.0,353.4,7.03,1.99,9.03,48,0.188,0,30.5,37.7,6,31.7,85.1,good,0.0,fair,0,0.4919,1,0.4179,0,5.34
XB-20240324,Strawberries,Port Harcourt,Onitsha,4.82,7.04,6.14,6.79,2286.5,1716795.0,198.9,4.88,2.2,7.08,36,0.197,1,7.2,11.2,8,3.2,72.2,poor,2.863,good,0,0.2196,0,0.0255,0,2.2
XB-20240325,Leafy Greens,Lagos,Port Harcourt,6.52,3.38,4.82,7.04,2520.3,650879.0,604.9,15.73,2.43,18.15,48,0.378,0,35.1,41.2,10,31.2,86.8,fair,1.263,fair,0,0.7309,1,0.5271,0,6.22
XB-20240326,Peppers,Port Harcourt,Abuja,4.82,7.04,9.07,7.4,2022.1,382541.0,609.9,11.06,1.14,12.19,96,0.127,1,25.2,28.2,22,6.2,86.5,poor,2.099,fair,0,0.4487,0,0.3664,0,4.93
XB-20240327,Tomatoes,Onitsha,Ibadan,6.14,6.79,7.38,3.93,2480.8,836553.0,420.9,7.26,1.03,8.29,72,0.115,1,28.2,34.2,25,9.2,56.7,fair,1.263,excellent,0,0.3658,1,0.1653,0,3.32
XB-20240328,Fresh Fish,Zaria,Abuja,11.08,7.71,9.07,7.4,4460.2,2751730.0,271.9,5.74,0.52,6.26,24,0.261,1,3.9,11.7,4,7.7,89.5,poor,1.844,fair,2,0.6021,0,0.6949,1,7.56
XB-20240329,Tomatoes,Jos,Abuja,9.92,8.89,9.07,7.4,3427.0,1201520.0,284.8,5.03,0.65,5.68,72,0.079,1,28.3,30.5,25,5.5,84.8,fair,1.355,fair,0,0.2024,0,0.3305,0,4.64
XB-20240330,Peppers,Lagos,Abuja,6.52,3.38,9.07,7.4,3183.2,520130.0,779.4,19.2,2.67,21.87,96,0.228,0,33.3,35.4,22,13.4,63.9,good,0.0,fair,0,0.3324,0,0.4333,0,5.47
XB-20240331,Fresh Fish,Ibadan,Port Harcourt,7.38,3.93,4.82,7.04,4120.6,2699621.0,576.4,9.81,1.39,11.19,24,0.466,0,28.4,36.3,4,32.3,69.2,good,0.0,good,0,0.4562,0,0.4562,0,5.65
XB-20240332,Dairy,Port Harcourt,Abuja,4.82,7.04,9.07,7.4,2095.1,905634.0,619.6,15.68,4.05,19.72,48,0.411,1,4.1,7.4,6,1.4,73.0,poor,2.055,poor,1,0.3413,0,0.5215,0,6.17
XB-20240333,Leafy Greens,Enugu,Jos,6.44,7.5,9.92,8.89,1562.0,431807.0,656.3,12.15,0.9,13.05,48,0.272,1,9.5,17.0,10,7.0,74.3,good,0.0,poor,0,0.2575,0,0.4303,0,5.44
XB-20240334,Strawberries,Lagos,Abuja,6.52,3.38,9.07,7.4,3169.2,2438946.0,634.9,16.9,0.14,17.04,36,0.473,0,33.9,39.4,8,31.4,85.9,good,0.0,poor,0,0.5282,1,0.5709,1,6.57
XB-20240335,Dairy,Onitsha,Enugu,6.14,6.79,6.44,7.5,2196.4,963133.0,110.7,1.77,0.79,2.56,48,0.053,1,9.4,16.3,6,10.3,57.4,fair,1.072,poor,0,0.3658,0,0.4691,0,5.75
XB-20240336,Leafy Greens,Kaduna,Kano,10.52,7.44,12.0,8.52,4736.6,1268597.0,281.6,5.77,1.67,7.44,48,0.155,1,12.4,19.6,10,9.6,78.2,fair,0.626,poor,0,0.4586,0,0.5416,0,6.33
XB-20240337,Dairy,Zaria,Kaduna,11.08,7.71,10.52,7.44,3165.5,1401298.0,96.6,2.53,4.92,7.45,48,0.155,0,30.4,37.3,6,31.3,74.2,fair,0.814,good,1,0.6944,1,0.5702,1,6.56
XB-20240338,Leafy Greens,Zaria,Kaduna,11.08,7.71,10.52,7.44,1360.5,379637.0,103.5,1.68,0.71,2.39,48,0.05,0,29.7,36.3,10,26.3,62.8,fair,0.734,good,1,0.4759,1,0.4144,0,5.32
XB-20240339,Strawberries,Kano,Onitsha,12.0,8.52,6.14,6.79,742.7,624712.0,978.7,16.95,2.49,19.44,36,0.54,0,32.9,36.2,8,28.2,72.2,fair,1.234,fair,1,0.6339,1,0.6131,1,6.91
XB-20240340,Leafy Greens,Ibadan,Port Harcourt,7.38,3.93,4.82,7.04,1019.7,272220.0,677.5,13.48,0.24,13.72,48,0.286,0,34.5,42.0,10,32.0,90.0,good,0.0,good,3,0.5759,0,0.5782,1,6.63
XB-20240341,Fresh Fish,Enugu,Jos,6.44,7.5,9.92,8.89,2472.5,1517070.0,647.0,10.6,1.63,12.22,24,0.509,1,7.4,10.2,4,6.2,74.7,fair,0.547,fair,1,0.3817,0,0.4845,0,5.88
XB-20240342,Leafy Greens,Kano,Port Harcourt,12.0,8.52,4.82,7.04,3657.8,1012809.0,1297.8,30.4,0.32,30.72,48,0.64,0,27.2,34.1,10,24.1,57.9,good,0.0,good,0,0.6081,1,0.4009,0,5.21
XB-20240343,Dairy,Enugu,Lagos,6.44,7.5,6.52,3.38,653.9,288817.0,666.5,12.53,1.27,13.8,48,0.288,1,7.7,11.0,6,5.0,73.7,fair,0.784,poor,2,0.2805,0,0.515,0,6.12
XB-20240344,Dairy,Kano,Abuja,12.0,8.52,9.07,7.4,4837.9,2154484.0,485.5,9.01,0.52,9.53,48,0.198,1,4.4,8.0,6,2.0,81.4,fair,0.902,excellent,0,0.3198,0,0.1405,0,3.12
XB-20240345,Leafy Greens,Zaria,Kaduna,11.08,7.71,10.52,7.44,2325.1,709489.0,99.4,2.35,1.14,3.48,48,0.073,0,37.1,40.3,10,30.3,76.2,good,0.0,poor,1,0.38,0,0.5841,0,6.67
XB-20240346,Peppers,Abuja,Onitsha,9.07,7.4,6.14,6.79,2239.2,373080.0,491.5,12.7,1.45,14.15,96,0.147,0,42.1,47.4,22,25.4,78.9,good,0.0,poor,0,0.411,0,0.5373,0,6.3
XB-20240347,Strawberries,Zaria,Kano,11.08,7.71,12.0,8.52,4278.1,3408867.0,197.5,4.28,1.02,5.29,36,0.147,0,30.8,36.6,8,28.6,58.7,fair,0.621,excellent,0,0.5649,1,0.376,0,5.01
XB-20240348,Dairy,Kaduna,Jos,10.52,7.44,9.92,8.89,2893.5,1260836.0,260.1,5.81,0.15,5.96,48,0.124,0,25.7,30.3,6,24.3,79.0,good,0.0,good,0,0.4851,1,0.3825,0,5.06
XB-20240349,Dairy,Onitsha,Kaduna,6.14,6.79,10.52,7.44,3008.4,1266845.0,670.4,13.44,0.61,14.05,48,0.293,1,6.6,10.7,6,4.7,74.1,fair,1.188,poor,0,0.25,0,0.4152,0,5.32
XB-20240350,Dairy,Abuja,Kaduna,9.07,7.4,10.52,7.44,1965.0,759379.0,203.1,4.59,1.63,6.22,48,0.13,0,26.7,30.0,6,24.0,55.9,poor,1.421,good,0,0.5518,1,0.3378,0,4.7
XB-20240351,Peppers,Kano,Onitsha,12.0,8.52,6.14,6.79,2875.6,492358.0,1024.1,18.78,0.19,18.97,96,0.198,0,33.0,36.6,22,14.6,77.3,poor,2.998,fair,0,0.5151,1,0.4075,0,5.26
XB-20240352,Tomatoes,Jos,Kano,9.92,8.89,12.0,8.52,4205.3,1569867.0,317.8,5.68,0.52,6.2,72,0.086,1,23.1,28.6,25,3.6,80.9,poor,1.28,good,0,0.2227,0,0.224,0,3.79
XB-20240353,Strawberries,Lagos,Kano,6.52,3.38,12.0,8.52,4442.1,3861626.0,1266.3,20.84,1.77,22.61,36,0.628,1,7.3,12.9,8,4.9,73.6,poor,2.905,good,0,0.389,0,0.3355,0,4.68
XB-20240354,Fresh Fish,Enugu,Kano,6.44,7.5,12.0,8.52,1277.0,765241.0,987.8,15.47,2.2,17.67,24,0.736,0,36.2,42.9,4,38.9,67.0,poor,2.316,poor,3,0.7833,1,0.7934,1,8.35
XB-20240355,Dairy,Jos,Kaduna,9.92,8.89,10.52,7.44,3987.4,1624791.0,241.0,5.11,0.75,5.86,48,0.122,1,7.5,15.5,6,9.5,61.2,good,0.0,good,1,0.2445,0,0.393,0,5.14
XB-20240356,Dairy,Port Harcourt,Enugu,4.82,7.04,6.44,7.5,1318.6,561973.0,238.8,4.0,0.04,4.05,48,0.084,0,28.6,32.3,6,26.3,69.5,fair,1.332,good,1,0.4868,0,0.44,0,5.52
XB-20240357,Strawberries,Abuja,Port Harcourt,9.07,7.4,4.82,7.04,2092.8,1507273.0,708.4,18.35,1.15,19.5,36,0.542,0,32.7,35.1,8,27.1,62.1,poor,2.45,poor,0,0.8213,1,0.6507,1,7.21
XB-20240358,Peppers,Kano,Ibadan,12.0,8.52,7.38,3.93,1101.9,203299.0,1104.5,24.49,0.36,24.85,96,0.259,1,25.4,29.8,22,7.8,64.1,fair,0.821,fair,1,0.37,0,0.381,0,5.05
XB-20240359,Fresh Fish,Jos,Kaduna,9.92,8.89,10.52,7.44,898.7,529109.0,251.4,6.55,1.29,7.84,24,0.327,1,7.3,14.3,4,10.3,87.7,poor,1.209,excellent,0,0.5509,1,0.2674,0,4.14
XB-20240360,Fresh Fish,Kaduna,Kano,10.52,7.44,12.0,8.52,2520.9,1568641.0,284.5,4.87,0.03,4.9,24,0.204,0,32.4,39.3,4,35.3,84.9,good,0.0,fair,0,0.5484,0,0.5172,1,6.14
XB-20240361,Dairy,Jos,Kaduna,9.92,8.89,10.52,7.44,3525.4,1590545.0,225.7,4.98,2.2,7.19,48,0.15,0,42.1,47.6,6,41.6,82.7,poor,1.147,excellent,0,0.8431,1,0.5608,1,6.49
XB-20240362,Tomatoes,Onitsha,Lagos,6.14,6.79,6.52,3.38,3179.9,1161722.0,568.4,10.91,2.01,12.92,72,0.18,1,26.5,29.3,25,4.3,72.1,poor,2.795,good,1,0.342,0,0.4462,0,5.57
XB-20240363,Strawberries,Ibadan,Onitsha,7.38,3.93,6.14,6.79,276.1,202853.0,518.5,11.57,0.86,12.44,36,0.345,1,6.3,9.2,8,1.2,80.7,good,0.0,excellent,0,0.2215,0,0.1555,0,3.24
XB-20240364,Strawberries,Onitsha,Kano,6.14,6.79,12.0,8.52,4071.2,3048269.0,1067.9,16.74,0.73,17.47,36,0.485,1,9.4,14.5,8,6.5,81.9,fair,0.663,fair,0,0.4136,0,0.3711,0,4.97
XB-20240365,Fresh Fish,Enugu,Kano,6.44,7.5,12.0,8.52,3503.0,1945486.0,786.3,16.46,0.43,16.89,24,0.704,0,30.4,37.7,4,33.7,88.0,good,0.0,excellent,0,0.8056,1,0.3561,0,4.85
XB-20240366,Dairy,Kaduna,Zaria,10.52,7.44,11.08,7.71,3651.3,1534743.0,105.8,1.88,0.43,2.31,48,0.048,1,4.2,8.2,6,2.2,84.7,poor,2.036,good,0,0.2239,0,0.253,0,4.02
XB-20240367,Dairy,Port Harcourt,Kano,4.82,7.04,12.0,8.52,1252.7,518667.0,1105.5,20.26,1.95,22.21,48,0.463,1,5.0,8.4,6,2.4,64.7,good,0.0,poor,1,0.2563,0,0.4608,0,5.69
XB-20240368,Strawberries,Ibadan,Enugu,7.38,3.93,6.44,7.5,696.3,549406.0,557.0,13.29,1.09,14.38,36,0.399,1,11.4,16.8,8,8.8,68.1,fair,0.912,fair,1,0.3959,0,0.4909,1,5.93
XB-20240369,Mangoes,Abuja,Lagos,9.07,7.4,6.52,3.38,4407.5,821254.0,802.1,16.48,1.4,17.88,96,0.186,0,32.4,37.1,20,17.1,57.5,fair,1.321,fair,1,0.6134,1,0.6322,1,7.06
XB-20240370,Peppers,Port Harcourt,Lagos,4.82,7.04,6.52,3.38,1310.5,218730.0,638.4,15.61,0.09,15.69,96,0.163,1,23.8,27.7,22,5.7,91.0,good,0.0,good,0,0.3256,0,0.2681,0,4.14
XB-20240371,Tomatoes,Lagos,Port Harcourt,6.52,3.38,4.82,7.04,414.9,132259.0,576.4,11.83,1.2,13.03,72,0.181,0,32.0,38.9,25,13.9,62.8,fair,0.817,good,0,0.638,1,0.42,0,5.36
XB-20240372,Peppers,Onitsha,Kaduna,6.14,6.79,10.52,7.44,2194.1,387669.0,687.3,15.36,2.28,17.65,96,0.184,0,32.5,36.3,22,14.3,85.0,good,0.0,fair,1,0.5264,0,0.6119,1,6.9
XB-20240373,Fresh Fish,Abuja,Onitsha,9.07,7.4,6.14,6.79,4865.4,2649221.0,485.4,10.91,0.57,11.48,24,0.478,0,30.7,36.5,4,32.5,58.5,good,0.0,good,1,0.4742,1,0.3954,0,5.16
XB-20240374,Mangoes,Zaria,Onitsha,11.08,7.71,6.14,6.79,4526.0,844364.0,796.1,17.14,0.23,17.37,96,0.181,0,34.8,42.5,20,22.5,57.3,fair,0.557,poor,2,0.5327,1,0.6532,1,7.23
XB-20240375,Mangoes,Port Harcourt,Zaria,4.82,7.04,11.08,7.71,3099.8,674004.0,916.9,21.82,0.13,21.95,96,0.229,1,18.2,25.7,20,5.7,68.0,fair,0.518,good,1,0.2325,0,0.1715,0,3.37
XB-20240376,Peppers,Ibadan,Onitsha,7.38,3.93,6.14,6.79,3342.9,569044.0,504.4,11.67,0.57,12.24,96,0.127,1,21.3,26.0,22,4.0,88.6,good,0.0,fair,0,0.1743,0,0.1703,0,3.36
XB-20240377,Leafy Greens,Lagos,Jos,6.52,3.38,9.92,8.89,4229.2,1171890.0,1050.0,19.41,0.38,19.78,48,0.412,0,38.7,43.5,10,33.5,77.9,fair,1.394,good,2,0.5549,0,0.426,0,5.41
XB-20240378,Fresh Fish,Zaria,Onitsha,11.08,7.71,6.14,6.79,3282.6,1869365.0,850.3,22.21,2.37,24.59,24,1.024,1,7.1,11.2,4,7.2,91.0,poor,1.537,excellent,0,0.6726,1,0.4447,0,5.56
XB-20240379,Strawberries,Ibadan,Kano,7.38,3.93,12.0,8.52,2307.4,1702970.0,1113.0,19.81,3.64,23.45,36,0.651,0,32.4,38.3,8,30.3,67.1,poor,1.245,good,0,0.7166,1,0.4987,1,5.99
XB-20240380,Tomatoes,Onitsha,Lagos,6.14,6.79,6.52,3.38,3717.1,1349339.0,474.8,7.91,0.43,8.34,72,0.116,0,32.2,36.4,25,11.4,73.0,fair,0.642,good,0,0.5815,0,0.4672,0,5.74
XB-20240381,Dairy,Enugu,Abuja,6.44,7.5,9.07,7.4,2327.9,994524.0,379.2,5.9,1.14,7.04,48,0.147,0,28.1,33.6,6,27.6,85.2,poor,1.778,excellent,0,0.507,0,0.1775,0,3.42
XB-20240382,Leafy Greens,Lagos,Kaduna,6.52,3.38,10.52,7.44,1665.0,510381.0,928.8,16.92,0.79,17.7,48,0.369,1,9.5,12.5,10,2.5,74.6,fair,1.129,excellent,0,0.2709,0,0.1135,0,2.91
XB-20240383,Dairy,Lagos,Onitsha,6.52,3.38,6.14,6.79,3994.9,1554883.0,602.3,13.59,1.43,15.03,48,0.313,0,33.6,40.8,6,34.8,70.4,fair,0.536,good,1,0.6489,1,0.4491,0,5.59
XB-20240384,Strawberries,Lagos,Port Harcourt,6.52,3.38,4.82,7.04,1070.0,892297.0,554.7,11.92,0.77,12.69,36,0.352,0,37.0,41.9,8,33.9,68.9,fair,0.552,fair,0,0.4873,1,0.474,0,5.79
XB-20240385,Mangoes,Onitsha,Zaria,6.14,6.79,11.08,7.71,4915.5,923722.0,812.8,20.83,0.09,20.92,96,0.218,0,32.5,34.5,20,14.5,63.3,fair,1.491,good,0,0.4177,1,0.2365,0,3.89
XB-20240386,Leafy Greens,Lagos,Kaduna,6.52,3.38,10.52,7.44,2013.4,543090.0,786.5,14.22,0.51,14.73,48,0.307,0,27.5,35.1,10,25.1,69.0,fair,0.755,excellent,0,0.4491,1,0.1735,0,3.39
XB-20240387,Fresh Fish,Zaria,Port Harcourt,11.08,7.71,4.82,7.04,2021.4,1214438.0,1091.4,21.04,0.56,21.6,24,0.9,1,7.2,10.4,4,6.4,58.6,poor,1.7,good,0,0.5003,1,0.3924,0,5.14
XB-20240388,Dairy,Port Harcourt,Zaria,4.82,7.04,11.08,7.71,733.0,304322.0,1063.1,24.96,3.6,28.56,48,0.595,1,4.0,8.0,6,2.0,79.4,poor,1.907,fair,0,0.6105,1,0.4986,0,5.99
XB-20240389,Leafy Greens,Lagos,Port Harcourt,6.52,3.38,4.82,7.04,696.2,182490.0,580.5,14.92,0.6,15.52,48,0.323,1,10.9,18.3,10,8.3,56.3,fair,1.097,fair,1,0.3263,0,0.4285,0,5.43
XB-20240390,Strawberries,Jos,Abuja,9.92,8.89,9.07,7.4,361.5,268456.0,282.6,5.31,0.3,5.6,36,0.156,1,10.3,17.2,8,9.2,84.5,good,0.0,fair,1,0.4376,0,0.477,0,5.82
XB-20240391,Mangoes,Enugu,Ibadan,6.44,7.5,7.38,3.93,336.0,71620.0,645.2,11.0,0.45,11.45,96,0.119,0,30.4,32.7,20,12.7,62.4,good,0.0,good,0,0.3032,0,0.241,0,3.93
XB-20240392,Tomatoes,Enugu,Onitsha,6.44,7.5,6.14,6.79,3784.4,1419303.0,115.3,2.31,0.21,2.52,72,0.035,0,27.9,34.9,25,9.9,59.7,poor,2.728,good,1,0.503,0,0.5033,0,6.03
XB-20240393,Leafy Greens,Zaria,Jos,11.08,7.71,9.92,8.89,3118.2,886331.0,254.4,6.37,0.2,6.57,48,0.137,1,13.3,15.5,10,5.5,82.1,poor,1.196,good,2,0.2914,0,0.3513,0,4.81
XB-20240394,Tomatoes,Kaduna,Enugu,10.52,7.44,6.44,7.5,1936.5,611399.0,725.9,13.5,1.83,15.32,72,0.213,0,40.7,47.9,25,22.9,71.6,good,0.0,fair,1,0.3463,0,0.4231,0,5.38
XB-20240395,Dairy,Onitsha,Jos,6.14,6.79,9.92,8.89,1019.3,442033.0,641.0,10.58,0.45,11.03,48,0.23,0,40.7,43.2,6,37.2,77.4,good,0.0,fair,2,0.3525,0,0.5556,0,6.45
XB-20240396,Mangoes,Enugu,Onitsha,6.44,7.5,6.14,6.79,217.9,41318.0,130.7,2.6,0.72,3.32,96,0.035,1,20.1,24.8,20,4.8,59.9,good,0.0,good,1,0.1425,0,0.1885,0,3.51
XB-20240397,Strawberries,Enugu,Abuja,6.44,7.5,9.07,7.4,4932.1,3794681.0,382.6,9.83,0.33,10.17,36,0.282,0,26.4,33.6,8,25.6,90.6,good,0.0,excellent,0,0.4802,1,0.3479,0,4.78
XB-20240398,Fresh Fish,Jos,Enugu,9.92,8.89,6.44,7.5,3507.7,2132025.0,542.6,8.93,0.19,9.12,24,0.38,0,35.8,40.4,4,36.4,90.0,good,0.0,good,1,0.5371,0,0.4186,0,5.35
XB-20240399,Strawberries,Port Harcourt,Kaduna,4.82,7.04,10.52,7.44,3134.5,2740344.0,873.4,23.07,0.03,23.1,36,0.642,1,11.4,17.8,8,9.8,80.1,fair,1.282,excellent,0,0.5515,1,0.2159,0,3.73
XB-20240400,Dairy,Abuja,Kaduna,9.07,7.4,10.52,7.44,286.6,130818.0,199.5,5.31,2.41,7.71,48,0.161,0,37.3,44.5,6,38.5,65.6,fair,0.927,excellent,0,0.7087,1,0.418,0,5.34
XB-20240401,Mangoes,Kaduna,Kano,10.52,7.44,12.0,8.52,4847.4,1051484.0,291.1,4.73,0.9,5.63,96,0.059,0,27.7,32.6,20,12.6,64.7,fair,0.663,good,1,0.3943,1,0.4791,0,5.83
XB-20240402,Peppers,Port Harcourt,Kaduna,4.82,7.04,10.52,7.44,655.6,115405.0,923.8,19.57,1.29,20.86,96,0.217,1,21.7,29.4,22,7.4,82.2,fair,1.317,excellent,0,0.349,0,0.0722,0,2.58
XB-20240403,Mangoes,Onitsha,Kano,6.14,6.79,12.0,8.52,4965.6,1005633.0,926.6,20.28,0.51,20.79,96,0.217,1,20.5,28.3,20,8.3,80.3,poor,1.585,excellent,0,0.4862,0,0.1825,0,3.46
XB-20240404,Peppers,Jos,Kaduna,9.92,8.89,10.52,7.44,1489.2,287410.0,218.6,5.89,1.7,7.59,96,0.079,1,20.4,24.0,22,2.0,83.4,poor,1.443,good,0,0.1936,0,0.2016,0,3.61
XB-20240405,Peppers,Ibadan,Abuja,7.38,3.93,9.07,7.4,3346.2,543125.0,636.1,10.13,0.1,10.23,96,0.107,1,20.0,25.0,22,3.0,82.9,poor,2.759,good,0,0.3758,1,0.2149,0,3.72
XB-20240406,Leafy Greens,Onitsha,Port Harcourt,6.14,6.79,4.82,7.04,709.2,187985.0,204.5,3.22,4.77,7.99,48,0.166,1,9.0,16.9,10,6.9,61.7,fair,1.348,excellent,0,0.3496,0,0.2158,0,3.73
XB-20240407,Mangoes,Ibadan,Onitsha,7.38,3.93,6.14,6.79,4494.1,906462.0,506.4,7.87,2.49,10.36,96,0.108,0,36.2,41.2,20,21.2,87.8,fair,0.879,good,0,0.572,1,0.5649,0,6.52
XB-20240408,Strawberries,Kano,Kaduna,12.0,8.52,10.52,7.44,4811.5,3848849.0,258.8,6.75,0.87,7.62,36,0.212,0,38.5,43.4,8,35.4,91.0,good,0.0,poor,1,0.5485,1,0.6353,1,7.08
XB-20240409,Strawberries,Enugu,Abuja,6.44,7.5,9.07,7.4,488.4,377046.0,415.1,10.56,1.86,12.42,36,0.345,0,29.5,31.6,8,23.6,84.9,good,0.0,good,0,0.5377,1,0.3534,0,4.83
XB-20240410,Leafy Greens,Enugu,Zaria,6.44,7.5,11.08,7.71,257.9,72496.0,783.1,14.73,4.94,19.67,48,0.41,0,34.9,41.9,10,31.9,67.0,good,0.0,good,1,0.6154,1,0.5254,1,6.2
XB-20240411,Strawberries,Enugu,Port Harcourt,6.44,7.5,4.82,7.04,4257.1,3422989.0,280.2,5.03,3.22,8.25,36,0.229,0,33.0,39.5,8,31.5,63.1,fair,1.366,fair,0,0.5242,1,0.3904,0,5.12
XB-20240412,Tomatoes,Zaria,Jos,11.08,7.71,9.92,8.89,4914.0,1682428.0,252.1,6.74,0.14,6.88,72,0.096,0,29.2,31.5,25,6.5,74.1,fair,0.65,excellent,0,0.2413,0,0.1345,0,3.08
XB-20240413,Strawberries,Kaduna,Kano,10.52,7.44,12.0,8.52,1934.1,1458562.0,256.9,5.52,2.02,7.54,36,0.209,1,6.7,13.5,8,5.5,64.4,good,0.0,excellent,0,0.1673,0,0.0997,0,2.8
XB-20240414,Peppers,Onitsha,Kaduna,6.14,6.79,10.52,7.44,3583.0,624197.0,598.0,15.6,0.49,16.09,96,0.168,0,26.5,33.3,22,11.3,66.8,good,0.0,good,0,0.4492,1,0.3162,0,4.53
XB-20240415,Fresh Fish,Kano,Onitsha,12.0,8.52,6.14,6.79,1752.7,951349.0,984.8,19.69,0.99,20.68,24,0.862,1,5.0,9.0,4,5.0,60.4,fair,1.253,good,0,0.3527,0,0.281,0,4.25
XB-20240416,Fresh Fish,Onitsha,Kano,6.14,6.79,12.0,8.52,3013.7,1756578.0,894.3,17.1,0.63,17.72,24,0.739,1,2.8,5.2,4,1.2,87.5,fair,1.15,good,0,0.3084,0,0.1791,0,3.43
XB-20240417,Dairy,Lagos,Zaria,6.52,3.38,11.08,7.71,3004.3,1367838.0,920.2,25.23,1.28,26.51,48,0.552,0,31.1,37.1,6,31.1,71.2,good,0.0,good,0,0.5968,1,0.3345,0,4.68
XB-20240418,Strawberries,Ibadan,Enugu,7.38,3.93,6.44,7.5,4122.1,3535770.0,563.3,10.54,0.02,10.55,36,0.293,0,32.0,37.4,8,29.4,79.0,fair,1.417,excellent,0,0.5362,1,0.2278,0,3.82
XB-20240419,Mangoes,Kano,Enugu,12.0,8.52,6.44,7.5,2822.8,548329.0,762.5,21.65,0.09,21.75,96,0.227,1,19.1,23.5,20,3.5,61.5,poor,1.596,good,0,0.0955,0,0.1665,0,3.33
XB-20240420,Strawberries,Abuja,Port Harcourt,9.07,7.4,4.82,7.04,4385.0,3639427.0,638.1,16.64,0.24,16.88,36,0.469,1,6.2,13.0,8,5.0,55.7,poor,1.288,poor,2,0.3792,0,0.6306,1,7.04
XB-20240421,Tomatoes,Kano,Zaria,12.0,8.52,11.08,7.71,792.6,304054.0,194.1,4.15,0.39,4.53,72,0.063,1,26.7,32.5,25,7.5,58.3,poor,1.779,good,0,0.3936,0,0.2786,0,4.23
XB-20240422,Peppers,Onitsha,Ibadan,6.14,6.79,7.38,3.93,4938.0,898951.0,521.2,12.03,0.76,12.79,96,0.133,1,24.6,31.9,22,9.9,56.0,fair,0.714,good,1,0.4618,0,0.4726,0,5.78
XB-20240423,Mangoes,Kano,Kaduna,12.0,8.52,10.52,7.44,2242.7,452980.0,285.9,5.16,1.4,6.57,96,0.068,1,19.0,25.2,20,5.2,78.9,fair,0.873,good,1,0.4201,0,0.3239,0,4.59
XB-20240424,Strawberries,Ibadan,Lagos,7.38,3.93,6.52,3.38,1410.5,1061515.0,159.1,3.52,0.97,4.49,36,0.125,1,7.0,14.9,8,6.9,59.0,poor,2.827,good,1,0.2082,0,0.3423,0,4.74
XB-20240425,Mangoes,Port Harcourt,Zaria,4.82,7.04,11.08,7.71,2399.8,495257.0,1053.0,16.87,0.14,17.01,96,0.177,0,29.4,35.5,20,15.5,84.4,good,0.0,excellent,0,0.5631,0,0.3651,0,4.92
XB-20240426,Leafy Greens,Onitsha,Lagos,6.14,6.79,6.52,3.38,1946.7,581413.0,497.8,10.24,1.91,12.14,48,0.253,1,12.4,15.7,10,5.7,60.4,fair,1.476,good,0,0.3026,0,0.3318,0,4.65
XB-20240427,Peppers,Lagos,Jos,6.52,3.38,9.92,8.89,735.7,141415.0,1091.5,16.81,0.52,17.33,96,0.181,1,24.3,28.0,22,6.0,76.5,poor,2.624,fair,1,0.1666,0,0.3685,0,4.95
XB-20240428,Dairy,Lagos,Kano,6.52,3.38,12.0,8.52,713.0,309071.0,1245.9,20.74,1.9,22.64,48,0.472,0,28.0,35.6,6,29.6,81.1,poor,2.589,fair,0,0.7638,1,0.6662,1,7.33
XB-20240429,Fresh Fish,Ibadan,Kaduna,7.38,3.93,10.52,7.44,540.9,323764.0,702.9,12.54,1.08,13.62,24,0.567,0,34.4,41.2,4,37.2,67.0,poor,1.271,good,0,0.5369,0,0.4122,0,5.3
XB-20240430,Strawberries,Onitsha,Ibadan,6.14,6.79,7.38,3.93,2483.1,2027361.0,419.3,6.49,4.17,10.66,36,0.296,0,34.1,38.9,8,30.9,79.3,poor,1.786,poor,1,0.691,1,0.7161,1,7.73
XB-20240431,Fresh Fish,Onitsha,Abuja,6.14,6.79,9.07,7.4,2850.7,1765466.0,432.8,9.68,0.98,10.67,24,0.445,0,37.3,41.7,4,37.7,68.1,fair,0.909,good,0,0.6066,1,0.4026,0,5.22
XB-20240432,Fresh Fish,Enugu,Port Harcourt,6.44,7.5,4.82,7.04,2128.6,1381633.0,248.5,4.59,2.2,6.79,24,0.283,1,6.9,14.0,4,10.0,61.4,fair,0.786,good,1,0.3318,0,0.2814,0,4.25
XB-20240433,Strawberries,Ibadan,Jos,7.38,3.93,9.92,8.89,2260.7,1775280.0,738.9,19.23,1.69,20.92,36,0.581,0,33.3,39.7,8,31.7,55.0,poor,2.628,poor,0,0.7601,1,0.7892,1,8.31
XB-20240434,Mangoes,Zaria,Ibadan,11.08,7.71,7.38,3.93,2605.4,540558.0,795.6,13.54,1.31,14.85,96,0.155,0,37.0,39.1,20,19.1,67.2,fair,1.411,fair,0,0.4658,1,0.4853,1,5.88
XB-20240435,Strawberries,Kaduna,Ibadan,10.52,7.44,7.38,3.93,4473.5,3495698.0,728.4,12.76,0.97,13.73,36,0.381,1,8.7,15.1,8,7.1,68.6,good,0.0,good,1,0.5029,0,0.4826,0,5.86
XB-20240436,Tomatoes,Lagos,Kaduna,6.52,3.38,10.52,7.44,4196.5,1439948.0,806.4,14.27,3.14,17.41,72,0.242,1,27.5,31.7,25,6.7,91.6,fair,0.755,fair,0,0.5089,1,0.487,0,5.9
XB-20240437,Mangoes,Port Harcourt,Kaduna,4.82,7.04,10.52,7.44,1254.2,259737.0,799.5,13.84,0.38,14.23,96,0.148,1,23.9,29.7,20,9.7,65.3,poor,2.787,good,2,0.3413,0,0.4773,0,5.82
XB-20240438,Mangoes,Abuja,Lagos,9.07,7.4,6.52,3.38,2443.0,495793.0,738.7,15.28,1.66,16.94,96,0.176,0,33.0,38.2,20,18.2,58.3,good,0.0,good,0,0.4774,0,0.4341,0,5.47
XB-20240439,Strawberries,Abuja,Kaduna,9.07,7.4,10.52,7.44,2864.0,2476440.0,216.1,4.07,1.02,5.09,36,0.141,0,33.6,39.3,8,31.3,73.5,poor,1.925,excellent,0,0.5002,0,0.23,0,3.84
XB-20240440,Dairy,Kano,Enugu,12.0,8.52,6.44,7.5,3236.8,1488903.0,846.7,19.11,0.93,20.03,48,0.417,0,34.5,41.6,6,35.6,83.2,good,0.0,fair,3,0.6492,1,0.7041,1,7.63
XB-20240441,Fresh Fish,Enugu,Jos,6.44,7.5,9.92,8.89,1062.1,667228.0,638.4,15.7,0.18,15.88,24,0.662,0,36.7,40.2,4,36.2,77.8,fair,1.133,poor,0,0.708,1,0.8247,1,8.6
XB-20240442,Strawberries,Lagos,Port Harcourt,6.52,3.38,4.82,7.04,1643.1,1335044.0,541.6,11.7,1.15,12.85,36,0.357,0,36.2,39.8,8,31.8,72.1,fair,1.449,poor,0,0.5146,1,0.6433,1,7.15
XB-20240443,Strawberries,Kano,Port Harcourt,12.0,8.52,4.82,7.04,3497.3,2682534.0,1136.9,21.95,0.54,22.49,36,0.625,1,7.4,12.6,8,4.6,62.4,fair,0.657,fair,1,0.2996,0,0.413,0,5.3
XB-20240444,Dairy,Kaduna,Onitsha,10.52,7.44,6.14,6.79,1222.7,525447.0,692.6,14.97,6.22,21.19,48,0.442,1,7.7,13.1,6,7.1,57.2,fair,1.425,good,0,0.5985,1,0.4396,0,5.52
XB-20240445,Peppers,Kaduna,Lagos,10.52,7.44,6.52,3.38,4866.4,790858.0,936.2,17.65,1.24,18.89,96,0.197,1,24.8,32.1,22,10.1,65.5,fair,0.855,excellent,0,0.4577,1,0.26,0,4.08
XB-20240446,Fresh Fish,Lagos,Kaduna,6.52,3.38,10.52,7.44,2537.7,1617977.0,869.1,13.66,3.9,17.56,24,0.732,0,31.5,37.6,4,33.6,87.7,good,0.0,fair,2,0.5749,1,0.6005,1,6.8
XB-20240447,Tomatoes,Ibadan,Onitsha,7.38,3.93,6.14,6.79,213.0,73533.0,499.5,9.97,1.52,11.49,72,0.16,1,24.0,31.0,25,6.0,76.2,fair,0.71,excellent,0,0.2291,0,0.0667,0,2.53
XB-20240448,Peppers,Kano,Kaduna,12.0,8.52,10.52,7.44,624.9,114935.0,319.8,7.33,0.26,7.59,96,0.079,0,34.0,36.5,22,14.5,80.8,fair,0.689,good,1,0.3774,0,0.2981,0,4.38
XB-20240449,Dairy,Kaduna,Port Harcourt,10.52,7.44,4.82,7.04,4476.0,1727427.0,854.8,13.22,4.47,17.68,48,0.368,1,6.2,13.2,6,7.2,70.5,fair,1.134,fair,0,0.3161,0,0.3804,0,5.04
XB-20240450,Mangoes,Lagos,Kaduna,6.52,3.38,10.52,7.44,2364.4,503788.0,792.9,20.9,1.83,22.72,96,0.237,1,23.6,27.1,20,7.1,78.8,fair,1.007,fair,2,0.4095,0,0.4656,1,5.72
XB-20240451,Strawberries,Enugu,Abuja,6.44,7.5,9.07,7.4,1694.6,1456490.0,409.3,10.32,0.35,10.66,36,0.296,0,29.2,32.7,8,24.7,60.8,poor,1.811,good,0,0.6339,1,0.3742,0,4.99
XB-20240452,Dairy,Abuja,Onitsha,9.07,7.4,6.14,6.79,2649.0,1029779.0,501.3,8.77,0.76,9.53,48,0.198,1,7.0,11.0,6,5.0,64.0,fair,0.519,fair,0,0.2379,0,0.3903,0,5.12
XB-20240453,Leafy Greens,Ibadan,Port Harcourt,7.38,3.93,4.82,7.04,4324.1,1202891.0,572.3,12.14,0.9,13.04,48,0.272,0,38.5,44.7,10,34.7,65.7,good,0.0,good,0,0.5636,1,0.3783,0,5.03
XB-20240454,Fresh Fish,Ibadan,Onitsha,7.38,3.93,6.14,6.79,2050.3,1146071.0,445.7,7.98,0.17,8.15,24,0.339,0,30.7,32.9,4,28.9,72.9,fair,0.822,excellent,0,0.5274,1,0.3295,0,4.64
XB-20240455,Tomatoes,Onitsha,Port Harcourt,6.14,6.79,4.82,7.04,977.1,324837.0,211.0,5.05,1.1,6.15,72,0.085,0,39.5,42.6,25,17.6,78.7,poor,2.12,good,0,0.6196,1,0.3517,0,4.81
XB-20240456,Leafy Greens,Ibadan,Onitsha,7.38,3.93,6.14,6.79,4750.7,1215456.0,468.4,9.33,0.6,9.92,48,0.207,0,31.1,36.4,10,26.4,71.7,fair,0.798,good,2,0.4778,1,0.4577,0,5.66
XB-20240457,Strawberries,Zaria,Abuja,11.08,7.71,9.07,7.4,2124.1,1599589.0,338.5,8.26,1.06,9.32,36,0.259,0,40.6,45.6,8,37.6,90.7,poor,2.73,good,0,0.7238,1,0.3905,0,5.12
XB-20240458,Strawberries,Lagos,Kaduna,6.52,3.38,10.52,7.44,1504.9,1124414.0,760.6,13.45,2.21,15.65,36,0.435,0,33.2,41.0,8,33.0,85.4,good,0.0,excellent,0,0.6525,1,0.3141,0,4.51
XB-20240459,Peppers,Kaduna,Ibadan,10.52,7.44,7.38,3.93,2648.3,488320.0,749.9,16.0,2.19,18.2,96,0.19,1,23.1,30.1,22,8.1,79.4,fair,1.17,fair,3,0.5,0,0.6659,1,7.33
XB-20240460,Tomatoes,Kano,Lagos,12.0,8.52,6.52,3.38,4708.4,1483798.0,1061.8,18.7,1.61,20.31,72,0.282,0,31.7,38.6,25,13.6,56.7,poor,1.534,good,1,0.6565,1,0.4361,0,5.49
XB-20240461,Fresh Fish,Onitsha,Port Harcourt,6.14,6.79,4.82,7.04,1953.2,1146774.0,203.7,3.65,4.17,7.82,24,0.326,0,34.5,38.0,4,34.0,74.1,good,0.0,good,0,0.5673,0,0.3203,0,4.56
XB-20240462,Mangoes,Jos,Zaria,9.92,8.89,11.08,7.71,1665.7,328421.0,228.5,5.18,0.44,5.62,96,0.059,0,33.6,37.1,20,17.1,79.5,good,0.0,good,2,0.3045,0,0.3864,0,5.09
XB-20240463,Strawberries,Port Harcourt,Onitsha,4.82,7.04,6.14,6.79,4903.9,4223006.0,191.1,3.66,0.76,4.42,36,0.123,1,7.5,13.8,8,5.8,77.3,poor,1.1,excellent,0,0.2597,0,0.2014,0,3.61
XB-20240464,Peppers,Enugu,Abuja,6.44,7.5,9.07,7.4,753.9,133176.0,447.6,7.41,0.69,8.09,96,0.084,0,33.6,36.0,22,14.0,76.2,poor,1.963,excellent,0,0.5477,1,0.2183,0,3.75
XB-20240465,Leafy Greens,Kano,Enugu,12.0,8.52,6.44,7.5,3526.3,889611.0,921.2,19.26,0.33,19.59,48,0.408,0,28.4,32.1,10,22.1,74.1,fair,0.71,good,0,0.5651,0,0.3492,0,4.79
XB-20240466,Peppers,Kano,Jos,12.0,8.52,9.92,8.89,4829.1,820073.0,334.9,5.93,0.69,6.63,96,0.069,1,23.3,26.6,22,4.6,62.4,poor,2.603,fair,2,0.2851,0,0.4541,0,5.63
XB-20240467,Mangoes,Ibadan,Kaduna,7.38,3.93,10.52,7.44,4824.7,1044123.0,817.6,15.16,1.3,16.46,96,0.172,1,18.8,25.3,20,5.3,72.4,good,0.0,poor,2,0.1744,0,0.5226,0,6.18
XB-20240468,Tomatoes,Ibadan,Lagos,7.38,3.93,6.52,3.38,3926.7,1322500.0,181.2,3.48,5.99,9.47,72,0.132,0,41.4,47.1,25,22.1,58.1,poor,2.354,excellent,0,0.5983,1,0.2901,0,4.32
XB-20240469,Peppers,Lagos,Ibadan,6.52,3.38,7.38,3.93,4654.9,842955.0,155.9,3.42,2.39,5.81,96,0.061,1,24.3,31.1,22,9.1,84.3,poor,2.573,fair,1,0.3653,0,0.4871,1,5.9
XB-20240470,Strawberries,Port Harcourt,Lagos,4.82,7.04,6.52,3.38,4191.7,3643396.0,548.2,9.53,2.78,12.31,36,0.342,0,36.4,40.8,8,32.8,77.8,good,0.0,fair,0,0.5727,1,0.5174,0,6.14
XB-20240471,Tomatoes,Onitsha,Enugu,6.14,6.79,6.44,7.5,2461.3,916382.0,122.2,3.16,2.92,6.08,72,0.084,0,33.4,37.7,25,12.7,67.3,good,0.0,good,1,0.4352,0,0.4306,0,5.45
XB-20240472,Strawberries,Abuja,Kano,9.07,7.4,12.0,8.52,354.4,290580.0,546.8,11.51,1.23,12.74,36,0.354,1,9.6,16.1,8,8.1,89.6,fair,0.512,excellent,0,0.5156,0,0.2931,0,4.34
XB-20240473,Leafy Greens,Jos,Kano,9.92,8.89,12.0,8.52,4496.5,1299121.0,373.4,8.23,3.36,11.6,48,0.242,1,8.6,16.1,10,6.1,60.2,good,0.0,fair,1,0.1508,0,0.3316,0,4.65
XB-20240474,Leafy Greens,Port Harcourt,Abuja,4.82,7.04,9.07,7.4,1836.9,482205.0,668.7,11.21,3.69,14.91,48,0.311,0,39.4,42.1,10,32.1,77.5,poor,1.906,good,1,0.6471,1,0.4518,0,5.61
XB-20240475,Tomatoes,Lagos,Zaria,6.52,3.38,11.08,7.71,4562.4,1443904.0,850.1,18.71,1.9,20.61,72,0.286,0,32.3,34.6,25,9.6,59.0,fair,0.812,good,0,0.5473,0,0.3686,0,4.95
XB-20240476,Leafy Greens,Kano,Lagos,12.0,8.52,6.52,3.38,4866.1,1394531.0,1085.5,16.84,0.62,17.46,48,0.364,0,31.6,35.2,10,25.2,73.9,fair,0.668,good,0,0.5636,1,0.4952,1,5.96
XB-20240477,Dairy,Lagos,Onitsha,6.52,3.38,6.14,6.79,3820.6,1450752.0,594.0,13.98,3.32,17.3,48,0.36,0,28.6,35.7,6,29.7,77.2,fair,1.494,good,0,0.731,1,0.4851,0,5.88
XB-20240478,Mangoes,Zaria,Onitsha,11.08,7.71,6.14,6.79,4592.2,985988.0,677.4,14.69,0.11,14.8,96,0.154,0,34.4,41.5,20,21.5,86.3,fair,0.677,good,0,0.8005,1,0.4523,0,5.62
XB-20240479,Strawberries,Ibadan,Kano,7.38,3.93,12.0,8.52,2856.9,2338634.0,900.4,18.29,0.75,19.04,36,0.529,0,23.8,28.8,8,20.8,71.9,fair,0.64,good,0,0.545,1,0.488,0,5.9
XB-20240480,Tomatoes,Ibadan,Zaria,7.38,3.93,11.08,7.71,2004.6,721265.0,826.9,16.59,2.84,19.43,72,0.27,0,26.4,29.2,25,4.2,78.3,fair,0.519,poor,0,0.4643,0,0.5531,1,6.42
XB-20240481,Strawberries,Ibadan,Lagos,7.38,3.93,6.52,3.38,1216.6,1041657.0,159.5,3.34,4.9,8.24,36,0.229,0,33.9,39.0,8,31.0,86.5,fair,1.397,poor,3,0.7985,1,0.8376,1,8.7
XB-20240482,Leafy Greens,Zaria,Kaduna,11.08,7.71,10.52,7.44,3592.6,1064352.0,100.1,2.45,0.46,2.91,48,0.061,0,28.3,35.5,10,25.5,72.5,poor,2.161,fair,0,0.4834,0,0.4884,1,5.91
XB-20240483,Peppers,Abuja,Ibadan,9.07,7.4,7.38,3.93,822.9,155522.0,556.1,14.64,2.74,17.38,96,0.181,0,31.9,35.3,22,13.3,88.1,good,0.0,good,0,0.6117,1,0.4293,1,5.43
XB-20240484,Fresh Fish,Port Harcourt,Enugu,4.82,7.04,6.44,7.5,2366.4,1386964.0,228.7,4.77,5.81,10.58,24,0.441,1,4.9,10.6,4,6.6,85.7,fair,0.93,good,0,0.514,0,0.3466,0,4.77
XB-20240485,Mangoes,Kaduna,Zaria,10.52,7.44,11.08,7.71,4439.0,901474.0,97.1,2.13,2.58,4.71,96,0.049,0,30.6,33.6,20,13.6,64.3,poor,2.612,good,0,0.5746,1,0.3622,0,4.9
XB-20240486,Dairy,Enugu,Lagos,6.44,7.5,6.52,3.38,1125.5,462231.0,597.6,9.45,0.84,10.29,48,0.214,0,27.7,34.5,6,28.5,64.4,fair,1.287,poor,0,0.6386,1,0.6472,1,7.18
XB-20240487,Strawberries,Enugu,Zaria,6.44,7.5,11.08,7.71,998.8,844794.0,688.7,16.2,0.81,17.01,36,0.473,1,6.8,12.2,8,4.2,60.3,poor,2.81,good,0,0.213,0,0.1004,0,2.8
XB-20240488,Tomatoes,Onitsha,Abuja,6.14,6.79,9.07,7.4,2290.4,733083.0,413.4,7.06,0.71,7.77,72,0.108,1,28.3,35.6,25,10.6,90.4,poor,1.004,good,1,0.7108,1,0.4246,0,5.4
XB-20240489,Strawberries,Jos,Ibadan,9.92,8.89,7.38,3.93,1056.3,847258.0,882.1,14.84,2.25,17.09,36,0.475,0,38.9,42.4,8,34.4,86.9,poor,1.388,excellent,0,0.9073,1,0.4895,1,5.92
XB-20240490,Tomatoes,Enugu,Ibadan,6.44,7.5,7.38,3.93,4852.4,1735255.0,571.7,12.17,1.55,13.72,72,0.191,1,26.4,28.7,25,3.7,61.5,poor,2.126,poor,0,0.2011,0,0.3637,0,4.91
XB-20240491,Strawberries,Onitsha,Abuja,6.14,6.79,9.07,7.4,1518.7,1210072.0,473.6,8.26,0.34,8.6,36,0.239,1,10.5,17.6,8,9.6,68.9,fair,1.389,poor,4,0.2771,0,0.626,0,7.01
XB-20240492,Mangoes,Kaduna,Lagos,10.52,7.44,6.52,3.38,3637.2,712065.0,795.0,14.37,0.97,15.34,96,0.16,0,30.4,34.6,20,14.6,55.7,fair,1.005,good,2,0.4926,1,0.3668,0,4.93
XB-20240493,Mangoes,Lagos,Ibadan,6.52,3.38,7.38,3.93,4068.5,753838.0,164.2,2.91,0.86,3.77,96,0.039,1,20.9,25.1,20,5.1,64.3,fair,1.269,good,0,0.1205,0,0.0716,0,2.57
XB-20240494,Dairy,Abuja,Kano,9.07,7.4,12.0,8.52,3612.5,1457700.0,450.4,8.96,2.06,11.02,48,0.23,0,37.2,43.9,6,37.9,63.0,good,0.0,excellent,0,0.5651,0,0.339,0,4.71
XB-20240495,Tomatoes,Zaria,Onitsha,11.08,7.71,6.14,6.79,1769.5,612199.0,850.7,15.64,1.02,16.66,72,0.231,0,36.1,41.3,25,16.3,80.1,poor,1.865,good,1,0.6942,1,0.5637,0,6.51
XB-20240496,Tomatoes,Abuja,Onitsha,9.07,7.4,6.14,6.79,215.2,82257.0,456.1,8.64,2.57,11.21,72,0.156,0,31.1,34.1,25,9.1,66.5,fair,1.159,fair,1,0.5817,1,0.4253,0,5.4
XB-20240497,Strawberries,Onitsha,Abuja,6.14,6.79,9.07,7.4,3608.1,2609421.0,467.0,8.96,0.61,9.58,36,0.266,1,11.6,16.8,8,8.8,91.9,fair,1.044,good,0,0.3815,0,0.2167,0,3.73
XB-20240498,Strawberries,Abuja,Kaduna,9.07,7.4,10.52,7.44,4887.1,4223907.0,211.1,5.44,2.6,8.04,36,0.223,1,8.8,14.2,8,6.2,74.6,fair,0.575,poor,1,0.361,0,0.6242,1,6.99
XB-20240499,Fresh Fish,Kaduna,Onitsha,10.52,7.44,6.14,6.79,3464.7,1894506.0,698.6,13.46,0.35,13.81,24,0.575,0,33.0,37.5,4,33.5,90.6,good,0.0,fair,1,0.6386,1,0.6637,1,7.31
XB-20240500,Tomatoes,Abuja,Port Harcourt,9.07,7.4,4.82,7.04,2588.4,816510.0,594.6,15.53,1.28,16.8,72,0.233,1,24.8,31.1,25,6.1,57.1,fair,1.079,fair,0,0.3264,0,0.4154,0,5.32
XB-20240501,Strawberries,Kaduna,Enugu,10.52,7.44,6.44,7.5,2945.0,2541774.0,683.2,13.87,4.35,18.23,36,0.506,1,11.3,18.4,8,10.4,91.7,fair,1.437,fair,2,0.6447,1,0.7368,1,7.89
XB-20240502,Leafy Greens,Enugu,Kano,6.44,7.5,12.0,8.52,3618.2,997422.0,975.6,17.89,0.45,18.34,48,0.382,1,10.8,14.3,10,4.3,81.9,good,0.0,fair,0,0.0753,0,0.2738,0,4.19
XB-20240503,Tomatoes,Jos,Onitsha,9.92,8.89,6.14,6.79,2309.4,775594.0,603.1,12.39,0.11,12.5,72,0.174,0,30.7,37.1,25,12.1,57.5,poor,1.386,poor,3,0.4624,0,0.7031,1,7.62
XB-20240504,Mangoes,Onitsha,Port Harcourt,6.14,6.79,4.82,7.04,2782.8,574609.0,229.0,5.95,1.21,7.16,96,0.075,1,22.6,30.4,20,10.4,56.4,fair,0.695,excellent,0,0.4049,0,0.1351,0,3.08
XB-20240505,Fresh Fish,Enugu,Zaria,6.44,7.5,11.08,7.71,3710.5,2237186.0,701.3,10.88,1.21,12.09,24,0.504,1,2.9,9.7,4,5.7,86.7,fair,1.283,excellent,0,0.2228,0,0.1003,0,2.8
XB-20240506,Strawberries,Zaria,Jos,11.08,7.71,9.92,8.89,288.6,246201.0,251.9,6.26,1.09,7.35,36,0.204,1,7.9,14.3,8,6.3,65.5,poor,1.061,good,0,0.2661,0,0.2839,0,4.27
XB-20240507,Leafy Greens,Port Harcourt,Enugu,4.82,7.04,6.44,7.5,3067.3,854107.0,295.6,5.28,0.85,6.14,48,0.128,1,8.0,11.8,10,1.8,82.7,poor,1.405,poor,3,0.3291,0,0.6271,0,7.02
XB-20240508,Leafy Greens,Kano,Kaduna,12.0,8.52,10.52,7.44,2160.7,586700.0,258.7,4.47,0.15,4.62,48,0.096,1,8.4,16.1,10,6.1,91.5,good,0.0,good,1,0.3666,0,0.3926,0,5.14
XB-20240509,Strawberries,Kaduna,Zaria,10.52,7.44,11.08,7.71,948.3,792383.0,98.6,1.74,1.65,3.39,36,0.094,1,6.6,13.5,8,5.5,79.2,fair,0.843,excellent,0,0.27,0,0.1675,0,3.34
XB-20240510,Fresh Fish,Onitsha,Kaduna,6.14,6.79,10.52,7.44,384.4,226131.0,718.9,12.19,1.11,13.3,24,0.554,0,30.1,36.2,4,32.2,91.2,poor,1.986,poor,0,0.7009,1,0.6158,0,6.93
XB-20240511,Leafy Greens,Abuja,Ibadan,9.07,7.4,7.38,3.93,2409.6,622879.0,613.9,11.12,0.85,11.97,48,0.249,0,29.0,32.3,10,22.3,78.9,poor,1.944,fair,4,0.582,0,0.7608,1,8.09
XB-20240512,Fresh Fish,Lagos,Abuja,6.52,3.38,9.07,7.4,2665.5,1661547.0,712.5,19.43,0.5,19.93,24,0.831,0,27.5,33.2,4,29.2,60.7,good,0.0,excellent,0,0.7414,1,0.5259,0,6.21
XB-20240513,Dairy,Abuja,Port Harcourt,9.07,7.4,4.82,7.04,969.8,419337.0,684.6,10.89,0.25,11.14,48,0.232,1,8.8,12.6,6,6.6,64.4,fair,1.036,excellent,0,0.3224,0,0.1298,0,3.04
XB-20240514,Strawberries,Lagos,Port Harcourt,6.52,3.38,4.82,7.04,4631.4,3931143.0,574.7,13.71,0.44,14.16,36,0.393,1,9.5,14.0,8,6.0,90.9,good,0.0,poor,1,0.5274,1,0.6371,0,7.1
XB-20240515,Strawberries,Lagos,Abuja,6.52,3.38,9.07,7.4,4659.8,3520929.0,804.7,12.38,0.28,12.66,36,0.352,0,30.1,32.6,8,24.6,87.4,poor,1.807,fair,2,0.5292,1,0.7714,1,8.17
XB-20240516,Peppers,Enugu,Lagos,6.44,7.5,6.52,3.38,3664.1,612118.0,651.4,13.95,0.8,14.75,96,0.154,1,20.0,27.4,22,5.4,87.7,fair,1.204,good,1,0.2431,0,0.1919,0,3.53
XB-20240517,Mangoes,Enugu,Jos,6.44,7.5,9.92,8.89,3370.6,689568.0,541.5,8.95,0.98,9.94,96,0.104,0,32.2,35.8,20,15.8,75.9,fair,0.638,good,0,0.5374,1,0.3776,0,5.02
XB-20240518,Fresh Fish,Ibadan,Lagos,7.38,3.93,6.52,3.38,1355.2,874474.0,152.1,3.25,0.94,4.19,24,0.174,0,34.6,37.8,4,33.8,88.0,good,0.0,excellent,0,0.4896,0,0.2574,0,4.06
XB-20240519,Tomatoes,Abuja,Kano,9.07,7.4,12.0,8.52,4189.4,1324205.0,482.5,11.17,0.0,11.18,72,0.155,1,27.8,35.5,25,10.5,77.5,fair,1.424,fair,1,0.3756,0,0.479,0,5.83
XB-20240520,Tomatoes,Port Harcourt,Kano,4.82,7.04,12.0,8.52,310.8,100807.0,1229.6,22.5,2.43,24.94,72,0.346,0,33.4,36.4,25,11.4,81.6,poor,1.178,poor,1,0.6889,1,0.7028,1,7.62
XB-20240521,Strawberries,Kano,Kaduna,12.0,8.52,10.52,7.44,4825.0,3816578.0,316.6,5.38,0.02,5.4,36,0.15,0,34.3,37.6,8,29.6,57.3,good,0.0,good,0,0.3446,0,0.1199,0,2.96
XB-20240522,Peppers,Onitsha,Jos,6.14,6.79,9.92,8.89,4013.9,656026.0,707.8,15.74,0.95,16.69,96,0.174,1,25.0,31.3,22,9.3,91.6,fair,1.375,fair,0,0.3949,0,0.4151,0,5.32
XB-20240523,Strawberries,Enugu,Lagos,6.44,7.5,6.52,3.38,1205.5,873848.0,665.8,13.87,1.26,15.13,36,0.42,0,42.2,46.8,8,38.8,82.6,good,0.0,fair,0,0.6,1,0.4794,0,5.84
XB-20240524,Strawberries,Kaduna,Kano,10.52,7.44,12.0,8.52,1755.1,1454300.0,305.6,5.89,0.27,6.15,36,0.171,1,10.1,18.0,8,10.0,83.4,poor,1.432,fair,0,0.539,0,0.3426,0,4.74
XB-20240525,Fresh Fish,Onitsha,Enugu,6.14,6.79,6.44,7.5,3749.7,2219928.0,103.1,2.44,1.46,3.9,24,0.163,1,2.3,10.0,4,6.0,57.7,fair,1.402,excellent,0,0.2401,0,0.1789,0,3.43
XB-20240526,Peppers,Ibadan,Kano,7.38,3.93,12.0,8.52,1826.0,332727.0,1069.2,20.25,0.7,20.95,96,0.218,1,21.0,25.0,22,3.0,62.4,fair,1.069,good,0,0.0557,0,0.1776,0,3.42
XB-20240527,Tomatoes,Enugu,Abuja,6.44,7.5,9.07,7.4,1105.6,392313.0,423.9,7.41,2.3,9.71,72,0.135,1,26.7,33.6,25,8.6,83.2,poor,1.016,good,0,0.4413,1,0.3668,0,4.93
XB-20240528,Leafy Greens,Kano,Lagos,12.0,8.52,6.52,3.38,2261.2,625704.0,1013.7,27.42,0.77,28.19,48,0.587,0,35.6,40.1,10,30.1,70.7,poor,2.886,good,0,0.7267,1,0.5397,0,6.32
XB-20240529,Peppers,Ibadan,Abuja,7.38,3.93,9.07,7.4,2421.2,439642.0,597.6,10.84,0.03,10.87,96,0.113,0,37.8,41.1,22,19.1,66.7,poor,1.696,good,0,0.4384,0,0.322,0,4.58
XB-20240530,Strawberries,Port Harcourt,Kano,4.82,7.04,12.0,8.52,4499.8,3437612.0,1097.0,25.4,0.54,25.94,36,0.721,0,33.2,39.6,8,31.6,88.1,fair,0.704,poor,0,0.6626,1,0.6409,1,7.13
XB-20240531,Strawberries,Onitsha,Ibadan,6.14,6.79,7.38,3.93,3874.6,2832594.0,496.8,12.6,1.78,14.38,36,0.399,0,32.8,38.5,8,30.5,63.3,poor,1.95,good,1,0.6598,1,0.4661,0,5.73
XB-20240532,Fresh Fish,Lagos,Port Harcourt,6.52,3.38,4.82,7.04,2832.7,1569119.0,557.1,15.61,0.08,15.69,24,0.654,0,32.1,38.3,4,34.3,57.5,good,0.0,good,3,0.4302,0,0.4758,0,5.81
XB-20240533,Leafy Greens,Lagos,Kaduna,6.52,3.38,10.52,7.44,1705.9,472176.0,761.0,19.8,2.72,22.52,48,0.469,1,8.8,16.2,10,6.2,82.0,good,0.0,good,0,0.3525,0,0.3393,0,4.71
XB-20240534,Strawberries,Kaduna,Abuja,10.52,7.44,9.07,7.4,4742.3,3524388.0,225.4,5.59,2.98,8.57,36,0.238,1,7.6,13.2,8,5.2,84.6,good,0.0,poor,3,0.2469,0,0.7032,1,7.63
XB-20240535,Leafy Greens,Kano,Lagos,12.0,8.52,6.52,3.38,1251.1,355758.0,1112.3,30.1,0.85,30.95,48,0.645,1,9.1,16.4,10,6.4,81.2,poor,1.767,good,0,0.3928,0,0.2319,0,3.86
XB-20240536,Leafy Greens,Lagos,Abuja,6.52,3.38,9.07,7.4,3332.1,953910.0,760.1,12.96,0.44,13.4,48,0.279,0,36.4,39.3,10,29.3,71.7,poor,1.842,fair,1,0.4357,0,0.3333,0,4.67
XB-20240537,Tomatoes,Abuja,Onitsha,9.07,7.4,6.14,6.79,3442.2,1105461.0,408.9,7.37,1.3,8.67,72,0.12,0,31.4,35.0,25,10.0,83.2,fair,0.946,fair,0,0.6753,1,0.6388,1,7.11
XB-20240538,Leafy Greens,Abuja,Enugu,9.07,7.4,6.44,7.5,4822.2,1386622.0,465.8,7.56,0.83,8.39,48,0.175,1,8.6,11.3,10,1.3,66.1,poor,2.266,good,1,0.1521,0,0.3273,0,4.62
XB-20240539,Fresh Fish,Onitsha,Zaria,6.14,6.79,11.08,7.71,4932.6,2723211.0,786.9,16.49,0.55,17.04,24,0.71,0,36.1,41.9,4,37.9,67.4,fair,0.532,excellent,0,0.663,1,0.3589,0,4.87
XB-20240540,Dairy,Ibadan,Enugu,7.38,3.93,6.44,7.5,1270.3,523608.0,559.9,8.66,2.3,10.96,48,0.228,0,28.1,32.6,6,26.6,64.7,good,0.0,poor,1,0.5584,0,0.6523,1,7.22
XB-20240541,Strawberries,Jos,Lagos,9.92,8.89,6.52,3.38,2820.9,2277960.0,1085.7,29.66,0.76,30.43,36,0.845,1,7.9,15.2,8,7.2,80.0,fair,1.044,fair,1,0.4193,1,0.4025,0,5.22
XB-20240542,Fresh Fish,Kaduna,Zaria,10.52,7.44,11.08,7.71,1035.7,606290.0,93.2,1.58,2.41,3.99,24,0.166,0,32.2,39.1,4,35.1,81.4,fair,0.837,good,0,0.7213,1,0.4771,0,5.82
XB-20240543,Fresh Fish,Ibadan,Onitsha,7.38,3.93,6.14,6.79,2630.6,1608056.0,462.1,8.22,2.68,10.9,24,0.454,1,4.9,9.6,4,5.6,70.7,fair,1.445,good,1,0.3413,0,0.3715,0,4.97
XB-20240544,Fresh Fish,Port Harcourt,Lagos,4.82,7.04,6.52,3.38,787.0,505112.0,596.7,12.58,0.44,13.02,24,0.543,0,35.3,42.2,4,38.2,64.7,good,0.0,excellent,0,0.5041,1,0.3082,0,4.47
XB-20240545,Leafy Greens,Onitsha,Ibadan,6.14,6.79,7.38,3.93,3306.4,1003072.0,538.2,9.71,2.5,12.21,48,0.254,1,13.4,19.7,10,9.7,78.7,fair,0.914,excellent,0,0.4814,0,0.3048,0,4.44
XB-20240546,Fresh Fish,Zaria,Kano,11.08,7.71,12.0,8.52,1475.8,823710.0,206.0,3.68,0.45,4.12,24,0.172,0,28.2,34.4,4,30.4,88.0,fair,1.438,excellent,0,0.5619,1,0.2928,0,4.34
XB-20240547,Peppers,Jos,Ibadan,9.92,8.89,7.38,3.93,1742.6,284649.0,790.2,12.64,0.23,12.86,96,0.134,0,31.3,33.7,22,11.7,56.8,good,0.0,fair,1,0.5018,0,0.5093,0,6.07
XB-20240548,Dairy,Kaduna,Kano,10.52,7.44,12.0,8.52,3145.8,1353912.0,244.7,4.95,0.77,5.72,48,0.119,0,41.2,44.8,6,38.8,58.7,fair,0.903,excellent,0,0.4604,0,0.2934,0,4.35
XB-20240549,Dairy,Lagos,Port Harcourt,6.52,3.38,4.82,7.04,4761.4,2199250.0,613.0,13.28,0.53,13.81,48,0.288,0,32.5,38.2,6,32.2,84.4,poor,1.711,good,1,0.6094,0,0.4385,1,5.51
XB-20240550,Strawberries,Kaduna,Zaria,10.52,7.44,11.08,7.71,2763.7,2086372.0,85.9,2.15,0.41,2.56,36,0.071,0,30.6,32.9,8,24.9,82.0,fair,1.153,good,0,0.5652,0,0.3744,0,5.0
XB-20240551,Strawberries,Ibadan,Port Harcourt,7.38,3.93,4.82,7.04,631.4,467948.0,567.7,11.39,0.17,11.55,36,0.321,1,9.8,17.5,8,9.5,91.9,fair,1.099,poor,0,0.491,0,0.4657,0,5.73
XB-20240552,Dairy,Onitsha,Lagos,6.14,6.79,6.52,3.38,3886.8,1522835.0,560.6,9.73,2.15,11.88,48,0.247,1,9.8,13.0,6,7.0,85.4,fair,0.764,excellent,0,0.3542,0,0.2758,0,4.21
XB-20240553,Fresh Fish,Ibadan,Port Harcourt,7.38,3.93,4.82,7.04,3293.1,2060449.0,584.7,13.35,0.58,13.94,24,0.581,1,7.9,14.8,4,10.8,61.1,good,0.0,good,0,0.3726,0,0.3122,0,4.5
XB-20240554,Leafy Greens,Onitsha,Enugu,6.14,6.79,6.44,7.5,1796.7,461285.0,119.6,1.89,1.09,2.98,48,0.062,1,13.2,19.0,10,9.0,71.6,fair,1.207,poor,4,0.3652,1,0.6666,1,7.33
XB-20240555,Mangoes,Port Harcourt,Onitsha,4.82,7.04,6.14,6.79,1665.2,364702.0,219.7,3.91,1.87,5.78,96,0.06,1,22.4,28.4,20,8.4,63.5,fair,1.346,fair,1,0.3349,0,0.3912,0,5.13
XB-20240556,Dairy,Zaria,Abuja,11.08,7.71,9.07,7.4,3684.7,1408814.0,323.5,9.01,0.17,9.18,48,0.191,0,40.3,43.4,6,37.4,61.0,good,0.0,good,0,0.3963,0,0.3626,0,4.9
XB-20240557,Dairy,Abuja,Zaria,9.07,7.4,11.08,7.71,1594.3,648145.0,288.3,4.57,0.27,4.84,48,0.101,1,8.8,15.4,6,9.4,89.0,fair,0.6,good,1,0.4651,0,0.4127,0,5.3
XB-20240558,Strawberries,Zaria,Ibadan,11.08,7.71,7.38,3.93,4855.5,4214329.0,912.1,14.46,0.68,15.15,36,0.421,0,37.9,42.3,8,34.3,75.9,poor,1.546,fair,2,0.6534,1,0.661,1,7.29
XB-20240559,Fresh Fish,Lagos,Kaduna,6.52,3.38,10.52,7.44,2381.2,1421317.0,914.9,18.66,0.05,18.71,24,0.78,1,7.3,11.0,4,7.0,60.1,good,0.0,excellent,0,0.4152,0,0.3278,0,4.62
XB-20240560,Peppers,Zaria,Ibadan,11.08,7.71,7.38,3.93,4019.4,685979.0,730.0,14.95,0.98,15.94,96,0.166,0,33.8,39.9,22,17.9,79.5,fair,0.596,good,3,0.5237,0,0.5086,0,6.07
XB-20240561,Strawberries,Port Harcourt,Lagos,4.82,7.04,6.52,3.38,430.4,348948.0,713.1,16.86,1.99,18.85,36,0.524,0,30.1,34.1,8,26.1,86.7,fair,1.018,fair,2,0.832,1,0.7555,1,8.04
XB-20240562,Strawberries,Enugu,Kaduna,6.44,7.5,10.52,7.44,1350.1,1157767.0,594.9,9.48,2.63,12.11,36,0.336,1,9.3,15.6,8,7.6,91.8,good,0.0,fair,4,0.5435,0,0.6131,1,6.9
XB-20240563,Leafy Greens,Zaria,Jos,11.08,7.71,9.92,8.89,1381.3,400618.0,237.7,3.88,0.7,4.58,48,0.096,0,30.5,34.9,10,24.9,56.0,fair,1.308,fair,0,0.5037,1,0.3972,0,5.18
XB-20240564,Tomatoes,Onitsha,Kaduna,6.14,6.79,10.52,7.44,3918.7,1494090.0,733.2,19.29,0.25,19.54,72,0.271,0,27.2,34.9,25,9.9,66.7,fair,0.58,good,1,0.5915,0,0.5251,0,6.2
XB-20240565,Peppers,Ibadan,Kano,7.38,3.93,12.0,8.52,1278.9,247423.0,957.4,22.31,0.34,22.66,96,0.236,1,25.5,29.5,22,7.5,81.1,fair,1.307,good,0,0.3276,0,0.2594,0,4.08
XB-20240566,Tomatoes,Lagos,Kano,6.52,3.38,12.0,8.52,4798.8,1584443.0,1108.7,30.41,0.52,30.92,72,0.43,0,34.7,37.9,25,12.9,62.3,fair,0.958,fair,0,0.7057,1,0.5953,0,6.76
XB-20240567,Leafy Greens,Enugu,Port Harcourt,6.44,7.5,4.82,7.04,2711.3,819761.0,232.7,4.1,1.07,5.17,48,0.108,1,9.4,11.5,10,1.5,76.3,good,0.0,excellent,0,0.02,0,0.1099,0,2.88
XB-20240568,Mangoes,Kaduna,Lagos,10.52,7.44,6.52,3.38,915.7,199900.0,773.4,16.41,3.12,19.53,96,0.203,1,18.1,24.7,20,4.7,76.5,fair,0.552,good,0,0.3583,0,0.1928,0,3.54
XB-20240569,Dairy,Jos,Kaduna,9.92,8.89,10.52,7.44,1758.5,774080.0,223.4,3.67,0.64,4.31,48,0.09,1,4.3,8.4,6,2.4,59.4,good,0.0,good,1,0.0811,0,0.2763,0,4.21
XB-20240570,Peppers,Kaduna,Abuja,10.52,7.44,9.07,7.4,4498.8,767104.0,210.8,4.65,2.1,6.74,96,0.07,1,25.3,29.1,22,7.1,85.5,good,0.0,good,0,0.423,1,0.4157,0,5.33
XB-20240571,Leafy Greens,Kaduna,Abuja,10.52,7.44,9.07,7.4,745.1,192514.0,214.1,4.71,2.16,6.87,48,0.143,0,30.0,37.7,10,27.7,79.8,good,0.0,fair,0,0.5886,1,0.4717,0,5.77
XB-20240572,Peppers,Port Harcourt,Zaria,4.82,7.04,11.08,7.71,4055.6,688439.0,878.6,19.65,1.1,20.75,96,0.216,0,34.7,40.2,22,18.2,69.9,poor,1.493,fair,1,0.54,1,0.5184,1,6.15
XB-20240573,Dairy,Zaria,Enugu,11.08,7.71,6.44,7.5,2238.3,919768.0,757.0,15.02,2.49,17.51,48,0.365,0,43.8,48.5,6,42.5,85.5,poor,2.278,fair,0,0.7383,1,0.5332,1,6.27
XB-20240574,Peppers,Abuja,Jos,9.07,7.4,9.92,8.89,2501.7,488508.0,287.4,4.48,1.05,5.53,96,0.058,1,25.9,33.1,22,11.1,86.9,poor,2.788,fair,1,0.383,0,0.5261,0,6.21
XB-20240575,Mangoes,Lagos,Kano,6.52,3.38,12.0,8.52,561.3,102682.0,1178.9,28.84,1.0,29.84,96,0.311,0,33.1,37.1,20,17.1,58.0,fair,0.771,fair,1,0.5488,0,0.4527,0,5.62
XB-20240576,Fresh Fish,Kaduna,Kano,10.52,7.44,12.0,8.52,693.6,378952.0,304.6,5.02,3.93,8.95,24,0.373,1,2.2,4.8,4,0.8,62.7,poor,2.336,fair,1,0.3317,0,0.5108,0,6.09
XB-20240577,Fresh Fish,Onitsha,Zaria,6.14,6.79,11.08,7.71,3237.1,1842072.0,854.2,17.76,2.02,19.78,24,0.824,1,3.0,9.8,4,5.8,79.0,fair,0.668,fair,1,0.5301,0,0.6024,1,6.82
XB-20240578,Mangoes,Lagos,Abuja,6.52,3.38,9.07,7.4,4931.6,929877.0,676.0,12.77,2.27,15.04,96,0.157,1,23.3,27.8,20,7.8,78.1,poor,1.42,poor,2,0.3043,0,0.5194,0,6.16
XB-20240579,Fresh Fish,Lagos,Port Harcourt,6.52,3.38,4.82,7.04,3413.5,1850320.0,594.9,9.98,3.18,13.16,24,0.548,0,30.9,35.3,4,31.3,72.0,poor,2.788,poor,1,0.7156,1,0.7157,1,7.73
XB-20240580,Dairy,Onitsha,Lagos,6.14,6.79,6.52,3.38,3142.3,1447947.0,554.4,9.02,4.7,13.72,48,0.286,1,5.1,10.1,6,4.1,84.3,good,0.0,good,0,0.2922,0,0.3275,0,4.62
XB-20240581,Leafy Greens,Port Harcourt,Enugu,4.82,7.04,6.44,7.5,3349.5,1004440.0,228.5,5.37,0.59,5.96,48,0.124,0,29.7,36.6,10,26.6,83.6,good,0.0,fair,0,0.4515,0,0.4344,0,5.47
XB-20240582,Dairy,Zaria,Kano,11.08,7.71,12.0,8.52,3872.0,1774057.0,181.3,3.0,4.54,7.54,48,0.157,0,30.9,36.6,6,30.6,55.5,poor,1.183,good,0,0.6847,1,0.464,0,5.71
XB-20240583,Fresh Fish,Ibadan,Kano,7.38,3.93,12.0,8.52,816.1,478107.0,1053.5,20.04,2.0,22.05,24,0.919,1,5.2,10.4,4,6.4,78.6,fair,1.041,excellent,0,0.5977,1,0.4049,0,5.24
XB-20240584,Fresh Fish,Abuja,Ibadan,9.07,7.4,7.38,3.93,2083.5,1225294.0,660.5,16.37,0.0,16.37,24,0.682,0,37.3,43.5,4,39.5,75.2,poor,2.871,fair,0,0.5736,1,0.608,1,6.86
XB-20240585,Dairy,Zaria,Jos,11.08,7.71,9.92,8.89,4455.3,1894555.0,232.7,5.47,4.65,10.11,48,0.211,0,29.6,36.6,6,30.6,77.7,poor,1.464,excellent,0,0.5982,1,0.306,0,4.45
XB-20240586,Peppers,Lagos,Port Harcourt,6.52,3.38,4.82,7.04,2446.0,446226.0,693.0,11.8,1.23,13.03,96,0.136,1,24.4,31.6,22,9.6,90.9,poor,2.595,fair,1,0.481,0,0.4275,0,5.42
XB-20240587,Dairy,Onitsha,Enugu,6.14,6.79,6.44,7.5,1603.2,650492.0,109.6,1.98,0.64,2.62,48,0.055,1,5.6,8.2,6,2.2,85.7,poor,1.44,excellent,0,0.142,0,0.042,0,2.34
XB-20240588,Fresh Fish,Jos,Port Harcourt,9.92,8.89,4.82,7.04,3558.6,1961764.0,801.1,14.94,3.73,18.66,24,0.778,1,6.9,12.0,4,8.0,81.6,fair,0.806,fair,2,0.4736,0,0.5543,1,6.43
XB-20240589,Dairy,Ibadan,Kaduna,7.38,3.93,10.52,7.44,1930.0,889840.0,656.9,11.23,0.11,11.34,48,0.236,0,33.9,41.2,6,35.2,67.6,fair,1.396,good,3,0.4639,0,0.4629,0,5.7
XB-20240590,Peppers,Abuja,Kaduna,9.07,7.4,10.52,7.44,4277.1,700516.0,206.0,3.34,1.64,4.98,96,0.052,0,32.2,39.0,22,17.0,66.3,fair,0.52,fair,0,0.3594,0,0.4378,0,5.5
XB-20240591,Peppers,Ibadan,Lagos,7.38,3.93,6.52,3.38,3455.3,671979.0,153.3,3.29,2.27,5.56,96,0.058,0,24.3,29.8,22,7.8,59.8,poor,2.623,excellent,0,0.5202,1,0.202,0,3.62
XB-20240592,Strawberries,Zaria,Ibadan,11.08,7.71,7.38,3.93,4049.2,3508292.0,723.5,12.54,2.59,15.13,36,0.42,1,7.3,13.8,8,5.8,90.1,poor,2.763,fair,0,0.43,1,0.4071,0,5.26
XB-20240593,Strawberries,Onitsha,Jos,6.14,6.79,9.92,8.89,2484.3,1975805.0,682.6,14.63,2.58,17.21,36,0.478,0,33.1,35.3,8,27.3,64.7,fair,1.409,fair,0,0.6796,1,0.5633,0,6.51
XB-20240594,Strawberries,Enugu,Jos,6.44,7.5,9.92,8.89,2214.3,1628540.0,655.9,18.12,0.98,19.1,36,0.53,0,25.7,29.4,8,21.4,66.9,fair,0.778,excellent,0,0.5965,0,0.276,0,4.21
XB-20240595,Leafy Greens,Port Harcourt,Enugu,4.82,7.04,6.44,7.5,3456.1,1018797.0,267.1,4.13,0.64,4.76,48,0.099,1,9.2,15.4,10,5.4,88.9,fair,0.68,good,0,0.2161,0,0.1618,0,3.29
XB-20240596,Strawberries,Enugu,Abuja,6.44,7.5,9.07,7.4,3095.8,2560300.0,398.2,7.29,0.89,8.17,36,0.227,1,10.6,14.5,8,6.5,58.8,good,0.0,good,0,0.3406,0,0.224,0,3.79
XB-20240597,Dairy,Port Harcourt,Kaduna,4.82,7.04,10.52,7.44,814.7,338078.0,824.9,13.38,0.44,13.82,48,0.288,1,7.7,14.2,6,8.2,62.9,poor,1.455,poor,2,0.3513,0,0.5841,1,6.67
XB-20240598,Leafy Greens,Ibadan,Enugu,7.38,3.93,6.44,7.5,3821.7,1117512.0,507.0,12.92,3.14,16.07,48,0.335,1,10.7,14.7,10,4.7,60.9,good,0.0,good,0,0.34,0,0.3299,0,4.64
XB-20240599,Tomatoes,Jos,Port Harcourt,9.92,8.89,4.82,7.04,3551.5,1348985.0,941.0,15.86,2.65,18.5,72,0.257,0,29.0,34.8,25,9.8,61.4,fair,0.968,good,0,0.479,0,0.3875,0,5.1
XB-20240600,Leafy Greens,Kano,Lagos,12.0,8.52,6.52,3.38,2678.6,689212.0,1293.4,28.97,0.03,29.0,48,0.604,1,13.0,19.8,10,9.8,81.9,poor,2.342,fair,1,0.6562,1,0.5394,0,6.32
XB-20240601,Fresh Fish,Abuja,Jos,9.07,7.4,9.92,8.89,4689.2,2700454.0,300.1,6.56,1.9,8.45,24,0.352,0,33.0,37.2,4,33.2,72.3,fair,0.678,poor,2,0.6095,1,0.6406,1,7.12
XB-20240602,Mangoes,Ibadan,Lagos,7.38,3.93,6.52,3.38,4889.3,911841.0,152.2,2.87,1.01,3.88,96,0.04,1,19.7,23.9,20,3.9,68.9,good,0.0,good,1,0.1523,0,0.1747,0,3.4
XB-20240603,Leafy Greens,Kaduna,Port Harcourt,10.52,7.44,4.82,7.04,682.8,187234.0,835.4,16.64,8.23,24.86,48,0.518,1,10.3,13.5,10,3.5,70.3,fair,0.713,good,2,0.4224,0,0.4171,0,5.34
XB-20240604,Fresh Fish,Ibadan,Onitsha,7.38,3.93,6.14,6.79,2871.8,1624246.0,499.7,8.98,4.82,13.8,24,0.575,0,34.5,42.3,4,38.3,84.1,fair,1.457,excellent,0,0.7264,1,0.3228,0,4.58
XB-20240605,Peppers,Onitsha,Kano,6.14,6.79,12.0,8.52,1827.6,333281.0,957.7,21.89,0.19,22.08,96,0.23,0,45.9,53.5,22,31.5,91.0,poor,1.279,poor,1,0.7547,1,0.7513,1,8.01
XB-20240606,Fresh Fish,Jos,Kano,9.92,8.89,12.0,8.52,4800.1,2842610.0,297.8,5.55,1.65,7.19,24,0.3,0,32.3,37.6,4,33.6,73.1,good,0.0,good,0,0.5669,0,0.422,0,5.38
XB-20240607,Strawberries,Onitsha,Kaduna,6.14,6.79,10.52,7.44,713.2,569887.0,686.6,11.22,3.27,14.49,36,0.402,1,7.6,9.9,8,1.9,86.4,poor,2.192,good,1,0.47,0,0.431,0,5.45
XB-20240608,Strawberries,Enugu,Jos,6.44,7.5,9.92,8.89,4226.5,3297236.0,640.7,12.57,4.27,16.84,36,0.468,0,34.6,40.9,8,32.9,89.0,good,0.0,good,0,0.6519,1,0.3786,0,5.03
XB-20240609,Fresh Fish,Onitsha,Lagos,6.14,6.79,6.52,3.38,3645.1,2212431.0,466.3,12.71,0.28,12.98,24,0.541,1,6.0,8.2,4,4.2,83.0,fair,0.81,good,0,0.4535,0,0.3156,0,4.53
XB-20240610,Peppers,Onitsha,Jos,6.14,6.79,9.92,8.89,1843.7,364929.0,714.9,20.37,0.04,20.41,96,0.213,0,34.9,40.6,22,18.6,63.8,fair,1.426,fair,0,0.4729,0,0.4174,1,5.34
XB-20240611,Leafy Greens,Ibadan,Kano,7.38,3.93,12.0,8.52,1024.3,261870.0,1072.0,22.19,2.85,25.04,48,0.522,1,13.4,16.1,10,6.1,66.5,poor,2.086,fair,0,0.4689,0,0.5954,1,6.76
XB-20240612,Leafy Greens,Ibadan,Port Harcourt,7.38,3.93,4.82,7.04,1335.9,402230.0,680.6,11.42,1.44,12.86,48,0.268,0,33.4,36.7,10,26.7,86.3,fair,0.536,good,2,0.6424,1,0.4608,0,5.69
XB-20240613,Mangoes,Onitsha,Abuja,6.14,6.79,9.07,7.4,2276.4,432996.0,472.2,7.67,0.18,7.85,96,0.082,0,24.9,28.9,20,8.9,64.6,poor,1.731,fair,1,0.4809,0,0.5036,1,6.03
XB-20240614,Leafy Greens,Kano,Enugu,12.0,8.52,6.44,7.5,3361.9,875535.0,894.8,14.27,1.25,15.52,48,0.323,1,10.2,16.5,10,6.5,69.2,good,0.0,good,0,0.2961,0,0.2926,0,4.34
XB-20240615,Tomatoes,Zaria,Port Harcourt,11.08,7.71,4.82,7.04,4436.5,1690816.0,953.0,25.07,0.48,25.54,72,0.355,0,28.5,34.7,25,9.7,64.4,fair,0.691,poor,1,0.5186,1,0.6908,1,7.53
XB-20240616,Mangoes,Kaduna,Kano,10.52,7.44,12.0,8.52,1909.2,356632.0,265.1,6.94,3.56,10.5,96,0.109,0,29.2,33.9,20,13.9,62.6,fair,0.701,fair,2,0.5096,0,0.5966,1,6.77
XB-20240617,Dairy,Zaria,Kano,11.08,7.71,12.0,8.52,2921.1,1152381.0,193.6,3.54,1.73,5.27,48,0.11,0,24.9,31.0,6,25.0,88.7,fair,0.862,excellent,0,0.5574,0,0.3386,0,4.71
XB-20240618,Leafy Greens,Enugu,Zaria,6.44,7.5,11.08,7.71,1463.5,427002.0,746.5,13.49,0.65,14.14,48,0.295,0,25.0,29.1,10,19.1,90.3,fair,1.039,good,0,0.4257,0,0.3456,0,4.76
XB-20240619,Leafy Greens,Port Harcourt,Kano,4.82,7.04,12.0,8.52,690.4,192169.0,1092.0,21.45,0.46,21.91,48,0.456,0,35.7,39.5,10,29.5,83.1,good,0.0,fair,2,0.6985,1,0.8044,1,8.44
XB-20240620,Mangoes,Zaria,Enugu,11.08,7.71,6.44,7.5,3835.9,754785.0,665.1,15.14,0.95,16.1,96,0.168,1,18.7,21.8,20,1.8,73.7,poor,1.471,poor,3,0.2207,0,0.5653,0,6.52
XB-20240621,Strawberries,Abuja,Lagos,9.07,7.4,6.52,3.38,1092.3,787315.0,663.2,13.19,1.22,14.41,36,0.4,0,33.7,40.7,8,32.7,60.5,poor,2.35,excellent,0,0.6971,1,0.2329,0,3.86
XB-20240622,Dairy,Lagos,Kano,6.52,3.38,12.0,8.52,4913.2,2180721.0,1227.5,19.82,0.87,20.69,48,0.431,1,8.3,11.0,6,5.0,65.0,good,0.0,fair,0,0.2366,0,0.3816,0,5.05
XB-20240623,Peppers,Kaduna,Kano,10.52,7.44,12.0,8.52,3698.4,657905.0,264.9,5.87,0.52,6.39,96,0.067,1,20.6,24.7,22,2.7,56.4,good,0.0,good,0,0.1704,0,0.2167,0,3.73
XB-20240624,Tomatoes,Enugu,Lagos,6.44,7.5,6.52,3.38,860.7,296330.0,605.9,10.01,4.04,14.05,72,0.195,0,29.7,37.1,25,12.1,61.5,fair,0.876,good,1,0.7026,1,0.5428,0,6.34
XB-20240625,Leafy Greens,Ibadan,Zaria,7.38,3.93,11.08,7.71,3331.3,1009534.0,701.4,15.12,2.73,17.85,48,0.372,1,11.9,18.0,10,8.0,87.7,good,0.0,fair,0,0.3882,0,0.3924,0,5.14
XB-20240626,Mangoes,Port Harcourt,Kaduna,4.82,7.04,10.52,7.44,674.7,133151.0,924.1,23.83,0.86,24.69,96,0.257,0,37.7,45.2,20,25.2,67.9,fair,1.071,good,0,0.446,0,0.44,0,5.52
XB-20240627,Dairy,Enugu,Kano,6.44,7.5,12.0,8.52,3770.6,1696506.0,800.0,18.06,0.75,18.81,48,0.392,1,4.3,8.1,6,2.1,80.1,fair,0.936,good,0,0.2233,0,0.2679,0,4.14
XB-20240628,Peppers,Port Harcourt,Abuja,4.82,7.04,9.07,7.4,3678.2,600581.0,588.5,9.07,3.09,12.16,96,0.127,1,22.3,26.4,22,4.4,68.8,fair,1.121,excellent,0,0.2505,0,0.1191,0,2.95
XB-20240629,Leafy Greens,Abuja,Lagos,9.07,7.4,6.52,3.38,4314.1,1143346.0,634.7,10.72,0.3,11.02,48,0.23,0,41.5,45.5,10,35.5,74.6,fair,0.579,good,0,0.6045,1,0.4803,0,5.84
XB-20240630,Fresh Fish,Onitsha,Kaduna,6.14,6.79,10.52,7.44,463.8,260268.0,699.7,13.6,0.98,14.58,24,0.608,1,7.9,13.9,4,9.9,68.5,fair,0.767,good,0,0.4869,0,0.3514,0,4.81
XB-20240631,Dairy,Abuja,Kaduna,9.07,7.4,10.52,7.44,4603.1,1917600.0,238.7,6.39,4.82,11.21,48,0.234,0,37.0,44.3,6,38.3,84.5,fair,1.274,good,0,0.7186,1,0.4495,0,5.6
XB-20240632,Leafy Greens,Kaduna,Kano,10.52,7.44,12.0,8.52,1617.2,477182.0,274.3,5.86,1.96,7.82,48,0.163,1,8.0,14.6,10,4.6,78.2,poor,1.911,fair,1,0.3394,0,0.58,1,6.64
XB-20240633,Fresh Fish,Kaduna,Zaria,10.52,7.44,11.08,7.71,1601.8,979318.0,97.7,2.73,0.1,2.83,24,0.118,0,30.8,34.9,4,30.9,62.7,fair,0.552,good,0,0.3648,0,0.1922,0,3.54
XB-20240634,Strawberries,Abuja,Lagos,9.07,7.4,6.52,3.38,4008.5,2908154.0,721.2,11.19,3.01,14.19,36,0.394,0,27.0,30.5,8,22.5,73.4,poor,1.888,fair,2,0.5959,1,0.6673,0,7.34
XB-20240635,Tomatoes,Ibadan,Lagos,7.38,3.93,6.52,3.38,988.2,315169.0,147.0,3.81,3.99,7.79,72,0.108,0,37.6,41.6,25,16.6,76.9,fair,1.446,fair,1,0.4295,0,0.6271,1,7.02
XB-20240636,Leafy Greens,Abuja,Ibadan,9.07,7.4,7.38,3.93,3420.5,996287.0,680.5,17.6,3.11,20.71,48,0.431,1,13.9,18.5,10,8.5,59.9,poor,2.968,excellent,0,0.4693,1,0.2946,0,4.36
XB-20240637,Leafy Greens,Enugu,Jos,6.44,7.5,9.92,8.89,4637.0,1340350.0,543.9,8.83,1.9,10.73,48,0.223,1,13.4,17.5,10,7.5,59.1,poor,2.457,poor,0,0.4089,0,0.4414,1,5.53
XB-20240638,Mangoes,Enugu,Abuja,6.44,7.5,9.07,7.4,3085.2,623959.0,419.6,8.9,0.84,9.74,96,0.101,1,23.7,30.8,20,10.8,60.4,good,0.0,good,0,0.239,0,0.2825,0,4.26
XB-20240639,Mangoes,Abuja,Jos,9.07,7.4,9.92,8.89,1180.5,248688.0,293.4,6.69,0.03,6.72,96,0.07,0,28.4,35.9,20,15.9,87.5,fair,0.911,good,0,0.416,1,0.3003,0,4.4
XB-20240640,Leafy Greens,Kano,Kaduna,12.0,8.52,10.52,7.44,1684.4,508016.0,298.2,6.79,2.06,8.84,48,0.184,0,33.8,39.0,10,29.0,85.6,poor,1.749,good,0,0.7224,1,0.4754,0,5.8
XB-20240641,Fresh Fish,Zaria,Jos,11.08,7.71,9.92,8.89,4991.9,2804317.0,222.4,5.76,0.23,5.99,24,0.25,0,36.0,40.7,4,36.7,77.7,fair,1.013,good,0,0.5927,1,0.4706,0,5.76
XB-20240642,Fresh Fish,Ibadan,Lagos,7.38,3.93,6.52,3.38,892.0,575117.0,166.5,3.83,1.34,5.17,24,0.215,0,38.3,44.6,4,40.6,69.1,fair,1.353,good,0,0.7631,1,0.5631,1,6.51
XB-20240643,Peppers,Port Harcourt,Jos,4.82,7.04,9.92,8.89,324.6,53639.0,905.9,20.78,5.38,26.16,96,0.272,0,31.4,35.3,22,13.3,89.8,poor,2.687,good,1,0.824,1,0.5759,1,6.61
XB-20240644,Mangoes,Enugu,Lagos,6.44,7.5,6.52,3.38,4084.1,790786.0,561.9,12.04,2.12,14.15,96,0.147,1,20.6,26.1,20,6.1,83.0,fair,1.39,poor,2,0.4377,0,0.585,1,6.68
XB-20240645,Leafy Greens,Zaria,Abuja,11.08,7.71,9.07,7.4,690.6,179560.0,299.7,4.92,0.76,5.69,48,0.118,1,10.5,13.8,10,3.8,81.7,fair,0.6,poor,1,0.1372,0,0.422,0,5.38
XB-20240646,Peppers,Zaria,Lagos,11.08,7.71,6.52,3.38,588.2,109192.0,1016.9,18.62,0.15,18.77,96,0.196,1,24.1,30.5,22,8.5,62.9,good,0.0,good,0,0.1871,0,0.0846,0,2.68
XB-20240647,Tomatoes,Enugu,Onitsha,6.44,7.5,6.14,6.79,2512.1,801123.0,130.3,2.02,2.35,4.37,72,0.061,0,31.2,36.8,25,11.8,83.1,good,0.0,fair,4,0.6094,1,0.7245,1,7.8
XB-20240648,Leafy Greens,Enugu,Zaria,6.44,7.5,11.08,7.71,3889.0,1073149.0,693.1,11.63,2.3,13.94,48,0.29,0,36.4,39.6,10,29.6,64.7,poor,2.955,good,1,0.5498,1,0.3415,0,4.73
XB-20240649,Strawberries,Port Harcourt,Onitsha,4.82,7.04,6.14,6.79,2429.8,1914324.0,186.6,3.08,0.56,3.65,36,0.101,0,33.6,36.7,8,28.7,90.2,poor,1.776,fair,1,0.6204,1,0.5351,1,6.28
XB-20240650,Tomatoes,Onitsha,Abuja,6.14,6.79,9.07,7.4,2681.4,949607.0,452.2,8.2,0.85,9.05,72,0.126,1,27.5,30.9,25,5.9,56.0,poor,2.961,good,0,0.3599,0,0.3118,0,4.49
XB-20240651,Dairy,Ibadan,Enugu,7.38,3.93,6.44,7.5,3000.4,1382404.0,639.6,16.88,0.5,17.39,48,0.362,0,28.9,33.4,6,27.4,66.5,fair,0.806,poor,3,0.6521,1,0.915,1,9.32
XB-20240652,Strawberries,Kano,Onitsha,12.0,8.52,6.14,6.79,1299.2,977228.0,1053.9,16.94,0.46,17.4,36,0.483,1,6.8,11.9,8,3.9,79.6,poor,2.423,excellent,0,0.3559,0,0.082,0,2.66
XB-20240653,Tomatoes,Jos,Abuja,9.92,8.89,9.07,7.4,431.6,147172.0,268.3,6.21,0.73,6.94,72,0.096,1,26.1,32.4,25,7.4,81.0,fair,1.022,good,1,0.2762,0,0.2255,0,3.8
XB-20240654,Mangoes,Kano,Abuja,12.0,8.52,9.07,7.4,4062.4,850914.0,490.7,7.82,0.89,8.71,96,0.091,1,19.5,22.3,20,2.3,75.6,good,0.0,excellent,0,0.1325,0,0.01,0,2.08
XB-20240655,Peppers,Onitsha,Lagos,6.14,6.79,6.52,3.38,4390.4,764501.0,603.8,11.27,0.51,11.77,96,0.123,0,39.2,42.7,22,20.7,90.1,fair,1.152,fair,0,0.5617,1,0.5009,0,6.01
XB-20240656,Dairy,Ibadan,Kano,7.38,3.93,12.0,8.52,559.0,254351.0,1089.1,19.02,0.61,19.64,48,0.409,1,6.2,12.9,6,6.9,91.1,fair,0.946,good,0,0.5258,1,0.4311,0,5.45
XB-20240657,Leafy Greens,Kaduna,Lagos,10.52,7.44,6.52,3.38,3990.6,1049273.0,943.7,17.81,0.61,18.42,48,0.384,1,8.7,15.7,10,5.7,64.6,fair,1.46,good,0,0.2679,0,0.2123,0,3.7
XB-20240658,Dairy,Kaduna,Ibadan,10.52,7.44,7.38,3.93,4337.7,1794259.0,679.8,10.88,1.03,11.92,48,0.248,1,4.4,7.0,6,1.0,79.1,fair,1.29,poor,1,0.2177,0,0.4755,0,5.8
XB-20240659,Peppers,Kano,Onitsha,12.0,8.52,6.14,6.79,1202.0,235577.0,905.9,25.46,5.05,30.51,96,0.318,1,21.7,25.8,22,3.8,63.0,fair,0.848,fair,0,0.4251,0,0.3929,0,5.14
XB-20240660,Dairy,Kano,Onitsha,12.0,8.52,6.14,6.79,2163.2,912916.0,975.7,24.99,0.04,25.03,48,0.521,1,4.4,7.6,6,1.6,67.5,good,0.0,poor,0,0.1024,0,0.4449,0,5.56
XB-20240661,Dairy,Kaduna,Port Harcourt,10.52,7.44,4.82,7.04,4148.2,1709483.0,905.3,14.03,2.21,16.23,48,0.338,0,38.0,45.3,6,39.3,90.7,fair,1.299,good,0,0.6532,1,0.4603,1,5.68
XB-20240662,Fresh Fish,Abuja,Port Harcourt,9.07,7.4,4.82,7.04,1764.7,1072157.0,629.8,15.51,2.42,17.93,24,0.747,0,29.6,32.7,4,28.7,71.8,poor,1.563,excellent,0,0.8113,1,0.4088,0,5.27
XB-20240663,Dairy,Zaria,Ibadan,11.08,7.71,7.38,3.93,4878.1,2126203.0,823.8,13.32,1.8,15.12,48,0.315,0,33.9,37.7,6,31.7,75.8,good,0.0,excellent,0,0.473,0,0.1629,0,3.3
XB-20240664,Mangoes,Kano,Onitsha,12.0,8.52,6.14,6.79,542.8,107856.0,902.3,22.41,0.23,22.64,96,0.236,1,21.1,23.9,20,3.9,91.2,fair,0.959,good,0,0.3353,0,0.158,0,3.26
XB-20240665,Mangoes,Lagos,Onitsha,6.52,3.38,6.14,6.79,3496.7,708835.0,502.9,11.06,1.83,12.89,96,0.134,0,33.2,38.3,20,18.3,78.5,fair,0.789,excellent,0,0.5715,0,0.2249,0,3.8
XB-20240666,Peppers,Jos,Onitsha,9.92,8.89,6.14,6.79,4234.4,812853.0,720.8,13.1,1.64,14.74,96,0.154,0,39.4,46.8,22,24.8,67.3,poor,1.027,good,0,0.4961,1,0.3201,0,4.56
XB-20240667,Peppers,Port Harcourt,Jos,4.82,7.04,9.92,8.89,652.3,113068.0,732.8,11.96,0.64,12.6,96,0.131,0,31.2,36.0,22,14.0,90.9,fair,1.127,good,0,0.6887,1,0.4415,1,5.53
XB-20240668,Mangoes,Kano,Port Harcourt,12.0,8.52,4.82,7.04,2803.5,529547.0,1226.9,31.13,1.28,32.41,96,0.338,0,26.5,30.1,20,10.1,70.0,poor,1.078,poor,0,0.5609,0,0.5841,1,6.67
XB-20240669,Strawberries,Ibadan,Abuja,7.38,3.93,9.07,7.4,2544.9,2117957.0,617.7,9.56,0.87,10.44,36,0.29,0,36.1,41.4,8,33.4,74.2,good,0.0,excellent,0,0.5258,1,0.2275,0,3.82
XB-20240670,Fresh Fish,Jos,Ibadan,9.92,8.89,7.38,3.93,1505.1,904804.0,879.9,21.85,2.46,24.32,24,1.013,0,41.1,43.7,4,39.7,56.5,poor,1.851,poor,0,0.8134,1,0.7845,1,8.28
XB-20240671,Leafy Greens,Zaria,Abuja,11.08,7.71,9.07,7.4,928.0,238116.0,343.6,7.17,2.64,9.81,48,0.204,0,36.1,42.4,10,32.4,62.7,poor,1.122,poor,1,0.5076,1,0.6031,1,6.83
XB-20240672,Tomatoes,Onitsha,Jos,6.14,6.79,9.92,8.89,4487.4,1613478.0,623.1,11.19,1.65,12.84,72,0.178,1,23.4,30.6,25,5.6,83.8,good,0.0,excellent,0,0.321,0,0.2071,0,3.66
XB-20240673,Strawberries,Kano,Ibadan,12.0,8.52,7.38,3.93,2254.3,1667201.0,1065.4,22.23,0.85,23.08,36,0.641,0,38.5,45.8,8,37.8,80.1,poor,2.128,good,1,0.8247,1,0.5885,1,6.71
XB-20240674,Fresh Fish,Abuja,Kaduna,9.07,7.4,10.52,7.44,4237.7,2727646.0,234.1,6.05,2.8,8.85,24,0.369,1,5.2,11.2,4,7.2,82.4,fair,1.388,fair,1,0.4503,1,0.549,1,6.39
XB-20240675,Fresh Fish,Onitsha,Ibadan,6.14,6.79,7.38,3.93,415.6,231903.0,511.3,10.72,0.31,11.03,24,0.46,1,4.7,8.4,4,4.4,68.0,good,0.0,poor,1,0.2508,0,0.5465,1,6.37
XB-20240676,Strawberries,Jos,Ibadan,9.92,8.89,7.38,3.93,3921.1,3077238.0,979.8,15.42,4.18,19.6,36,0.544,1,10.9,14.9,8,6.9,58.5,poor,1.909,good,0,0.5387,0,0.2843,0,4.27
XB-20240677,Tomatoes,Jos,Onitsha,9.92,8.89,6.14,6.79,1581.9,579774.0,731.9,12.56,2.48,15.04,72,0.209,0,28.8,35.4,25,10.4,58.9,good,0.0,poor,0,0.3954,0,0.5582,0,6.47
XB-20240678,Tomatoes,Enugu,Port Harcourt,6.44,7.5,4.82,7.04,577.9,209556.0,257.0,5.44,1.94,7.39,72,0.103,1,25.7,28.0,25,3.0,75.2,good,0.0,fair,1,0.1342,0,0.2229,0,3.78
XB-20240679,Dairy,Ibadan,Onitsha,7.38,3.93,6.14,6.79,2562.4,1041441.0,488.8,10.05,0.64,10.69,48,0.223,0,27.7,31.8,6,25.8,69.5,poor,2.773,good,1,0.4786,1,0.4066,0,5.25
XB-20240680,Dairy,Onitsha,Port Harcourt,6.14,6.79,4.82,7.04,748.8,329589.0,203.8,3.51,5.21,8.72,48,0.182,0,26.9,29.2,6,23.2,91.5,fair,0.812,poor,1,0.7157,1,0.5812,0,6.65
XB-20240681,Leafy Greens,Port Harcourt,Kano,4.82,7.04,12.0,8.52,431.4,124945.0,1160.8,17.97,3.64,21.61,48,0.45,0,27.0,31.1,10,21.1,63.7,good,0.0,good,1,0.5495,1,0.4909,0,5.93
XB-20240682,Tomatoes,Port Harcourt,Kano,4.82,7.04,12.0,8.52,3509.8,1328349.0,1148.6,18.01,0.04,18.05,72,0.251,0,33.7,40.8,25,15.8,61.7,good,0.0,poor,0,0.4016,0,0.5672,1,6.54
XB-20240683,Dairy,Kaduna,Abuja,10.52,7.44,9.07,7.4,2434.9,1063866.0,219.3,3.88,0.87,4.75,48,0.099,1,8.6,14.5,6,8.5,76.8,good,0.0,good,1,0.2472,0,0.1834,0,3.47
XB-20240684,Strawberries,Ibadan,Kaduna,7.38,3.93,10.52,7.44,2920.0,2408031.0,765.5,17.31,0.2,17.51,36,0.486,0,34.8,39.8,8,31.8,74.7,fair,0.542,fair,0,0.4785,0,0.4279,0,5.42
XB-20240685,Tomatoes,Ibadan,Zaria,7.38,3.93,11.08,7.71,2175.3,713199.0,762.5,12.06,1.14,13.2,72,0.183,0,35.2,39.2,25,14.2,91.5,fair,0.641,good,0,0.6025,1,0.3663,0,4.93
XB-20240686,Leafy Greens,Kano,Abuja,12.0,8.52,9.07,7.4,4324.7,1122438.0,554.4,9.18,1.35,10.52,48,0.219,0,40.2,43.5,10,33.5,59.3,fair,0.687,excellent,0,0.6414,1,0.2834,0,4.27
XB-20240687,Peppers,Onitsha,Kaduna,6.14,6.79,10.52,7.44,3601.8,634166.0,780.6,12.96,1.7,14.65,96,0.153,0,28.3,35.6,22,13.6,64.3,fair,1.278,good,1,0.5916,1,0.4454,0,5.56
XB-20240688,Dairy,Jos,Enugu,9.92,8.89,6.44,7.5,775.2,350297.0,506.8,8.68,0.32,9.0,48,0.187,0,32.3,36.7,6,30.7,80.9,fair,1.032,fair,2,0.4757,1,0.5877,0,6.7
XB-20240689,Peppers,Port Harcourt,Enugu,4.82,7.04,6.44,7.5,4515.6,849087.0,252.4,7.04,0.04,7.07,96,0.074,0,35.6,40.2,22,18.2,66.2,poor,1.544,good,0,0.4858,0,0.3122,0,4.5
XB-20240690,Fresh Fish,Lagos,Ibadan,6.52,3.38,7.38,3.93,721.1,457906.0,175.6,4.38,0.06,4.43,24,0.185,1,4.4,11.7,4,7.7,74.4,good,0.0,excellent,0,0.205,0,0.1306,0,3.04
XB-20240691,Mangoes,Zaria,Lagos,11.08,7.71,6.52,3.38,1115.8,236871.0,1100.7,20.11,0.32,20.43,96,0.213,1,20.3,23.5,20,3.5,78.8,poor,1.024,good,0,0.2773,0,0.2907,0,4.33
XB-20240692,Strawberries,Enugu,Ibadan,6.44,7.5,7.38,3.93,452.4,365606.0,646.9,14.63,1.14,15.77,36,0.438,1,11.4,14.5,8,6.5,67.7,fair,0.596,good,0,0.4162,0,0.4643,0,5.71
XB-20240693,Dairy,Port Harcourt,Lagos,4.82,7.04,6.52,3.38,2951.8,1153220.0,558.7,12.6,2.42,15.02,48,0.313,0,29.4,33.4,6,27.4,79.3,poor,1.495,poor,5,0.5823,1,0.768,1,8.14
XB-20240694,Dairy,Enugu,Jos,6.44,7.5,9.92,8.89,2939.1,1329270.0,582.1,16.39,0.78,17.17,48,0.358,0,33.7,38.5,6,32.5,91.3,good,0.0,poor,2,0.6427,1,0.7977,1,8.38
XB-20240695,Strawberries,Abuja,Port Harcourt,9.07,7.4,4.82,7.04,4789.9,4122799.0,751.2,14.33,0.88,15.22,36,0.423,0,32.8,40.4,8,32.4,71.9,fair,1.13,fair,0,0.5979,0,0.446,0,5.57
XB-20240696,Strawberries,Onitsha,Enugu,6.14,6.79,6.44,7.5,4713.7,3499887.0,108.8,2.93,1.22,4.15,36,0.115,1,10.0,17.9,8,9.9,64.4,fair,1.001,good,0,0.3041,0,0.1284,0,3.03
XB-20240697,Dairy,Abuja,Enugu,9.07,7.4,6.44,7.5,1537.4,631954.0,351.3,9.02,1.06,10.08,48,0.21,0,31.9,38.7,6,32.7,71.7,fair,1.31,good,1,0.6494,1,0.4632,0,5.71
XB-20240698,Peppers,Zaria,Kano,11.08,7.71,12.0,8.52,2981.1,568607.0,197.1,3.36,0.68,4.04,96,0.042,0,37.4,43.7,22,21.7,82.7,good,0.0,poor,2,0.4352,0,0.6861,1,7.49
XB-20240699,Leafy Greens,Enugu,Lagos,6.44,7.5,6.52,3.38,3757.2,1013317.0,588.7,10.17,0.03,10.2,48,0.213,0,25.5,28.2,10,18.2,87.7,good,0.0,good,0,0.5786,1,0.4811,0,5.85
XB-20240700,Leafy Greens,Abuja,Enugu,9.07,7.4,6.44,7.5,4470.6,1236093.0,461.4,12.38,4.4,16.78,48,0.35,0,32.2,38.9,10,28.9,57.8,good,0.0,excellent,0,0.5725,1,0.2221,0,3.78
XB-20240701,Leafy Greens,Abuja,Kano,9.07,7.4,12.0,8.52,1601.3,452405.0,446.2,10.3,1.2,11.5,48,0.24,1,9.7,17.3,10,7.3,67.1,poor,1.492,fair,0,0.3559,0,0.4309,0,5.45
XB-20240702,Fresh Fish,Onitsha,Jos,6.14,6.79,9.92,8.89,1475.3,962304.0,623.4,12.79,0.2,13.0,24,0.542,1,5.0,10.4,4,6.4,67.5,good,0.0,fair,1,0.4636,0,0.4126,0,5.3
XB-20240703,Tomatoes,Kaduna,Abuja,10.52,7.44,9.07,7.4,2655.5,953404.0,258.0,5.42,0.81,6.24,72,0.087,1,27.0,31.6,25,6.6,87.3,fair,0.633,fair,1,0.3097,0,0.4596,0,5.68
XB-20240704,Strawberries,Port Harcourt,Kaduna,4.82,7.04,10.52,7.44,1794.7,1410291.0,890.0,16.77,12.81,29.58,36,0.822,0,29.7,32.6,8,24.6,56.6,fair,1.045,good,1,0.7317,1,0.4575,0,5.66
XB-20240705,Dairy,Kano,Enugu,12.0,8.52,6.44,7.5,4465.3,1898112.0,953.3,18.16,0.98,19.13,48,0.399,0,30.2,35.6,6,29.6,56.6,poor,1.793,excellent,0,0.6364,1,0.4154,0,5.32
XB-20240706,Dairy,Ibadan,Onitsha,7.38,3.93,6.14,6.79,3894.3,1669614.0,483.0,7.46,0.46,7.93,48,0.165,1,8.3,15.2,6,9.2,78.5,poor,2.396,good,0,0.3748,0,0.2935,0,4.35
XB-20240707,Strawberries,Enugu,Abuja,6.44,7.5,9.07,7.4,4598.6,3609712.0,408.2,7.38,1.95,9.33,36,0.259,0,34.2,37.6,8,29.6,58.2,good,0.0,poor,1,0.4761,0,0.6159,1,6.93
XB-20240708,Strawberries,Onitsha,Kaduna,6.14,6.79,10.52,7.44,2790.0,2032122.0,762.1,13.3,0.28,13.59,36,0.377,1,11.2,14.1,8,6.1,55.5,good,0.0,good,0,0.3206,0,0.3051,0,4.44
XB-20240709,Fresh Fish,Kano,Lagos,12.0,8.52,6.52,3.38,1282.4,787057.0,1121.0,31.28,4.03,35.3,24,1.471,0,26.6,31.0,4,27.0,79.8,fair,0.884,excellent,0,0.9645,1,0.4984,0,5.99
XB-20240710,Mangoes,Zaria,Onitsha,11.08,7.71,6.14,6.79,3345.6,667565.0,813.1,20.79,4.12,24.91,96,0.26,0,33.5,40.5,20,20.5,58.7,poor,1.801,excellent,0,0.6011,1,0.3393,0,4.71
XB-20240711,Strawberries,Onitsha,Abuja,6.14,6.79,9.07,7.4,3874.1,3250649.0,473.5,7.62,0.01,7.64,36,0.212,1,10.0,17.4,8,9.4,57.1,fair,1.069,excellent,0,0.5438,1,0.29,0,4.32
XB-20240712,Tomatoes,Lagos,Abuja,6.52,3.38,9.07,7.4,1843.4,615091.0,674.6,10.45,3.63,14.08,72,0.196,1,23.7,25.8,25,0.8,65.1,fair,1.319,fair,2,0.2686,0,0.5151,1,6.12
XB-20240713,Tomatoes,Kaduna,Enugu,10.52,7.44,6.44,7.5,1992.6,731305.0,698.9,14.06,0.84,14.91,72,0.207,1,28.8,34.9,25,9.9,66.7,poor,1.661,excellent,0,0.5553,1,0.2679,0,4.14
XB-20240714,Peppers,Jos,Kaduna,9.92,8.89,10.52,7.44,721.1,136263.0,230.6,5.22,4.54,9.76,96,0.102,0,31.9,34.4,22,12.4,59.4,good,0.0,good,0,0.3588,0,0.3025,0,4.42
XB-20240715,Mangoes,Ibadan,Kaduna,7.38,3.93,10.52,7.44,1748.6,372332.0,639.4,10.92,3.33,14.25,96,0.148,0,23.4,29.0,20,9.0,58.3,good,0.0,good,0,0.505,0,0.2877,0,4.3
XB-20240716,Strawberries,Jos,Enugu,9.92,8.89,6.44,7.5,2770.4,2374955.0,519.2,14.13,1.12,15.25,36,0.424,0,35.9,40.4,8,32.4,87.0,poor,2.985,poor,0,0.678,1,0.6146,0,6.92
XB-20240717,Peppers,Ibadan,Zaria,7.38,3.93,11.08,7.71,4603.3,822590.0,744.7,19.54,0.92,20.46,96,0.213,1,22.6,24.7,22,2.7,91.8,fair,0.974,poor,0,0.2058,0,0.3662,0,4.93
XB-20240718,Peppers,Abuja,Ibadan,9.07,7.4,7.38,3.93,1721.3,316681.0,598.7,9.35,1.67,11.02,96,0.115,1,23.4,26.2,22,4.2,73.5,fair,1.338,poor,1,0.2793,0,0.5554,1,6.44
XB-20240719,Strawberries,Abuja,Ibadan,9.07,7.4,7.38,3.93,3811.1,2972760.0,673.2,13.58,0.78,14.36,36,0.399,0,33.5,41.3,8,33.3,89.6,poor,2.841,good,0,0.7752,1,0.5517,0,6.41
XB-20240720,Mangoes,Jos,Zaria,9.92,8.89,11.08,7.71,2084.0,449672.0,244.3,4.05,0.41,4.46,96,0.046,0,28.4,35.3,20,15.3,66.8,fair,1.484,poor,0,0.4954,0,0.4974,0,5.98
XB-20240721,Strawberries,Kano,Abuja,12.0,8.52,9.07,7.4,1539.0,1179265.0,440.2,7.7,0.05,7.75,36,0.215,1,8.9,14.9,8,6.9,68.7,good,0.0,poor,0,0.0839,0,0.2659,0,4.13
XB-20240722,Peppers,Jos,Kano,9.92,8.89,12.0,8.52,3556.1,643326.0,299.7,4.99,0.05,5.04,96,0.053,1,20.5,26.7,22,4.7,69.6,fair,0.503,fair,1,0.112,0,0.358,0,4.86
XB-20240723,Fresh Fish,Kaduna,Onitsha,10.52,7.44,6.14,6.79,3421.7,2249767.0,717.5,14.08,0.36,14.44,24,0.602,0,29.2,34.4,4,30.4,72.7,fair,1.072,poor,1,0.5659,0,0.6915,1,7.53
XB-20240724,Mangoes,Ibadan,Lagos,7.38,3.93,6.52,3.38,2540.1,461341.0,171.7,3.14,2.77,5.91,96,0.062,0,36.9,40.9,20,20.9,55.5,poor,2.884,fair,0,0.5513,1,0.5324,1,6.26
XB-20240725,Leafy Greens,Zaria,Port Harcourt,11.08,7.71,4.82,7.04,4617.3,1274097.0,880.4,19.16,2.43,21.59,48,0.45,0,34.6,40.3,10,30.3,60.7,poor,1.392,poor,0,0.6025,1,0.6607,1,7.29
XB-20240726,Dairy,Onitsha,Zaria,6.14,6.79,11.08,7.71,2868.2,1089172.0,794.6,20.85,0.64,21.5,48,0.448,1,4.8,8.9,6,2.9,84.3,fair,0.945,excellent,0,0.2258,0,0.1362,0,3.09
XB-20240727,Mangoes,Lagos,Kano,6.52,3.38,12.0,8.52,3058.4,639173.0,1009.9,20.88,0.09,20.98,96,0.218,0,28.1,33.2,20,13.2,77.1,fair,0.841,good,0,0.534,1,0.422,0,5.38
XB-20240728,Peppers,Kano,Onitsha,12.0,8.52,6.14,6.79,2489.9,481030.0,859.6,24.11,1.71,25.82,96,0.269,0,23.8,30.7,22,8.7,68.6,fair,1.328,fair,2,0.5713,1,0.6987,1,7.59
XB-20240729,Fresh Fish,Lagos,Abuja,6.52,3.38,9.07,7.4,2059.9,1278558.0,785.8,15.82,0.14,15.96,24,0.665,1,3.1,5.2,4,1.2,61.7,fair,1.038,poor,2,0.3343,0,0.6832,1,7.47
XB-20240730,Mangoes,Port Harcourt,Kano,4.82,7.04,12.0,8.52,1949.0,423986.0,1054.3,19.21,2.79,22.0,96,0.229,0,27.7,31.5,20,11.5,83.8,poor,2.449,good,0,0.6518,1,0.3875,0,5.1
XB-20240731,Strawberries,Jos,Enugu,9.92,8.89,6.44,7.5,494.5,427562.0,664.0,11.31,0.39,11.7,36,0.325,1,11.9,19.0,8,11.0,89.4,poor,1.913,good,0,0.3481,0,0.323,0,4.58
XB-20240732,Mangoes,Enugu,Zaria,6.44,7.5,11.08,7.71,2546.9,526266.0,681.7,14.77,4.34,19.11,96,0.199,0,35.8,39.3,20,19.3,61.2,fair,1.267,poor,2,0.6646,1,0.7126,1,7.7
XB-20240733,Mangoes,Kaduna,Lagos,10.52,7.44,6.52,3.38,4658.4,948700.0,957.3,24.78,0.31,25.08,96,0.261,0,34.5,41.9,20,21.9,71.4,fair,1.46,excellent,0,0.5457,1,0.2728,0,4.18
XB-20240734,Leafy Greens,Jos,Kaduna,9.92,8.89,10.52,7.44,2844.4,734424.0,234.0,5.36,0.35,5.71,48,0.119,1,8.2,14.1,10,4.1,77.6,poor,2.321,excellent,0,0.206,0,0.0563,0,2.45
XB-20240735,Dairy,Enugu,Ibadan,6.44,7.5,7.38,3.93,412.4,174437.0,586.1,10.43,0.21,10.64,48,0.222,0,34.7,42.6,6,36.6,81.5,fair,1.07,poor,2,0.3619,0,0.5387,1,6.31
XB-20240736,Strawberries,Enugu,Lagos,6.44,7.5,6.52,3.38,2423.5,1870532.0,635.6,11.93,3.13,15.07,36,0.419,0,25.5,33.4,8,25.4,80.1,fair,0.526,good,0,0.4588,0,0.3142,0,4.51
XB-20240737,Tomatoes,Jos,Lagos,9.92,8.89,6.52,3.38,4708.1,1749770.0,976.2,16.37,0.33,16.7,72,0.232,1,24.4,31.1,25,6.1,63.9,poor,1.504,good,1,0.4562,0,0.3559,0,4.85
XB-20240738,Fresh Fish,Lagos,Enugu,6.52,3.38,6.44,7.5,2681.7,1494553.0,672.9,12.54,0.93,13.47,24,0.561,0,30.9,35.3,4,31.3,79.1,fair,0.874,poor,1,0.6861,1,0.6309,0,7.05
XB-20240739,Tomatoes,Onitsha,Ibadan,6.14,6.79,7.38,3.93,3150.2,1113497.0,429.8,7.34,0.47,7.81,72,0.109,0,36.2,38.9,25,13.9,75.3,good,0.0,fair,0,0.5581,0,0.5216,1,6.17
XB-20240740,Strawberries,Kaduna,Ibadan,10.52,7.44,7.38,3.93,2838.5,2079180.0,646.8,10.22,0.16,10.38,36,0.288,0,27.8,35.1,8,27.1,55.7,poor,1.723,fair,0,0.5867,1,0.4542,0,5.63
XB-20240741,Leafy Greens,Zaria,Abuja,11.08,7.71,9.07,7.4,1924.0,526161.0,339.9,6.9,1.38,8.28,48,0.172,0,25.2,30.4,10,20.4,81.1,fair,1.112,excellent,0,0.5149,0,0.1714,0,3.37
XB-20240742,Strawberries,Abuja,Enugu,9.07,7.4,6.44,7.5,4565.5,3898493.0,429.1,7.81,0.47,8.27,36,0.23,1,6.6,10.4,8,2.4,75.4,good,0.0,excellent,0,0.1081,0,0.1105,0,2.88
XB-20240743,Mangoes,Onitsha,Kano,6.14,6.79,12.0,8.52,4902.5,1009460.0,1009.3,16.15,1.54,17.69,96,0.184,1,18.6,24.7,20,4.7,64.4,fair,1.146,good,0,0.4201,0,0.3292,0,4.63
XB-20240744,Tomatoes,Jos,Abuja,9.92,8.89,9.07,7.4,954.5,314722.0,297.1,6.46,3.18,9.65,72,0.134,1,26.0,29.6,25,4.6,76.0,fair,0.935,excellent,0,0.2552,0,0.1025,0,2.82
XB-20240745,Peppers,Abuja,Kano,9.07,7.4,12.0,8.52,3622.2,708765.0,518.8,14.04,0.32,14.36,96,0.15,1,24.8,30.2,22,8.2,58.1,fair,0.798,good,0,0.2823,0,0.1859,0,3.49
XB-20240746,Peppers,Zaria,Onitsha,11.08,7.71,6.14,6.79,3235.1,564548.0,849.5,17.16,2.09,19.26,96,0.201,1,22.8,28.4,22,6.4,67.5,fair,0.541,excellent,0,0.3897,0,0.3461,0,4.77
XB-20240747,Peppers,Lagos,Zaria,6.52,3.38,11.08,7.71,1307.0,225453.0,904.5,14.94,0.92,15.86,96,0.165,1,20.5,28.4,22,6.4,76.8,fair,1.064,excellent,0,0.3933,0,0.1196,0,2.96
XB-20240748,Fresh Fish,Kaduna,Jos,10.52,7.44,9.92,8.89,246.4,135223.0,235.4,5.65,0.05,5.7,24,0.237,0,27.6,30.7,4,26.7,82.8,good,0.0,good,0,0.6047,1,0.4024,0,5.22
XB-20240749,Mangoes,Zaria,Lagos,11.08,7.71,6.52,3.38,2744.8,535954.0,1023.5,26.15,6.01,32.16,96,0.335,1,20.9,23.8,20,3.8,57.1,fair,0.747,good,1,0.3415,0,0.3287,0,4.63
XB-20240750,Dairy,Kaduna,Zaria,10.52,7.44,11.08,7.71,3172.0,1364090.0,98.5,2.73,0.52,3.24,48,0.068,1,5.8,9.5,6,3.5,91.4,good,0.0,excellent,0,0.1939,0,0.01,0,2.08
XB-20240751,Fresh Fish,Kano,Ibadan,12.0,8.52,7.38,3.93,2916.8,1821570.0,969.4,16.93,1.75,18.67,24,0.778,1,3.7,7.0,4,3.0,60.0,good,0.0,poor,0,0.3169,0,0.4452,0,5.56
XB-20240752,Leafy Greens,Ibadan,Lagos,7.38,3.93,6.52,3.38,587.5,180296.0,139.7,2.23,1.89,4.13,48,0.086,1,9.3,14.0,10,4.0,83.4,fair,0.811,good,0,0.1048,0,0.2332,0,3.87
XB-20240753,Dairy,Enugu,Port Harcourt,6.44,7.5,4.82,7.04,4207.9,1653359.0,246.6,6.2,1.61,7.81,48,0.163,0,38.1,42.1,6,36.1,91.3,fair,1.244,good,0,0.7817,1,0.4954,0,5.96
XB-20240754,Tomatoes,Onitsha,Ibadan,6.14,6.79,7.38,3.93,3776.4,1428789.0,491.8,14.0,0.0,14.0,72,0.194,0,29.8,37.6,25,12.6,63.2,fair,0.561,good,0,0.4986,1,0.3291,0,4.63
XB-20240755,Tomatoes,Kano,Enugu,12.0,8.52,6.44,7.5,3186.0,1011940.0,1002.1,16.81,0.17,16.98,72,0.236,1,23.0,29.0,25,4.0,79.4,fair,0.663,good,0,0.3278,0,0.2519,0,4.02
XB-20240756,Leafy Greens,Abuja,Zaria,9.07,7.4,11.08,7.71,2074.7,535557.0,306.3,4.95,0.05,5.01,48,0.104,0,33.6,36.5,10,26.5,76.0,poor,2.515,good,0,0.5543,0,0.4055,0,5.24
XB-20240757,Tomatoes,Jos,Lagos,9.92,8.89,6.52,3.38,2005.2,749554.0,864.4,13.51,0.86,14.37,72,0.2,0,36.1,43.7,25,18.7,64.5,fair,0.825,good,0,0.596,1,0.415,0,5.32
XB-20240758,Dairy,Zaria,Kaduna,11.08,7.71,10.52,7.44,535.1,227298.0,94.1,2.22,0.42,2.64,48,0.055,0,36.3,43.6,6,37.6,78.9,poor,1.563,good,1,0.6383,1,0.4855,0,5.88
XB-20240759,Fresh Fish,Abuja,Ibadan,9.07,7.4,7.38,3.93,2930.2,1623273.0,655.9,12.59,0.28,12.87,24,0.536,0,33.5,40.6,4,36.6,83.8,poor,2.401,good,0,0.6738,1,0.5625,1,6.5
XB-20240760,Fresh Fish,Port Harcourt,Kano,4.82,7.04,12.0,8.52,4088.7,2214830.0,1074.6,17.28,0.39,17.67,24,0.736,0,38.9,42.1,4,38.1,60.9,fair,0.791,poor,1,0.7013,1,0.6681,1,7.34
XB-20240761,Strawberries,Ibadan,Lagos,7.38,3.93,6.52,3.38,4830.0,3847529.0,144.6,3.79,2.31,6.1,36,0.17,0,30.2,37.5,8,29.5,91.1,fair,1.066,good,0,0.4761,1,0.3051,0,4.44
XB-20240762,Fresh Fish,Zaria,Enugu,11.08,7.71,6.44,7.5,1768.7,989374.0,731.7,20.67,2.58,23.26,24,0.969,0,34.3,39.5,4,35.5,66.1,fair,0.718,fair,1,0.7551,1,0.6348,1,7.08
XB-20240763,Fresh Fish,Kaduna,Onitsha,10.52,7.44,6.14,6.79,3482.1,2010784.0,764.7,12.28,1.67,13.95,24,0.581,0,29.6,31.9,4,27.9,89.5,fair,1.494,good,1,0.8283,1,0.6196,0,6.96
XB-20240764,Peppers,Zaria,Kaduna,11.08,7.71,10.52,7.44,562.9,110159.0,98.1,2.25,1.75,4.0,96,0.042,1,20.6,25.6,22,3.6,70.8,fair,1.146,excellent,0,0.2112,0,0.1243,0,2.99
XB-20240765,Mangoes,Zaria,Kaduna,11.08,7.71,10.52,7.44,890.2,192384.0,92.1,2.46,2.59,5.05,96,0.053,1,22.3,26.0,20,6.0,81.4,fair,0.609,poor,2,0.1641,0,0.5658,1,6.53
XB-20240766,Tomatoes,Kaduna,Onitsha,10.52,7.44,6.14,6.79,4294.1,1448061.0,667.5,12.61,0.74,13.35,72,0.185,1,25.2,31.3,25,6.3,55.5,fair,0.819,fair,0,0.391,0,0.4564,0,5.65
XB-20240767,Dairy,Enugu,Kaduna,6.44,7.5,10.52,7.44,505.8,228392.0,612.2,10.24,0.64,10.88,48,0.227,0,40.1,42.6,6,36.6,74.4,poor,2.103,fair,3,0.5087,0,0.6937,1,7.55
XB-20240768,Fresh Fish,Lagos,Kaduna,6.52,3.38,10.52,7.44,1441.4,834665.0,950.4,22.58,3.59,26.17,24,1.09,0,37.4,41.9,4,37.9,78.3,fair,0.84,fair,1,0.8234,1,0.6179,1,6.94
XB-20240769,Mangoes,Ibadan,Kano,7.38,3.93,12.0,8.52,2611.0,514861.0,1008.1,17.73,0.42,18.14,96,0.189,0,37.6,41.0,20,21.0,62.3,good,0.0,poor,0,0.4767,0,0.5502,0,6.4
XB-20240770,Dairy,Kaduna,Abuja,10.52,7.44,9.07,7.4,1974.6,774105.0,215.8,6.11,1.46,7.56,48,0.158,1,9.9,14.7,6,8.7,82.7,good,0.0,good,0,0.3371,0,0.2589,0,4.07
XB-20240771,Peppers,Abuja,Zaria,9.07,7.4,11.08,7.71,4248.7,743542.0,295.7,6.91,2.92,9.83,96,0.102,1,22.3,28.3,22,6.3,64.4,fair,0.557,good,1,0.3623,0,0.344,0,4.75
XB-20240772,Dairy,Lagos,Enugu,6.52,3.38,6.44,7.5,2677.9,1208666.0,629.5,15.29,0.06,15.35,48,0.32,0,27.8,29.9,6,23.9,64.3,fair,1.117,excellent,0,0.5054,1,0.098,0,2.78
XB-20240773,Mangoes,Abuja,Zaria,9.07,7.4,11.08,7.71,3564.5,643012.0,357.3,7.91,0.54,8.45,96,0.088,0,29.2,34.8,20,14.8,60.6,good,0.0,fair,0,0.3726,0,0.4091,0,5.27
XB-20240774,Fresh Fish,Jos,Kaduna,9.92,8.89,10.52,7.44,3630.7,2187721.0,240.9,4.34,0.47,4.81,24,0.201,0,32.8,38.4,4,34.4,65.8,poor,2.612,good,0,0.6698,1,0.4978,0,5.98
XB-20240775,Leafy Greens,Port Harcourt,Abuja,4.82,7.04,9.07,7.4,952.8,277060.0,582.5,15.41,4.17,19.58,48,0.408,0,36.0,43.1,10,33.1,60.8,good,0.0,excellent,0,0.6584,1,0.398,0,5.18
XB-20240776,Strawberries,Ibadan,Abuja,7.38,3.93,9.07,7.4,3022.9,2360669.0,518.1,11.52,2.9,14.42,36,0.401,0,36.2,41.3,8,33.3,85.2,poor,1.801,excellent,0,0.67,1,0.3652,0,4.92
XB-20240777,Peppers,Kano,Onitsha,12.0,8.52,6.14,6.79,2804.8,491976.0,1056.5,18.0,0.06,18.06,96,0.188,1,23.9,31.7,22,9.7,73.9,poor,1.604,excellent,0,0.371,0,0.1172,0,2.94
XB-20240778,Mangoes,Ibadan,Kaduna,7.38,3.93,10.52,7.44,2564.5,499270.0,649.6,13.22,2.42,15.64,96,0.163,0,28.9,36.5,20,16.5,76.2,good,0.0,good,0,0.5668,1,0.5159,1,6.13
XB-20240779,Tomatoes,Kaduna,Jos,10.52,7.44,9.92,8.89,735.4,240812.0,223.1,3.81,2.71,6.52,72,0.091,0,31.4,37.1,25,12.1,71.2,fair,0.608,poor,2,0.4977,0,0.6132,1,6.91
XB-20240780,Peppers,Onitsha,Lagos,6.14,6.79,6.52,3.38,2095.8,371513.0,548.1,12.97,0.59,13.56,96,0.141,0,35.3,40.4,22,18.4,67.0,fair,0.614,excellent,0,0.5096,0,0.2679,0,4.14
XB-20240781,Fresh Fish,Zaria,Enugu,11.08,7.71,6.44,7.5,3211.7,1734436.0,620.3,10.71,2.06,12.77,24,0.532,0,38.2,45.7,4,41.7,74.4,fair,1.497,good,0,0.6069,0,0.4207,0,5.37
XB-20240782,Strawberries,Jos,Onitsha,9.92,8.89,6.14,6.79,1492.2,1272363.0,584.9,16.62,0.38,17.0,36,0.472,0,21.6,28.7,8,20.7,78.1,fair,1.452,poor,2,0.5097,1,0.6721,1,7.38
XB-20240783,Leafy Greens,Kaduna,Onitsha,10.52,7.44,6.14,6.79,2848.1,813688.0,780.4,12.01,0.34,12.35,48,0.257,0,31.1,36.2,10,26.2,63.6,good,0.0,good,0,0.4558,0,0.32,0,4.56
XB-20240784,Strawberries,Onitsha,Ibadan,6.14,6.79,7.38,3.93,2519.9,2045756.0,434.2,8.73,1.98,10.71,36,0.297,0,31.7,36.6,8,28.6,58.6,fair,1.015,fair,0,0.4882,1,0.4734,0,5.79
XB-20240785,Tomatoes,Port Harcourt,Onitsha,4.82,7.04,6.14,6.79,3061.7,1148983.0,208.7,5.03,0.29,5.32,72,0.074,1,28.6,34.1,25,9.1,73.6,fair,1.116,excellent,0,0.3886,0,0.2565,0,4.05
XB-20240786,Mangoes,Ibadan,Lagos,7.38,3.93,6.52,3.38,3793.9,762220.0,175.3,3.27,0.75,4.03,96,0.042,0,24.2,30.2,20,10.2,78.0,poor,2.57,good,1,0.5703,1,0.4292,0,5.43
XB-20240787,Dairy,Onitsha,Lagos,6.14,6.79,6.52,3.38,1370.1,552087.0,467.9,8.94,1.18,10.12,48,0.211,0,38.3,41.4,6,35.4,84.0,fair,1.183,good,0,0.5228,1,0.3761,0,5.01
XB-20240788,Leafy Greens,Kano,Onitsha,12.0,8.52,6.14,6.79,3108.6,867132.0,915.9,16.0,0.6,16.6,48,0.346,0,33.8,41.5,10,31.5,89.3,fair,0.732,good,0,0.5549,1,0.2885,0,4.31
XB-20240789,Tomatoes,Port Harcourt,Onitsha,4.82,7.04,6.14,6.79,4037.7,1414747.0,181.2,3.91,1.79,5.7,72,0.079,0,26.6,29.7,25,4.7,83.8,good,0.0,good,1,0.3469,0,0.3034,0,4.43
XB-20240790,Peppers,Enugu,Onitsha,6.44,7.5,6.14,6.79,1365.4,269008.0,125.6,3.18,1.94,5.12,96,0.053,0,37.7,43.7,22,21.7,71.2,fair,1.254,good,1,0.3483,0,0.4074,0,5.26
XB-20240791,Strawberries,Jos,Lagos,9.92,8.89,6.52,3.38,3311.0,2865066.0,1137.1,23.94,0.57,24.51,36,0.681,1,6.4,11.4,8,3.4,73.3,fair,0.863,fair,3,0.2768,0,0.5131,1,6.1
XB-20240792,Tomatoes,Lagos,Enugu,6.52,3.38,6.44,7.5,3559.8,1327692.0,638.6,10.87,3.21,14.08,72,0.196,0,33.0,39.1,25,14.1,88.5,fair,1.085,excellent,0,0.5909,1,0.2976,0,4.38
XB-20240793,Mangoes,Kaduna,Port Harcourt,10.52,7.44,4.82,7.04,4760.6,938544.0,962.8,25.78,0.19,25.98,96,0.271,0,26.5,33.9,20,13.9,65.4,poor,2.547,poor,0,0.5183,1,0.5708,1,6.57
XB-20240794,Dairy,Ibadan,Kaduna,7.38,3.93,10.52,7.44,539.9,221139.0,801.1,21.4,2.2,23.6,48,0.492,1,7.2,14.9,6,8.9,65.7,fair,1.194,fair,0,0.3794,0,0.4686,0,5.75
XB-20240795,Peppers,Port Harcourt,Lagos,4.82,7.04,6.52,3.38,3240.0,619731.0,606.5,13.81,0.36,14.17,96,0.148,0,34.9,40.6,22,18.6,58.4,fair,0.727,good,0,0.5943,1,0.4311,0,5.45
XB-20240796,Leafy Greens,Port Harcourt,Lagos,4.82,7.04,6.52,3.38,1419.0,375882.0,653.3,12.25,1.11,13.36,48,0.278,1,12.2,18.2,10,8.2,57.5,fair,1.435,poor,0,0.478,1,0.4158,0,5.33
XB-20240797,Dairy,Kaduna,Ibadan,10.52,7.44,7.38,3.93,4139.3,1763197.0,637.1,17.72,3.5,21.22,48,0.442,1,4.3,6.7,6,0.7,87.8,poor,1.394,fair,2,0.3151,0,0.6093,0,6.87
XB-20240798,Leafy Greens,Abuja,Jos,9.07,7.4,9.92,8.89,989.1,264997.0,286.6,5.0,0.97,5.98,48,0.125,1,9.2,13.9,10,3.9,78.1,good,0.0,good,1,0.172,0,0.3224,0,4.58
XB-20240799,Peppers,Port Harcourt,Zaria,4.82,7.04,11.08,7.71,4412.4,828316.0,1108.3,21.85,0.48,22.33,96,0.233,0,34.1,39.8,22,17.8,57.9,fair,1.198,good,0,0.4705,0,0.2729,0,4.18
XB-20240800,Mangoes,Ibadan,Abuja,7.38,3.93,9.07,7.4,3544.2,770846.0,560.9,14.04,1.57,15.61,96,0.163,1,18.6,24.5,20,4.5,84.3,fair,1.454,poor,0,0.3313,0,0.446,1,5.57
XB-20240801,Dairy,Ibadan,Port Harcourt,7.38,3.93,4.82,7.04,624.2,280294.0,633.6,11.62,4.75,16.36,48,0.341,1,7.4,12.6,6,6.6,76.9,fair,0.506,excellent,0,0.4293,0,0.3396,0,4.72
XB-20240802,Peppers,Jos,Ibadan,9.92,8.89,7.38,3.93,756.1,130421.0,760.6,11.87,0.58,12.45,96,0.13,1,24.4,28.1,22,6.1,66.0,fair,0.522,fair,0,0.2792,0,0.364,0,4.91
XB-20240803,Tomatoes,Enugu,Onitsha,6.44,7.5,6.14,6.79,4196.7,1552469.0,117.5,3.3,0.41,3.71,72,0.051,0,36.1,40.4,25,15.4,61.8,poor,1.414,fair,0,0.5908,1,0.4446,0,5.56
XB-20240804,Tomatoes,Zaria,Enugu,11.08,7.71,6.44,7.5,605.8,210717.0,721.2,11.45,1.91,13.36,72,0.186,1,27.0,34.4,25,9.4,56.2,poor,2.124,good,2,0.3444,0,0.5324,1,6.26
XB-20240805,Strawberries,Abuja,Kaduna,9.07,7.4,10.52,7.44,3748.6,3248491.0,246.5,5.06,1.54,6.6,36,0.183,1,9.4,16.1,8,8.1,84.4,fair,1.029,poor,0,0.4598,0,0.4803,0,5.84
XB-20240806,Dairy,Lagos,Kano,6.52,3.38,12.0,8.52,3237.0,1319445.0,1009.1,27.05,2.1,29.15,48,0.607,0,39.4,45.8,6,39.8,85.7,poor,2.261,good,1,0.7095,1,0.5103,0,6.08
XB-20240807,Dairy,Ibadan,Abuja,7.38,3.93,9.07,7.4,1269.5,585889.0,548.4,13.7,2.33,16.03,48,0.334,0,33.3,40.5,6,34.5,69.3,good,0.0,good,1,0.388,1,0.3499,0,4.8
XB-20240808,Fresh Fish,Kaduna,Ibadan,10.52,7.44,7.38,3.93,3254.3,2088945.0,647.5,11.75,1.98,13.73,24,0.572,1,2.9,7.9,4,3.9,71.9,poor,2.222,fair,0,0.396,0,0.4898,1,5.92
XB-20240809,Strawberries,Enugu,Port Harcourt,6.44,7.5,4.82,7.04,4832.0,3964005.0,272.1,6.87,0.28,7.16,36,0.199,0,34.2,40.9,8,32.9,75.2,fair,1.463,good,0,0.5992,1,0.4333,0,5.47
XB-20240810,Leafy Greens,Jos,Kaduna,9.92,8.89,10.52,7.44,3465.2,916199.0,273.7,7.81,4.07,11.88,48,0.248,1,9.6,13.6,10,3.6,72.6,good,0.0,good,0,0.2131,0,0.1497,0,3.2
XB-20240811,Fresh Fish,Jos,Lagos,9.92,8.89,6.52,3.38,981.8,594644.0,1019.3,18.9,4.74,23.64,24,0.985,1,7.3,12.0,4,8.0,59.5,fair,0.637,excellent,0,0.5585,1,0.3263,0,4.61
XB-20240812,Fresh Fish,Enugu,Ibadan,6.44,7.5,7.38,3.93,1354.6,763099.0,547.1,9.08,0.28,9.36,24,0.39,0,29.2,36.6,4,32.6,69.7,poor,2.707,fair,0,0.666,1,0.5588,1,6.47
XB-20240813,Leafy Greens,Jos,Onitsha,9.92,8.89,6.14,6.79,1421.7,413883.0,672.7,13.52,3.25,16.77,48,0.349,1,8.6,12.6,10,2.6,73.8,poor,1.396,good,0,0.4596,0,0.4052,0,5.24
XB-20240814,Peppers,Enugu,Lagos,6.44,7.5,6.52,3.38,3263.1,536231.0,710.0,15.69,6.81,22.49,96,0.234,1,25.1,30.6,22,8.6,68.8,good,0.0,excellent,0,0.3794,0,0.2484,0,3.99
XB-20240815,Fresh Fish,Jos,Onitsha,9.92,8.89,6.14,6.79,2609.1,1604261.0,625.5,14.9,1.9,16.81,24,0.7,0,35.0,41.9,4,37.9,64.0,poor,2.122,fair,2,0.709,1,0.7812,1,8.25
XB-20240816,Leafy Greens,Enugu,Ibadan,6.44,7.5,7.38,3.93,205.5,55036.0,614.4,11.7,1.36,13.06,48,0.272,0,38.4,43.4,10,33.4,77.5,poor,1.803,good,0,0.6227,1,0.4116,0,5.29
XB-20240817,Strawberries,Kaduna,Kano,10.52,7.44,12.0,8.52,1494.6,1251441.0,264.7,4.96,0.28,5.24,36,0.146,0,28.5,36.5,8,28.5,55.3,fair,0.7,excellent,0,0.571,0,0.3509,0,4.81
XB-20240818,Tomatoes,Port Harcourt,Enugu,4.82,7.04,6.44,7.5,2926.0,1022733.0,257.6,4.75,0.3,5.05,72,0.07,0,26.9,34.2,25,9.2,85.3,fair,1.216,excellent,0,0.3151,0,0.0375,0,2.3
XB-20240819,Fresh Fish,Ibadan,Lagos,7.38,3.93,6.52,3.38,3325.0,1882292.0,143.3,3.48,0.59,4.07,24,0.17,1,3.6,10.5,4,6.5,68.3,fair,1.466,good,1,0.2611,0,0.1655,0,3.32
XB-20240820,Tomatoes,Abuja,Lagos,9.07,7.4,6.52,3.38,1328.7,488651.0,670.9,11.01,3.16,14.17,72,0.197,0,32.1,40.0,25,15.0,69.0,fair,0.661,poor,2,0.6221,1,0.7878,1,8.3
XB-20240821,Leafy Greens,Ibadan,Enugu,7.38,3.93,6.44,7.5,3148.8,886641.0,507.3,10.94,0.74,11.68,48,0.243,0,26.4,34.3,10,24.3,68.0,fair,0.637,excellent,0,0.3646,0,0.1281,0,3.02
XB-20240822,Dairy,Lagos,Enugu,6.52,3.38,6.44,7.5,1538.6,700943.0,675.1,10.41,1.37,11.78,48,0.245,1,6.9,11.3,6,5.3,77.4,fair,1.434,good,1,0.3832,0,0.3367,0,4.69
XB-20240823,Tomatoes,Abuja,Zaria,9.07,7.4,11.08,7.71,548.4,173005.0,300.3,5.9,0.81,6.71,72,0.093,0,32.7,40.3,25,15.3,62.3,poor,1.596,fair,1,0.4737,0,0.5914,1,6.73
XB-20240824,Mangoes,Kaduna,Jos,10.52,7.44,9.92,8.89,4450.8,894052.0,229.0,5.86,0.34,6.2,96,0.065,1,20.0,26.5,20,6.5,77.8,poor,2.002,good,1,0.4061,1,0.3515,0,4.81
XB-20240825,Mangoes,Lagos,Jos,6.52,3.38,9.92,8.89,245.8,47985.0,1120.9,18.91,1.33,20.24,96,0.211,0,33.6,40.7,20,20.7,85.0,good,0.0,good,0,0.5437,1,0.387,0,5.1
XB-20240826,Dairy,Abuja,Kaduna,9.07,7.4,10.52,7.44,2318.4,888150.0,254.3,6.49,0.75,7.24,48,0.151,0,30.8,34.8,6,28.8,80.7,poor,1.38,fair,4,0.6994,1,0.829,1,8.63
XB-20240827,Tomatoes,Kano,Abuja,12.0,8.52,9.07,7.4,1382.5,493743.0,549.7,14.12,1.31,15.43,72,0.214,1,26.7,29.1,25,4.1,62.7,fair,0.869,fair,1,0.2165,0,0.3732,0,4.99
XB-20240828,Fresh Fish,Zaria,Jos,11.08,7.71,9.92,8.89,3276.6,2011976.0,258.4,5.01,0.14,5.15,24,0.214,0,36.2,42.9,4,38.9,83.9,poor,2.98,good,0,0.6344,1,0.4177,0,5.34
XB-20240829,Dairy,Jos,Port Harcourt,9.92,8.89,4.82,7.04,1473.6,637747.0,899.8,17.38,0.68,18.06,48,0.376,0,36.0,42.8,6,36.8,63.5,good,0.0,fair,0,0.4687,0,0.5009,1,6.01
XB-20240830,Fresh Fish,Lagos,Ibadan,6.52,3.38,7.38,3.93,3741.5,2224712.0,136.8,2.12,1.3,3.42,24,0.142,0,31.6,33.7,4,29.7,77.5,poor,1.474,good,0,0.7162,1,0.4612,0,5.69
XB-20240831,Tomatoes,Kaduna,Zaria,10.52,7.44,11.08,7.71,3295.8,1166375.0,89.9,1.67,3.11,4.77,72,0.066,0,32.9,37.6,25,12.6,78.7,fair,0.958,excellent,0,0.5363,0,0.1898,0,3.52
XB-20240832,Tomatoes,Port Harcourt,Lagos,4.82,7.04,6.52,3.38,576.8,210741.0,562.0,12.37,7.9,20.27,72,0.282,1,26.4,33.4,25,8.4,62.1,poor,1.123,poor,0,0.4934,1,0.5987,0,6.79
XB-20240833,Dairy,Kano,Ibadan,12.0,8.52,7.38,3.93,2629.6,1110881.0,1049.7,20.81,1.26,22.08,48,0.46,1,8.3,11.0,6,5.0,76.1,fair,1.182,excellent,0,0.2244,0,0.1617,0,3.29
XB-20240834,Leafy Greens,Port Harcourt,Lagos,4.82,7.04,6.52,3.38,4783.4,1459934.0,557.6,9.96,1.07,11.03,48,0.23,1,8.4,10.5,10,0.5,87.5,poor,2.136,poor,2,0.2651,0,0.4938,0,5.95
XB-20240835,Peppers,Port Harcourt,Jos,4.82,7.04,9.92,8.89,274.4,53146.0,760.0,19.99,0.23,20.21,96,0.211,0,31.2,35.3,22,13.3,67.7,fair,0.743,fair,1,0.542,1,0.5676,0,6.54
XB-20240836,Strawberries,Kaduna,Jos,10.52,7.44,9.92,8.89,3149.3,2509435.0,250.7,4.73,0.3,5.03,36,0.14,0,36.7,41.3,8,33.3,80.1,fair,0.834,good,0,0.4892,1,0.4041,0,5.23
XB-20240837,Fresh Fish,Kano,Jos,12.0,8.52,9.92,8.89,3745.1,2154429.0,307.1,5.88,0.81,6.68,24,0.279,1,6.3,12.0,4,8.0,59.4,good,0.0,fair,0,0.2031,0,0.322,0,4.58
XB-20240838,Dairy,Onitsha,Port Harcourt,6.14,6.79,4.82,7.04,1571.2,618329.0,185.4,2.89,1.9,4.78,48,0.1,0,32.0,34.5,6,28.5,76.0,fair,0.518,good,0,0.4544,1,0.2481,0,3.99
XB-20240839,Mangoes,Onitsha,Kaduna,6.14,6.79,10.52,7.44,812.5,151938.0,667.9,16.69,1.32,18.01,96,0.188,0,32.6,37.9,20,17.9,61.5,fair,0.623,good,0,0.442,1,0.3352,0,4.68
XB-20240840,Dairy,Kaduna,Kano,10.52,7.44,12.0,8.52,2159.6,876408.0,248.1,6.92,0.9,7.82,48,0.163,0,36.5,42.4,6,36.4,75.4,fair,1.296,excellent,0,0.3762,0,0.1799,0,3.44
XB-20240841,Mangoes,Onitsha,Jos,6.14,6.79,9.92,8.89,2257.5,427468.0,581.1,15.87,0.84,16.71,96,0.174,0,36.5,43.7,20,23.7,55.4,poor,1.683,poor,0,0.3934,0,0.4714,0,5.77
XB-20240842,Peppers,Kano,Port Harcourt,12.0,8.52,4.82,7.04,2423.6,400487.0,1130.4,17.42,1.2,18.62,96,0.194,0,34.1,37.1,22,15.1,65.8,good,0.0,excellent,0,0.4841,1,0.2501,0,4.0
XB-20240843,Leafy Greens,Onitsha,Enugu,6.14,6.79,6.44,7.5,1540.9,451433.0,118.6,2.26,0.41,2.67,48,0.056,1,10.5,14.3,10,4.3,84.9,fair,1.155,excellent,0,0.0775,0,0.056,0,2.45
XB-20240844,Peppers,Jos,Zaria,9.92,8.89,11.08,7.71,3203.2,536034.0,269.6,4.87,0.17,5.03,96,0.052,0,27.2,31.5,22,9.5,57.1,fair,1.403,excellent,0,0.5181,1,0.2564,0,4.05
XB-20240845,Dairy,Port Harcourt,Kano,4.82,7.04,12.0,8.52,4687.3,1888269.0,1128.6,26.71,0.05,26.76,48,0.558,1,6.6,11.7,6,5.7,88.9,good,0.0,poor,1,0.284,0,0.4425,1,5.54
XB-20240846,Leafy Greens,Kano,Jos,12.0,8.52,9.92,8.89,2732.3,693037.0,330.3,8.99,1.69,10.67,48,0.222,0,33.6,39.8,10,29.8,61.7,good,0.0,poor,3,0.5183,0,0.833,1,8.66
XB-20240847,Dairy,Abuja,Enugu,9.07,7.4,6.44,7.5,1751.6,800137.0,433.5,11.62,4.88,16.5,48,0.344,1,6.6,10.8,6,4.8,74.9,poor,2.685,good,0,0.4351,1,0.3258,0,4.61
XB-20240848,Peppers,Onitsha,Ibadan,6.14,6.79,7.38,3.93,953.5,177881.0,487.8,8.48,0.3,8.78,96,0.091,1,23.9,26.8,22,4.8,73.3,good,0.0,excellent,0,0.116,0,0.0458,0,2.37
XB-20240849,Peppers,Ibadan,Lagos,7.38,3.93,6.52,3.38,4696.2,800906.0,168.9,4.15,1.41,5.56,96,0.058,0,30.7,32.8,22,10.8,75.5,poor,1.669,poor,1,0.5329,0,0.4819,0,5.86
XB-20240850,Dairy,Port Harcourt,Abuja,4.82,7.04,9.07,7.4,2723.8,1233059.0,617.2,13.75,0.1,13.84,48,0.288,0,32.8,37.5,6,31.5,83.6,poor,2.422,good,0,0.6581,1,0.4743,0,5.79
XB-20240851,Mangoes,Onitsha,Abuja,6.14,6.79,9.07,7.4,3378.8,682125.0,464.7,7.56,0.89,8.46,96,0.088,1,22.0,29.1,20,9.1,60.1,good,0.0,excellent,0,0.2216,0,0.1441,0,3.15
XB-20240852,Dairy,Zaria,Kaduna,11.08,7.71,10.52,7.44,3485.1,1357683.0,88.5,2.09,0.32,2.41,48,0.05,1,8.3,14.7,6,8.7,84.4,fair,1.267,poor,1,0.4041,0,0.5896,0,6.72
XB-20240853,Fresh Fish,Kano,Lagos,12.0,8.52,6.52,3.38,2594.0,1691666.0,1105.2,27.98,0.82,28.8,24,1.2,0,30.9,37.5,4,33.5,69.4,poor,2.962,good,3,0.7197,1,0.6515,1,7.21
XB-20240854,Fresh Fish,Zaria,Ibadan,11.08,7.71,7.38,3.93,400.3,234385.0,867.3,16.16,0.18,16.33,24,0.681,1,3.0,8.0,4,4.0,58.2,good,0.0,good,0,0.3717,0,0.277,0,4.22
XB-20240855,Fresh Fish,Zaria,Kaduna,11.08,7.71,10.52,7.44,3120.4,1821824.0,100.3,2.48,1.74,4.22,24,0.176,0,32.6,37.1,4,33.1,70.2,fair,0.867,fair,2,0.6752,1,0.5936,0,6.75
XB-20240856,Tomatoes,Port Harcourt,Enugu,4.82,7.04,6.44,7.5,3663.0,1237692.0,271.1,5.03,1.62,6.65,72,0.092,0,33.8,38.4,25,13.4,61.2,fair,0.932,fair,0,0.5893,1,0.4529,0,5.62
XB-20240857,Fresh Fish,Onitsha,Port Harcourt,6.14,6.79,4.82,7.04,2310.4,1520300.0,219.6,4.22,0.34,4.56,24,0.19,1,7.5,10.6,4,6.6,58.0,poor,2.831,good,0,0.2266,0,0.285,0,4.28
XB-20240858,Strawberries,Kano,Kaduna,12.0,8.52,10.52,7.44,2914.3,2303044.0,248.2,6.39,0.94,7.33,36,0.204,1,11.8,16.7,8,8.7,78.4,fair,0.638,poor,0,0.3518,0,0.4166,0,5.33
XB-20240859,Dairy,Jos,Ibadan,9.92,8.89,7.38,3.93,3663.1,1553971.0,938.0,16.01,0.5,16.51,48,0.344,1,7.4,13.6,6,7.6,67.1,fair,0.552,excellent,0,0.276,0,0.2238,0,3.79
XB-20240860,Strawberries,Port Harcourt,Kaduna,4.82,7.04,10.52,7.44,3464.9,2696728.0,806.2,20.46,0.65,21.1,36,0.586,1,11.9,14.1,8,6.1,80.5,fair,0.566,excellent,0,0.3897,0,0.2453,0,3.96
XB-20240861,Leafy Greens,Onitsha,Kaduna,6.14,6.79,10.52,7.44,3366.6,866951.0,773.1,14.92,0.19,15.11,48,0.315,1,8.4,14.4,10,4.4,72.1,poor,1.198,excellent,0,0.3922,0,0.1504,0,3.2
XB-20240862,Dairy,Kano,Jos,12.0,8.52,9.92,8.89,2465.3,980586.0,289.3,5.58,0.2,5.78,48,0.12,0,35.7,40.7,6,34.7,83.6,good,0.0,good,1,0.4564,0,0.3533,0,4.83
XB-20240863,Strawberries,Kano,Abuja,12.0,8.52,9.07,7.4,4876.5,4157632.0,473.9,12.17,3.82,15.99,36,0.444,0,31.8,36.5,8,28.5,85.9,fair,0.559,poor,0,0.7603,1,0.7599,1,8.08
XB-20240864,Leafy Greens,Kaduna,Enugu,10.52,7.44,6.44,7.5,3691.3,1029272.0,641.5,14.71,0.68,15.38,48,0.32,0,31.2,37.4,10,27.4,83.9,good,0.0,good,0,0.5024,1,0.3697,0,4.96
XB-20240865,Tomatoes,Ibadan,Kano,7.38,3.93,12.0,8.52,2064.4,788995.0,1076.8,18.55,0.35,18.9,72,0.263,1,26.7,31.5,25,6.5,85.0,poor,2.01,poor,3,0.3419,0,0.6866,1,7.49
XB-20240866,Strawberries,Kaduna,Ibadan,10.52,7.44,7.38,3.93,4747.3,3494281.0,754.7,16.74,0.99,17.72,36,0.492,0,34.1,41.5,8,33.5,77.5,good,0.0,fair,1,0.586,1,0.5206,1,6.16
XB-20240867,Leafy Greens,Jos,Ibadan,9.92,8.89,7.38,3.93,1252.2,366961.0,979.7,19.38,0.02,19.4,48,0.404,0,31.4,33.4,10,23.4,62.6,poor,1.552,good,0,0.7744,1,0.6002,1,6.8
XB-20240868,Peppers,Kaduna,Ibadan,10.52,7.44,7.38,3.93,1895.2,363451.0,678.1,19.22,2.4,21.61,96,0.225,0,38.9,44.5,22,22.5,57.0,good,0.0,fair,0,0.4907,0,0.5888,0,6.71
XB-20240869,Mangoes,Abuja,Kano,9.07,7.4,12.0,8.52,338.0,63140.0,544.3,13.17,2.17,15.34,96,0.16,0,33.2,40.6,20,20.6,88.7,fair,0.594,fair,0,0.6406,1,0.5291,0,6.23
XB-20240870,Fresh Fish,Onitsha,Enugu,6.14,6.79,6.44,7.5,4245.9,2430481.0,123.0,2.12,0.3,2.43,24,0.101,0,33.4,37.4,4,33.4,88.3,fair,0.817,poor,0,0.5582,0,0.5569,0,6.46
XB-20240871,Strawberries,Port Harcourt,Ibadan,4.82,7.04,7.38,3.93,4755.7,3674548.0,575.9,10.32,2.95,13.27,36,0.368,1,7.6,11.5,8,3.5,89.1,poor,1.57,excellent,0,0.5508,0,0.3505,0,4.8
XB-20240872,Strawberries,Jos,Kaduna,9.92,8.89,10.52,7.44,3117.1,2531514.0,231.6,4.94,7.02,11.95,36,0.332,0,29.1,32.2,8,24.2,66.3,poor,1.907,poor,0,0.8676,1,0.7489,1,7.99
XB-20240873,Leafy Greens,Lagos,Jos,6.52,3.38,9.92,8.89,4844.8,1336367.0,890.5,21.72,2.55,24.27,48,0.506,0,43.2,46.5,10,36.5,70.0,poor,1.316,fair,0,0.8083,1,0.6042,0,6.83
XB-20240874,Fresh Fish,Abuja,Onitsha,9.07,7.4,6.14,6.79,2129.0,1339361.0,457.2,7.56,0.92,8.49,24,0.354,0,38.1,44.9,4,40.9,76.3,good,0.0,poor,0,0.6131,1,0.6273,0,7.02
XB-20240875,Mangoes,Zaria,Lagos,11.08,7.71,6.52,3.38,1323.6,267252.0,1051.2,18.7,0.48,19.17,96,0.2,0,35.8,38.1,20,18.1,60.0,good,0.0,fair,0,0.5227,1,0.4464,0,5.57
XB-20240876,Strawberries,Jos,Zaria,9.92,8.89,11.08,7.71,760.7,593191.0,285.0,7.28,3.2,10.47,36,0.291,0,35.9,38.8,8,30.8,67.2,good,0.0,excellent,0,0.7147,1,0.3333,0,4.67
XB-20240877,Leafy Greens,Jos,Lagos,9.92,8.89,6.52,3.38,1618.3,465942.0,948.9,25.97,0.98,26.95,48,0.562,1,10.1,12.5,10,2.5,72.3,poor,1.598,fair,1,0.4983,1,0.5557,1,6.45
XB-20240878,Leafy Greens,Onitsha,Port Harcourt,6.14,6.79,4.82,7.04,691.6,199170.0,199.0,4.45,1.5,5.95,48,0.124,0,27.7,35.3,10,25.3,74.6,poor,1.415,fair,0,0.6042,1,0.5837,0,6.67
XB-20240879,Peppers,Enugu,Kaduna,6.44,7.5,10.52,7.44,3528.3,577262.0,584.4,11.8,1.0,12.8,96,0.133,1,24.8,27.7,22,5.7,68.5,good,0.0,good,0,0.1039,0,0.0858,0,2.69
XB-20240880,Mangoes,Enugu,Zaria,6.44,7.5,11.08,7.71,2542.8,496501.0,625.7,10.44,1.01,11.45,96,0.119,1,18.9,25.0,20,5.0,67.4,fair,1.457,fair,2,0.2714,0,0.5551,1,6.44
XB-20240881,Tomatoes,Enugu,Abuja,6.44,7.5,9.07,7.4,789.1,278418.0,355.4,6.66,9.11,15.78,72,0.219,0,41.2,44.5,25,19.5,73.7,poor,2.894,fair,1,0.654,1,0.5472,1,6.38
XB-20240882,Peppers,Port Harcourt,Abuja,4.82,7.04,9.07,7.4,2445.1,427532.0,579.3,11.25,1.84,13.08,96,0.136,0,33.8,38.6,22,16.6,69.7,poor,1.662,good,1,0.5356,0,0.4888,1,5.91
XB-20240883,Peppers,Onitsha,Enugu,6.14,6.79,6.44,7.5,2412.2,462410.0,132.7,2.37,5.13,7.51,96,0.078,0,29.7,31.8,22,9.8,64.3,poor,2.852,fair,2,0.7479,1,0.7084,1,7.67
XB-20240884,Tomatoes,Abuja,Lagos,9.07,7.4,6.52,3.38,2600.3,980917.0,724.6,14.9,0.49,15.39,72,0.214,0,27.3,32.3,25,7.3,67.2,fair,1.495,excellent,0,0.3704,0,0.1589,0,3.27
XB-20240885,Fresh Fish,Kano,Ibadan,12.0,8.52,7.38,3.93,698.3,448939.0,947.5,18.7,2.22,20.91,24,0.871,1,5.5,12.0,4,8.0,56.2,fair,0.767,poor,0,0.5014,0,0.4856,0,5.89
XB-20240886,Dairy,Abuja,Jos,9.07,7.4,9.92,8.89,4061.8,1815880.0,260.6,5.3,0.32,5.62,48,0.117,1,9.3,15.2,6,9.2,60.3,poor,2.978,good,0,0.4294,0,0.3661,0,4.93
XB-20240887,Leafy Greens,Zaria,Lagos,11.08,7.71,6.52,3.38,1116.1,297205.0,1026.7,23.72,1.55,25.27,48,0.527,1,9.1,16.4,10,6.4,78.3,poor,1.741,good,0,0.6769,1,0.4133,0,5.31
XB-20240888,Mangoes,Kaduna,Enugu,10.52,7.44,6.44,7.5,804.7,152059.0,621.3,16.27,4.62,20.89,96,0.218,1,23.4,29.5,20,9.5,77.9,poor,2.658,poor,3,0.5019,0,0.8128,1,8.5
XB-20240889,Mangoes,Onitsha,Jos,6.14,6.79,9.92,8.89,4434.3,898150.0,756.3,13.9,3.06,16.96,96,0.177,0,33.9,38.2,20,18.2,84.0,good,0.0,good,0,0.4595,1,0.2908,0,4.33
XB-20240890,Fresh Fish,Zaria,Jos,11.08,7.71,9.92,8.89,4006.3,2208265.0,260.9,5.42,0.04,5.46,24,0.227,1,2.5,9.9,4,5.9,88.7,good,0.0,good,0,0.2932,0,0.3516,0,4.81
XB-20240891,Leafy Greens,Enugu,Zaria,6.44,7.5,11.08,7.71,1418.0,365326.0,767.8,17.84,0.79,18.63,48,0.388,1,11.1,16.6,10,6.6,68.7,fair,0.932,fair,2,0.2462,0,0.3962,0,5.17
XB-20240892,Mangoes,Jos,Abuja,9.92,8.89,9.07,7.4,1398.9,277825.0,288.1,5.55,13.44,18.99,96,0.198,0,34.9,39.8,20,19.8,68.1,poor,1.99,poor,1,0.6369,1,0.6919,1,7.54
XB-20240893,Peppers,Enugu,Kano,6.44,7.5,12.0,8.52,4121.2,750025.0,878.2,25.0,1.1,26.1,96,0.272,1,24.6,32.0,22,10.0,83.2,poor,2.818,poor,0,0.5558,1,0.5786,0,6.63
XB-20240894,Mangoes,Kaduna,Zaria,10.52,7.44,11.08,7.71,822.3,177490.0,89.3,1.6,0.45,2.05,96,0.021,0,31.0,38.1,20,18.1,78.6,good,0.0,excellent,0,0.5277,1,0.2749,0,4.2
XB-20240895,Peppers,Ibadan,Jos,7.38,3.93,9.92,8.89,3368.9,578610.0,797.7,18.85,0.44,19.3,96,0.201,0,28.6,34.6,22,12.6,65.4,fair,0.85,good,0,0.6567,1,0.3691,0,4.95
XB-20240896,Leafy Greens,Onitsha,Zaria,6.14,6.79,11.08,7.71,308.8,93771.0,757.3,12.77,1.78,14.54,48,0.303,0,39.0,43.3,10,33.3,75.5,poor,1.17,poor,0,0.6559,1,0.5616,1,6.49
XB-20240897,Peppers,Port Harcourt,Kano,4.82,7.04,12.0,8.52,1549.5,306007.0,1100.9,29.82,1.4,31.22,96,0.325,0,26.8,29.8,22,7.8,82.3,poor,1.215,excellent,0,0.8623,1,0.5308,0,6.25
XB-20240898,Dairy,Abuja,Onitsha,9.07,7.4,6.14,6.79,2123.1,928467.0,485.2,9.33,3.89,13.23,48,0.276,1,6.0,9.1,6,3.1,73.9,fair,0.637,good,0,0.1386,0,0.1185,0,2.95
XB-20240899,Tomatoes,Lagos,Ibadan,6.52,3.38,7.38,3.93,3433.5,1098115.0,137.7,3.57,3.72,7.29,72,0.101,0,36.1,38.4,25,13.4,62.0,good,0.0,good,0,0.5666,1,0.2649,0,4.12
XB-20240900,Fresh Fish,Kano,Zaria,12.0,8.52,11.08,7.71,2303.4,1443190.0,212.8,3.89,0.27,4.16,24,0.173,0,30.6,35.0,4,31.0,89.0,fair,1.205,fair,0,0.5698,1,0.4917,1,5.93
XB-20240901,Peppers,Abuja,Jos,9.07,7.4,9.92,8.89,1781.4,314725.0,272.4,4.69,0.85,5.54,96,0.058,0,33.6,38.1,22,16.1,63.6,good,0.0,fair,0,0.4268,0,0.2986,0,4.39
XB-20240902,Fresh Fish,Enugu,Kaduna,6.44,7.5,10.52,7.44,933.6,507798.0,552.7,13.03,5.85,18.88,24,0.787,0,35.4,43.0,4,39.0,71.5,poor,1.593,good,0,0.9513,1,0.4904,0,5.92
XB-20240903,Leafy Greens,Port Harcourt,Enugu,4.82,7.04,6.44,7.5,4721.5,1359754.0,253.3,5.63,0.02,5.65,48,0.118,0,33.2,38.8,10,28.8,81.3,fair,1.199,good,1,0.5735,1,0.4207,0,5.37
XB-20240904,Tomatoes,Zaria,Enugu,11.08,7.71,6.44,7.5,1256.1,422395.0,713.8,18.36,0.43,18.78,72,0.261,0,34.8,42.5,25,17.5,56.8,poor,2.398,good,1,0.738,1,0.511,1,6.09
XB-20240905,Leafy Greens,Onitsha,Kano,6.14,6.79,12.0,8.52,3120.3,917903.0,1059.7,18.58,0.03,18.61,48,0.388,0,40.5,46.8,10,36.8,85.8,fair,1.064,good,0,0.7034,1,0.5942,0,6.75
XB-20240906,Mangoes,Port Harcourt,Abuja,4.82,7.04,9.07,7.4,2258.9,475463.0,731.3,11.5,6.35,17.85,96,0.186,1,18.2,24.7,20,4.7,78.8,good,0.0,excellent,0,0.1824,0,0.1695,0,3.36
XB-20240907,Fresh Fish,Jos,Kaduna,9.92,8.89,10.52,7.44,1260.4,743080.0,272.8,6.67,4.63,11.3,24,0.471,0,31.1,37.4,4,33.4,87.3,poor,1.065,poor,2,0.8462,1,0.8965,1,9.17
XB-20240908,Fresh Fish,Onitsha,Enugu,6.14,6.79,6.44,7.5,4316.5,2363992.0,134.8,2.12,1.42,3.54,24,0.148,0,30.9,33.8,4,29.8,68.2,poor,1.076,excellent,0,0.4112,1,0.1888,0,3.51
XB-20240909,Leafy Greens,Abuja,Kano,9.07,7.4,12.0,8.52,676.8,179417.0,422.1,10.36,5.43,15.79,48,0.329,1,13.0,17.5,10,7.5,70.6,fair,0.917,good,0,0.4065,0,0.281,0,4.25
XB-20240910,Fresh Fish,Kano,Enugu,12.0,8.52,6.44,7.5,1338.5,863200.0,859.9,15.1,2.03,17.13,24,0.714,0,34.8,41.8,4,37.8,90.2,good,0.0,good,0,0.7622,1,0.5183,0,6.15
XB-20240911,Fresh Fish,Onitsha,Zaria,6.14,6.79,11.08,7.71,4188.3,2745657.0,834.5,13.24,0.27,13.5,24,0.563,1,6.4,14.2,4,10.2,84.0,fair,0.526,fair,0,0.4346,0,0.4285,1,5.43
XB-20240912,Dairy,Onitsha,Kano,6.14,6.79,12.0,8.52,2820.8,1084165.0,891.1,20.44,0.14,20.58,48,0.429,0,34.8,42.6,6,36.6,73.9,fair,1.076,good,1,0.6309,1,0.4457,0,5.57
XB-20240913,Leafy Greens,Lagos,Jos,6.52,3.38,9.92,8.89,1230.9,350895.0,1024.1,16.39,2.7,19.1,48,0.398,1,9.4,13.1,10,3.1,89.0,poor,1.337,excellent,0,0.4578,1,0.2886,0,4.31
XB-20240914,Fresh Fish,Zaria,Kano,11.08,7.71,12.0,8.52,3913.9,2258938.0,162.9,4.5,2.04,6.54,24,0.272,1,6.2,11.5,4,7.5,83.8,fair,0.787,fair,1,0.4131,0,0.5382,0,6.31
XB-20240915,Tomatoes,Jos,Port Harcourt,9.92,8.89,4.82,7.04,2357.3,890257.0,800.4,13.65,0.2,13.85,72,0.192,0,38.4,43.9,25,18.9,84.1,poor,1.701,good,1,0.7425,1,0.5717,1,6.57
XB-20240916,Leafy Greens,Kano,Jos,12.0,8.52,9.92,8.89,4360.6,1162971.0,309.1,7.7,0.03,7.72,48,0.161,1,8.5,15.9,10,5.9,88.7,poor,2.92,good,0,0.4057,0,0.327,0,4.62
XB-20240917,Tomatoes,Onitsha,Abuja,6.14,6.79,9.07,7.4,611.8,206741.0,488.3,10.11,0.91,11.02,72,0.153,0,32.5,38.0,25,13.0,61.0,good,0.0,good,1,0.5428,1,0.3951,0,5.16
XB-20240918,Dairy,Kano,Abuja,12.0,8.52,9.07,7.4,3474.4,1480764.0,472.3,7.34,3.02,10.36,48,0.216,1,6.0,12.1,6,6.1,77.8,fair,1.353,fair,1,0.2164,0,0.397,0,5.18
XB-20240919,Tomatoes,Abuja,Enugu,9.07,7.4,6.44,7.5,930.8,296140.0,414.9,9.48,3.02,12.5,72,0.174,1,26.9,34.9,25,9.9,63.6,fair,1.472,excellent,0,0.4065,0,0.1514,0,3.21
XB-20240920,Strawberries,Enugu,Ibadan,6.44,7.5,7.38,3.93,2287.7,1878287.0,652.2,14.01,0.66,14.67,36,0.408,1,11.3,19.2,8,11.2,81.6,fair,0.769,poor,2,0.3338,0,0.6437,1,7.15
XB-20240921,Dairy,Abuja,Ibadan,9.07,7.4,7.38,3.93,458.8,197224.0,572.3,11.32,2.15,13.47,48,0.281,0,38.5,40.9,6,34.9,56.4,poor,2.29,fair,0,0.5443,1,0.4615,0,5.69
XB-20240922,Leafy Greens,Ibadan,Jos,7.38,3.93,9.92,8.89,3130.3,862478.0,829.0,13.46,2.11,15.58,48,0.324,0,27.7,35.3,10,25.3,73.3,fair,0.569,fair,0,0.6639,1,0.4987,0,5.99
XB-20240923,Leafy Greens,Abuja,Lagos,9.07,7.4,6.52,3.38,4854.9,1457739.0,783.4,19.05,1.91,20.96,48,0.437,1,12.0,15.6,10,5.6,63.7,good,0.0,poor,0,0.2224,0,0.437,0,5.5
XB-20240924,Peppers,Zaria,Abuja,11.08,7.71,9.07,7.4,3817.2,721734.0,300.1,7.57,0.27,7.83,96,0.082,1,22.8,30.8,22,8.8,70.9,poor,2.387,good,0,0.3265,0,0.3102,0,4.48
XB-20240925,Dairy,Abuja,Ibadan,9.07,7.4,7.38,3.93,2933.3,1342087.0,519.7,11.82,0.55,12.37,48,0.258,0,36.3,40.9,6,34.9,63.3,good,0.0,fair,0,0.6856,1,0.5609,1,6.49
XB-20240926,Peppers,Enugu,Port Harcourt,6.44,7.5,4.82,7.04,3253.0,643867.0,273.5,5.62,0.83,6.45,96,0.067,1,21.7,29.5,22,7.5,87.2,fair,0.805,excellent,0,0.309,0,0.2087,0,3.67
XB-20240927,Leafy Greens,Abuja,Lagos,9.07,7.4,6.52,3.38,901.6,242204.0,800.7,16.19,1.76,17.95,48,0.374,1,12.1,16.8,10,6.8,86.9,poor,1.941,poor,0,0.6042,1,0.6802,1,7.44
XB-20240928,Leafy Greens,Kaduna,Lagos,10.52,7.44,6.52,3.38,3340.1,867151.0,974.9,22.31,0.6,22.91,48,0.477,1,9.9,13.2,10,3.2,59.3,good,0.0,fair,1,0.2284,0,0.3699,0,4.96
XB-20240929,Mangoes,Abuja,Zaria,9.07,7.4,11.08,7.71,4865.5,1059818.0,277.2,6.0,6.1,12.1,96,0.126,1,19.6,22.4,20,2.4,76.4,fair,1.167,good,0,0.2848,0,0.1698,0,3.36
XB-20240930,Fresh Fish,Port Harcourt,Onitsha,4.82,7.04,6.14,6.79,2438.0,1317528.0,209.8,4.46,0.17,4.63,24,0.193,1,7.5,10.7,4,6.7,75.0,fair,0.994,good,0,0.2219,0,0.234,0,3.87
XB-20240931,Tomatoes,Onitsha,Kano,6.14,6.79,12.0,8.52,2297.7,786973.0,861.8,17.24,1.13,18.37,72,0.255,0,31.3,35.6,25,10.6,74.9,fair,1.39,fair,3,0.4019,0,0.6178,1,6.94
XB-20240932,Dairy,Abuja,Ibadan,9.07,7.4,7.38,3.93,3630.9,1669883.0,565.3,9.13,0.52,9.65,48,0.201,1,6.4,9.0,6,3.0,83.2,fair,1.38,poor,0,0.2378,0,0.4297,0,5.44
XB-20240933,Mangoes,Enugu,Ibadan,6.44,7.5,7.38,3.93,1521.7,274971.0,504.4,9.78,1.3,11.07,96,0.115,1,23.4,29.0,20,9.0,59.3,fair,0.997,excellent,0,0.4798,0,0.2763,0,4.21
XB-20240934,Tomatoes,Port Harcourt,Kaduna,4.82,7.04,10.52,7.44,3785.6,1326814.0,1003.0,23.8,1.22,25.02,72,0.347,1,26.2,28.3,25,3.3,91.4,good,0.0,good,0,0.3505,0,0.2316,0,3.85
XB-20240935,Tomatoes,Kano,Jos,12.0,8.52,9.92,8.89,3466.0,1185901.0,369.9,6.75,4.14,10.88,72,0.151,1,24.4,31.5,25,6.5,81.7,poor,2.886,good,0,0.3063,0,0.3527,0,4.82
XB-20240936,Dairy,Ibadan,Lagos,7.38,3.93,6.52,3.38,4323.4,1888811.0,157.4,4.33,0.26,4.59,48,0.096,1,5.8,10.2,6,4.2,63.9,good,0.0,good,1,0.0308,0,0.195,0,3.56
XB-20240937,Leafy Greens,Port Harcourt,Ibadan,4.82,7.04,7.38,3.93,751.8,193012.0,665.4,11.05,0.84,11.88,48,0.248,0,36.8,42.6,10,32.6,61.6,good,0.0,fair,2,0.5528,1,0.6099,0,6.88
XB-20240938,Peppers,Lagos,Ibadan,6.52,3.38,7.38,3.93,426.8,79286.0,162.0,4.46,2.42,6.88,96,0.072,0,36.3,41.3,22,19.3,65.1,fair,1.014,excellent,0,0.4968,0,0.15,0,3.2
XB-20240939,Strawberries,Zaria,Kaduna,11.08,7.71,10.52,7.44,642.8,489523.0,97.3,2.59,0.48,3.07,36,0.085,1,8.6,11.7,8,3.7,61.5,fair,0.887,excellent,0,0.0909,0,0.1414,0,3.13
XB-20240940,Tomatoes,Port Harcourt,Kaduna,4.82,7.04,10.52,7.44,775.2,259116.0,954.1,16.1,3.46,19.57,72,0.272,0,24.0,29.2,25,4.2,76.2,fair,1.491,good,0,0.4283,0,0.2626,0,4.1
XB-20240941,Strawberries,Port Harcourt,Lagos,4.82,7.04,6.52,3.38,3571.4,2648723.0,629.6,11.89,2.41,14.3,36,0.397,0,34.8,37.3,8,29.3,56.6,fair,1.471,good,0,0.5346,1,0.3542,0,4.83
XB-20240942,Dairy,Ibadan,Zaria,7.38,3.93,11.08,7.71,3863.8,1742425.0,842.3,23.66,0.42,24.08,48,0.502,1,9.3,14.1,6,8.1,86.4,fair,0.84,poor,2,0.5216,0,0.7847,1,8.28
XB-20240943,Mangoes,Onitsha,Kano,6.14,6.79,12.0,8.52,960.5,210480.0,1059.1,20.89,0.07,20.96,96,0.218,0,36.8,43.8,20,23.8,62.9,good,0.0,fair,1,0.4042,0,0.5129,0,6.1
XB-20240944,Peppers,Ibadan,Zaria,7.38,3.93,11.08,7.71,4518.0,852572.0,748.3,11.66,1.37,13.03,96,0.136,1,21.9,25.9,22,3.9,79.9,fair,0.885,excellent,0,0.2513,0,0.1089,0,2.87
XB-20240945,Leafy Greens,Jos,Enugu,9.92,8.89,6.44,7.5,3617.8,955540.0,511.5,9.62,1.05,10.67,48,0.222,1,14.0,16.6,10,6.6,73.7,poor,1.601,good,1,0.4508,0,0.4402,0,5.52
XB-20240946,Leafy Greens,Kano,Port Harcourt,12.0,8.52,4.82,7.04,1300.2,338107.0,1191.9,19.1,1.66,20.76,48,0.433,1,12.5,19.1,10,9.1,89.0,fair,0.793,fair,0,0.3833,0,0.4999,0,6.0
XB-20240947,Fresh Fish,Ibadan,Jos,7.38,3.93,9.92,8.89,364.8,205898.0,933.1,22.45,1.66,24.11,24,1.005,1,7.8,14.6,4,10.6,67.3,fair,0.701,excellent,0,0.5583,1,0.1937,0,3.55
XB-20240948,Fresh Fish,Lagos,Port Harcourt,6.52,3.38,4.82,7.04,3232.1,1969110.0,548.8,11.52,1.36,12.88,24,0.537,0,26.6,32.4,4,28.4,59.9,poor,2.657,fair,1,0.6035,1,0.6827,1,7.46
XB-20240949,Strawberries,Abuja,Jos,9.07,7.4,9.92,8.89,2595.2,2038568.0,261.4,4.2,0.21,4.42,36,0.123,0,31.9,37.3,8,29.3,74.5,fair,1.442,poor,1,0.4782,0,0.4804,0,5.84
XB-20240950,Peppers,Abuja,Kaduna,9.07,7.4,10.52,7.44,1744.1,333066.0,257.0,6.39,1.02,7.41,96,0.077,0,36.7,40.0,22,18.0,73.3,poor,1.156,excellent,0,0.5538,1,0.1956,0,3.56
XB-20240951,Mangoes,Kaduna,Port Harcourt,10.52,7.44,4.82,7.04,1643.3,336128.0,939.1,14.82,1.68,16.5,96,0.172,0,33.9,37.6,20,17.6,71.8,poor,1.913,fair,1,0.5022,0,0.4996,1,6.0
XB-20240952,Dairy,Zaria,Lagos,11.08,7.71,6.52,3.38,4577.7,2104278.0,955.6,19.15,0.4,19.55,48,0.407,1,8.3,10.5,6,4.5,56.9,fair,1.142,fair,0,0.3034,0,0.4348,0,5.48
XB-20240953,Strawberries,Ibadan,Abuja,7.38,3.93,9.07,7.4,3253.5,2621895.0,593.7,10.33,0.4,10.73,36,0.298,0,30.9,34.8,8,26.8,70.8,fair,1.278,good,0,0.5622,1,0.3255,0,4.6
XB-20240954,Peppers,Ibadan,Lagos,7.38,3.93,6.52,3.38,3327.6,589860.0,139.5,3.33,0.11,3.44,96,0.036,0,38.7,45.2,22,23.2,67.1,poor,2.538,good,0,0.472,1,0.386,0,5.09
XB-20240955,Dairy,Kaduna,Zaria,10.52,7.44,11.08,7.71,1364.8,576177.0,104.2,2.48,2.48,4.95,48,0.103,1,6.3,13.2,6,7.2,67.3,fair,1.115,excellent,0,0.3111,0,0.1923,0,3.54
XB-20240956,Peppers,Enugu,Kaduna,6.44,7.5,10.52,7.44,3214.5,622417.0,639.3,12.15,0.6,12.75,96,0.133,0,31.1,37.0,22,15.0,61.2,fair,0.642,poor,0,0.4399,0,0.4836,1,5.87
XB-20240957,Tomatoes,Enugu,Kano,6.44,7.5,12.0,8.52,1251.9,469941.0,956.6,15.48,0.44,15.92,72,0.221,1,27.6,34.5,25,9.5,74.2,poor,1.652,excellent,0,0.602,1,0.3703,0,4.96
XB-20240958,Fresh Fish,Port Harcourt,Enugu,4.82,7.04,6.44,7.5,3126.0,1957097.0,285.7,6.2,0.36,6.57,24,0.274,0,36.7,40.7,4,36.7,64.3,fair,1.449,good,0,0.5944,1,0.4569,0,5.65
XB-20240959,Mangoes,Onitsha,Enugu,6.14,6.79,6.44,7.5,3551.2,705590.0,119.4,2.93,1.1,4.03,96,0.042,1,20.0,24.6,20,4.6,87.8,poor,2.336,good,0,0.3947,0,0.265,0,4.12
XB-20240960,Mangoes,Lagos,Jos,6.52,3.38,9.92,8.89,901.1,188307.0,937.9,25.17,1.37,26.54,96,0.276,1,18.0,25.7,20,5.7,85.7,good,0.0,good,0,0.1756,0,0.2844,0,4.28
XB-20240961,Fresh Fish,Port Harcourt,Lagos,4.82,7.04,6.52,3.38,842.9,532062.0,676.0,10.72,1.08,11.79,24,0.491,1,2.7,7.2,4,3.2,84.2,fair,0.932,good,0,0.3058,0,0.3015,0,4.41
XB-20240962,Peppers,Abuja,Port Harcourt,9.07,7.4,4.82,7.04,1307.9,255212.0,577.0,11.04,3.79,14.83,96,0.154,1,20.1,23.8,22,1.8,86.9,good,0.0,excellent,0,0.3064,0,0.1361,0,3.09
XB-20240963,Mangoes,Enugu,Kano,6.44,7.5,12.0,8.52,2247.0,487038.0,993.4,19.0,1.84,20.83,96,0.217,1,22.3,28.0,20,8.0,73.5,fair,0.708,fair,2,0.4468,0,0.5336,0,6.27
XB-20240964,Tomatoes,Zaria,Kaduna,11.08,7.71,10.52,7.44,401.7,128484.0,94.1,2.67,3.67,6.34,72,0.088,1,28.1,33.7,25,8.7,77.6,fair,1.334,excellent,0,0.295,0,0.0886,0,2.71
XB-20240965,Mangoes,Kano,Lagos,12.0,8.52,6.52,3.38,4445.9,937938.0,1026.5,27.57,2.68,30.25,96,0.315,1,23.5,30.7,20,10.7,83.9,fair,0.821,poor,1,0.5659,0,0.6437,1,7.15
XB-20240966,Mangoes,Port Harcourt,Kano,4.82,7.04,12.0,8.52,3507.2,634148.0,1268.2,21.03,3.95,24.98,96,0.26,1,22.0,27.5,20,7.5,86.2,fair,1.291,good,1,0.4146,0,0.3201,0,4.56
XB-20240967,Peppers,Port Harcourt,Onitsha,4.82,7.04,6.14,6.79,530.4,101014.0,184.3,3.15,0.21,3.36,96,0.035,0,33.4,41.1,22,19.1,58.9,good,0.0,excellent,0,0.463,0,0.2817,0,4.25
XB-20240968,Fresh Fish,Port Harcourt,Enugu,4.82,7.04,6.44,7.5,3330.1,2040704.0,273.8,5.79,0.56,6.35,24,0.265,0,38.7,43.7,4,39.7,65.7,poor,1.265,fair,1,0.5882,1,0.6049,1,6.84
XB-20240969,Leafy Greens,Lagos,Port Harcourt,6.52,3.38,4.82,7.04,709.3,194114.0,573.1,11.75,1.48,13.24,48,0.276,0,37.6,41.8,10,31.8,55.1,fair,1.316,excellent,0,0.411,1,0.2606,0,4.09
XB-20240970,Leafy Greens,Onitsha,Lagos,6.14,6.79,6.52,3.38,2165.0,639281.0,599.7,12.73,1.73,14.45,48,0.301,1,8.8,11.1,10,1.1,75.0,poor,2.221,good,1,0.3381,0,0.4041,0,5.23
XB-20240971,Tomatoes,Ibadan,Zaria,7.38,3.93,11.08,7.71,3958.0,1433182.0,861.0,17.25,1.9,19.15,72,0.266,0,27.3,31.3,25,6.3,63.3,fair,1.385,good,0,0.4722,0,0.4046,0,5.24
XB-20240972,Dairy,Abuja,Lagos,9.07,7.4,6.52,3.38,2450.9,1067386.0,774.4,12.39,0.79,13.17,48,0.274,1,5.0,10.8,6,4.8,89.2,fair,0.696,excellent,0,0.2849,0,0.0563,0,2.45
XB-20240973,Strawberries,Kaduna,Lagos,10.52,7.44,6.52,3.38,3231.6,2532598.0,992.1,25.7,0.52,26.22,36,0.728,0,31.9,39.2,8,31.2,77.3,fair,0.889,excellent,0,0.4179,0,0.2615,0,4.09
XB-20240974,Dairy,Jos,Enugu,9.92,8.89,6.44,7.5,4404.8,1972475.0,557.8,15.18,3.17,18.35,48,0.382,1,8.6,11.1,6,5.1,56.5,fair,1.23,good,0,0.382,0,0.3345,0,4.68
XB-20240975,Strawberries,Port Harcourt,Lagos,4.82,7.04,6.52,3.38,4867.0,3652367.0,580.8,15.01,0.22,15.24,36,0.423,1,11.9,17.4,8,9.4,74.3,fair,0.574,fair,1,0.4695,0,0.4617,0,5.69
XB-20240976,Tomatoes,Enugu,Port Harcourt,6.44,7.5,4.82,7.04,2950.2,1026536.0,227.6,4.14,4.7,8.84,72,0.123,0,34.3,41.3,25,16.3,78.4,good,0.0,fair,3,0.5397,0,0.6314,1,7.05
XB-20240977,Leafy Greens,Onitsha,Zaria,6.14,6.79,11.08,7.71,606.6,173246.0,743.8,19.04,0.86,19.9,48,0.414,0,29.7,35.2,10,25.2,66.0,fair,1.453,good,0,0.5504,1,0.3695,0,4.96
XB-20240978,Dairy,Abuja,Ibadan,9.07,7.4,7.38,3.93,383.7,173143.0,618.1,10.74,0.4,11.13,48,0.232,0,33.0,40.7,6,34.7,73.7,fair,0.949,good,0,0.4837,1,0.3386,0,4.71
XB-20240979,Peppers,Port Harcourt,Onitsha,4.82,7.04,6.14,6.79,4414.2,858315.0,221.7,4.29,1.73,6.02,96,0.063,1,24.9,27.0,22,5.0,75.1,poor,1.363,good,0,0.2429,0,0.2142,0,3.71
XB-20240980,Peppers,Zaria,Abuja,11.08,7.71,9.07,7.4,1929.3,328902.0,311.7,4.95,2.59,7.54,96,0.079,0,26.7,33.7,22,11.7,91.7,fair,0.954,fair,2,0.622,1,0.6926,1,7.54
XB-20240981,Mangoes,Ibadan,Abuja,7.38,3.93,9.07,7.4,4533.4,863985.0,548.0,13.66,1.33,14.99,96,0.156,1,20.9,23.6,20,3.6,88.8,fair,1.046,good,0,0.3647,0,0.2681,0,4.15
XB-20240982,Tomatoes,Abuja,Kano,9.07,7.4,12.0,8.52,4110.6,1424567.0,466.4,9.01,0.0,9.01,72,0.125,1,27.1,32.0,25,7.0,66.2,fair,0.71,poor,0,0.2788,0,0.5823,1,6.66
XB-20240983,Strawberries,Lagos,Kaduna,6.52,3.38,10.52,7.44,760.3,551795.0,828.5,15.56,0.63,16.18,36,0.45,1,11.1,15.0,8,7.0,67.0,fair,1.153,good,1,0.3894,0,0.3057,0,4.45
XB-20240984,Tomatoes,Lagos,Port Harcourt,6.52,3.38,4.82,7.04,2267.8,861707.0,628.4,13.94,2.14,16.09,72,0.223,0,39.7,45.8,25,20.8,58.8,fair,1.387,good,1,0.4943,1,0.3579,0,4.86
XB-20240985,Dairy,Ibadan,Kaduna,7.38,3.93,10.52,7.44,1638.4,714216.0,818.1,17.14,0.39,17.53,48,0.365,1,4.4,8.6,6,2.6,90.6,good,0.0,good,0,0.2324,0,0.2088,0,3.67
XB-20240986,Peppers,Onitsha,Enugu,6.14,6.79,6.44,7.5,4330.9,847464.0,106.9,1.83,1.59,3.41,96,0.036,1,24.3,32.2,22,10.2,82.3,good,0.0,fair,2,0.2404,0,0.5001,0,6.0
XB-20240987,Peppers,Lagos,Port Harcourt,6.52,3.38,4.82,7.04,1648.1,306559.0,608.7,9.61,3.68,13.29,96,0.138,0,34.2,41.2,22,19.2,60.8,good,0.0,poor,3,0.5315,1,0.7918,1,8.33
XB-20240988,Fresh Fish,Kano,Lagos,12.0,8.52,6.52,3.38,4015.5,2471482.0,1266.4,25.03,5.29,30.32,24,1.263,0,45.1,49.0,4,45.0,67.3,poor,1.3,poor,2,0.9556,1,0.97,1,9.76
XB-20240989,Fresh Fish,Zaria,Ibadan,11.08,7.71,7.38,3.93,4867.2,3020839.0,862.8,18.13,0.23,18.36,24,0.765,0,31.7,34.1,4,30.1,66.7,fair,0.509,excellent,0,0.816,1,0.4545,0,5.64
XB-20240990,Leafy Greens,Enugu,Lagos,6.44,7.5,6.52,3.38,2702.5,736987.0,552.5,14.28,0.73,15.01,48,0.313,1,13.1,17.4,10,7.4,81.3,poor,1.424,poor,0,0.5359,0,0.5397,0,6.32
XB-20240991,Mangoes,Lagos,Jos,6.52,3.38,9.92,8.89,966.6,192526.0,1075.6,21.75,0.54,22.3,96,0.232,0,34.3,40.6,20,20.6,91.0,good,0.0,poor,1,0.6416,1,0.6611,1,7.29
XB-20240992,Strawberries,Port Harcourt,Abuja,4.82,7.04,9.07,7.4,3931.1,3045938.0,610.3,11.13,0.18,11.31,36,0.314,0,35.5,37.5,8,29.5,91.1,fair,0.84,excellent,0,0.6538,1,0.3446,0,4.76
XB-20240993,Dairy,Zaria,Kaduna,11.08,7.71,10.52,7.44,1735.1,719736.0,109.5,2.23,0.49,2.72,48,0.057,1,7.5,13.3,6,7.3,68.0,fair,1.112,excellent,0,0.1841,0,0.1369,0,3.1
XB-20240994,Dairy,Jos,Kaduna,9.92,8.89,10.52,7.44,4708.3,2018636.0,269.4,6.3,2.72,9.02,48,0.188,1,9.4,14.9,6,8.9,57.6,fair,0.645,excellent,0,0.2759,0,0.1816,0,3.45
XB-20240995,Fresh Fish,Onitsha,Lagos,6.14,6.79,6.52,3.38,2651.6,1717497.0,551.8,11.32,1.48,12.8,24,0.533,0,34.9,40.2,4,36.2,76.6,good,0.0,fair,0,0.4925,1,0.4655,0,5.72
XB-20240996,Peppers,Kaduna,Zaria,10.52,7.44,11.08,7.71,3636.1,629568.0,94.0,2.56,1.0,3.56,96,0.037,1,21.6,24.7,22,2.7,69.3,poor,1.532,good,0,0.2928,0,0.2422,0,3.94
XB-20240997,Leafy Greens,Kaduna,Ibadan,10.52,7.44,7.38,3.93,877.0,249248.0,662.7,12.48,1.74,14.22,48,0.296,1,13.8,17.5,10,7.5,81.0,poor,2.373,fair,0,0.6292,1,0.5965,0,6.77
XB-20240998,Peppers,Kaduna,Kano,10.52,7.44,12.0,8.52,1239.0,217781.0,248.1,4.72,0.73,5.45,96,0.057,1,21.9,29.1,22,7.1,83.7,good,0.0,good,0,0.2358,0,0.2424,0,3.94
XB-20240999,Peppers,Abuja,Port Harcourt,9.07,7.4,4.82,7.04,2690.2,517199.0,598.3,14.03,3.57,17.6,96,0.183,0,30.1,38.0,22,16.0,82.5,fair,1.422,excellent,0,0.6743,1,0.2977,0,4.38
XB-20241000,Dairy,Kano,Onitsha,12.0,8.52,6.14,6.79,1223.5,471797.0,925.6,16.53,1.92,18.45,48,0.384,1,6.4,11.9,6,5.9,81.1,poor,2.221,excellent,0,0.4341,0,0.1937,0,3.55
XB-20241001,Tomatoes,Enugu,Zaria,6.44,7.5,11.08,7.71,3513.2,1252793.0,759.9,19.32,0.27,19.59,72,0.272,0,33.3,36.9,25,11.9,57.2,poor,2.765,fair,1,0.5324,0,0.5011,0,6.01
XB-20241002,Strawberries,Jos,Zaria,9.92,8.89,11.08,7.71,2594.8,2262284.0,252.7,4.0,0.3,4.3,36,0.119,1,10.7,12.8,8,4.8,59.7,fair,0.748,excellent,0,0.1019,0,0.01,0,2.08
XB-20241003,Peppers,Lagos,Abuja,6.52,3.38,9.07,7.4,881.7,166698.0,713.9,13.61,0.19,13.8,96,0.144,0,32.4,36.5,22,14.5,56.9,fair,1.406,excellent,0,0.5045,1,0.2914,0,4.33
XB-20241004,Mangoes,Zaria,Ibadan,11.08,7.71,7.38,3.93,4792.5,922144.0,704.1,15.68,0.32,16.0,96,0.167,0,32.8,36.8,20,16.8,70.3,fair,0.911,good,1,0.4973,0,0.4198,0,5.36
XB-20241005,Mangoes,Enugu,Port Harcourt,6.44,7.5,4.82,7.04,4399.9,966097.0,286.0,5.36,1.42,6.79,96,0.071,0,31.8,35.9,20,15.9,60.0,fair,0.859,poor,4,0.443,0,0.637,1,7.1
XB-20241006,Mangoes,Kaduna,Port Harcourt,10.52,7.44,4.82,7.04,961.7,183974.0,929.9,21.03,0.37,21.4,96,0.223,0,29.8,33.9,20,13.9,71.8,poor,2.376,excellent,0,0.5792,0,0.2578,0,4.06
XB-20241007,Fresh Fish,Kaduna,Port Harcourt,10.52,7.44,4.82,7.04,2912.1,1624725.0,816.3,20.27,0.5,20.76,24,0.865,1,2.1,7.9,4,3.9,74.2,fair,1.388,fair,1,0.3687,0,0.3557,0,4.85
XB-20241008,Tomatoes,Ibadan,Kaduna,7.38,3.93,10.52,7.44,3777.1,1360641.0,720.4,11.49,0.28,11.77,72,0.163,0,33.8,38.2,25,13.2,86.2,good,0.0,good,1,0.6775,1,0.5247,1,6.2
XB-20241009,Fresh Fish,Ibadan,Enugu,7.38,3.93,6.44,7.5,4390.8,2887414.0,627.5,14.8,4.44,19.24,24,0.802,0,38.5,43.9,4,39.9,90.5,poor,1.257,good,0,0.98,1,0.6091,0,6.87
XB-20241010,Dairy,Jos,Abuja,9.92,8.89,9.07,7.4,2805.5,1246780.0,242.4,5.91,1.0,6.9,48,0.144,0,27.5,30.7,6,24.7,75.7,fair,1.42,poor,1,0.5926,1,0.6825,1,7.46
XB-20241011,Dairy,Enugu,Onitsha,6.44,7.5,6.14,6.79,4504.8,2002900.0,104.7,1.64,0.39,2.03,48,0.042,1,5.4,9.8,6,3.8,74.9,good,0.0,excellent,0,0.02,0,0.01,0,2.08
XB-20241012,Dairy,Jos,Lagos,9.92,8.89,6.52,3.38,3365.7,1488863.0,1121.3,21.46,0.45,21.91,48,0.457,0,26.4,30.6,6,24.6,82.0,fair,0.525,excellent,0,0.6531,1,0.3322,0,4.66
XB-20241013,Tomatoes,Enugu,Zaria,6.44,7.5,11.08,7.71,1150.2,369333.0,676.1,11.96,3.38,15.34,72,0.213,0,35.1,41.8,25,16.8,81.9,poor,2.476,fair,0,0.5954,0,0.4514,0,5.61
XB-20241014,Leafy Greens,Kano,Ibadan,12.0,8.52,7.38,3.93,2441.1,634653.0,1102.0,18.68,0.69,19.37,48,0.403,0,28.7,32.6,10,22.6,58.5,good,0.0,excellent,0,0.4718,0,0.2525,0,4.02
XB-20241015,Mangoes,Zaria,Jos,11.08,7.71,9.92,8.89,583.9,119180.0,221.5,3.66,0.07,3.73,96,0.039,0,30.9,38.4,20,18.4,59.1,poor,2.088,excellent,0,0.484,0,0.2768,0,4.21
XB-20241016,Dairy,Jos,Zaria,9.92,8.89,11.08,7.71,4463.4,1812680.0,281.5,5.6,2.27,7.87,48,0.164,1,9.0,15.6,6,9.6,90.9,poor,1.481,poor,0,0.5719,1,0.5433,0,6.35
XB-20241017,Tomatoes,Zaria,Ibadan,11.08,7.71,7.38,3.93,3115.9,1028052.0,742.7,15.09,2.99,18.07,72,0.251,1,26.9,29.2,25,4.2,91.3,fair,0.97,good,0,0.2825,0,0.2524,0,4.02
XB-20241018,Mangoes,Lagos,Jos,6.52,3.38,9.92,8.89,4380.3,827152.0,895.5,15.24,0.31,15.55,96,0.162,0,36.1,38.6,20,18.6,88.1,fair,1.156,good,1,0.654,1,0.3476,0,4.78
XB-20241019,Fresh Fish,Enugu,Jos,6.44,7.5,9.92,8.89,4220.5,2527048.0,563.4,9.48,0.56,10.04,24,0.418,1,7.5,10.0,4,6.0,86.9,poor,1.631,good,0,0.4434,1,0.3007,0,4.41
XB-20241020,Dairy,Enugu,Jos,6.44,7.5,9.92,8.89,761.4,340976.0,594.4,10.76,0.01,10.77,48,0.224,0,31.5,37.0,6,31.0,77.9,fair,1.467,excellent,0,0.6802,1,0.3074,0,4.46
XB-20241021,Mangoes,Kano,Jos,12.0,8.52,9.92,8.89,2078.3,386871.0,302.3,5.65,1.36,7.01,96,0.073,1,21.7,27.2,20,7.2,68.8,poor,2.335,good,0,0.2787,0,0.2558,0,4.05
XB-20241022,Leafy Greens,Jos,Kaduna,9.92,8.89,10.52,7.44,4234.0,1290352.0,225.9,4.08,0.36,4.44,48,0.093,1,11.6,17.6,10,7.6,75.5,fair,1.391,excellent,0,0.2425,0,0.1742,0,3.39
XB-20241023,Tomatoes,Jos,Kano,9.92,8.89,12.0,8.52,1321.7,505404.0,298.7,5.48,0.53,6.0,72,0.083,0,37.1,40.8,25,15.8,69.0,good,0.0,good,1,0.5339,0,0.3962,0,5.17
XB-20241024,Fresh Fish,Zaria,Jos,11.08,7.71,9.92,8.89,2127.2,1157118.0,282.0,6.53,0.94,7.47,24,0.311,0,38.5,46.2,4,42.2,55.3,poor,1.919,fair,2,0.5434,0,0.583,0,6.66
XB-20241025,Mangoes,Ibadan,Abuja,7.38,3.93,9.07,7.4,438.5,83607.0,591.2,10.45,1.27,11.72,96,0.122,0,30.4,34.8,20,14.8,56.0,fair,1.402,poor,1,0.6148,1,0.7194,1,7.76
XB-20241026,Dairy,Jos,Kaduna,9.92,8.89,10.52,7.44,1139.4,465909.0,246.2,6.94,2.74,9.68,48,0.202,0,29.9,34.3,6,28.3,74.5,fair,1.096,poor,3,0.5459,1,0.7565,1,8.05
XB-20241027,Fresh Fish,Port Harcourt,Enugu,4.82,7.04,6.44,7.5,1414.0,855095.0,263.8,5.19,0.82,6.01,24,0.25,1,3.5,11.0,4,7.0,74.6,poor,1.581,fair,0,0.361,0,0.3434,0,4.75
XB-20241028,Mangoes,Port Harcourt,Onitsha,4.82,7.04,6.14,6.79,3569.9,701705.0,219.0,4.14,0.84,4.98,96,0.052,0,29.9,32.8,20,12.8,58.8,good,0.0,excellent,0,0.3737,1,0.1185,0,2.95
XB-20241029,Fresh Fish,Lagos,Jos,6.52,3.38,9.92,8.89,261.9,162235.0,993.5,16.44,2.31,18.75,24,0.781,1,3.4,11.3,4,7.3,64.6,fair,1.181,poor,0,0.5551,1,0.4721,1,5.78
XB-20241030,Strawberries,Lagos,Port Harcourt,6.52,3.38,4.82,7.04,2545.2,2002298.0,630.7,10.54,0.94,11.48,36,0.319,1,11.1,15.6,8,7.6,79.7,good,0.0,excellent,0,0.3327,0,0.1454,0,3.16
XB-20241031,Mangoes,Ibadan,Port Harcourt,7.38,3.93,4.82,7.04,738.2,152111.0,585.3,10.98,1.09,12.07,96,0.126,0,33.2,35.9,20,15.9,72.4,good,0.0,fair,1,0.4779,0,0.5201,0,6.16
XB-20241032,Strawberries,Onitsha,Abuja,6.14,6.79,9.07,7.4,2924.2,2537007.0,497.7,9.25,0.24,9.48,36,0.263,1,10.2,17.4,8,9.4,61.7,poor,1.118,poor,3,0.3732,1,0.5988,0,6.79
XB-20241033,Fresh Fish,Onitsha,Jos,6.14,6.79,9.92,8.89,1367.2,794475.0,616.1,10.46,1.32,11.78,24,0.491,1,2.3,8.5,4,4.5,71.2,poor,2.855,fair,0,0.4019,1,0.3904,0,5.12
XB-20241034,Leafy Greens,Kano,Lagos,12.0,8.52,6.52,3.38,632.6,165779.0,1093.2,17.01,0.36,17.37,48,0.362,1,13.5,18.3,10,8.3,89.1,fair,0.727,good,0,0.5535,1,0.3067,0,4.45
XB-20241035,Leafy Greens,Abuja,Kano,9.07,7.4,12.0,8.52,1987.4,603723.0,547.4,11.8,0.09,11.9,48,0.248,1,11.6,15.2,10,5.2,80.5,fair,0.672,excellent,0,0.2331,0,0.1337,0,3.07
XB-20241036,Mangoes,Onitsha,Zaria,6.14,6.79,11.08,7.71,2382.1,503684.0,696.3,11.14,1.72,12.86,96,0.134,1,23.8,31.7,20,11.7,78.8,poor,1.401,good,1,0.4457,1,0.4968,0,5.97
XB-20241037,Dairy,Port Harcourt,Kano,4.82,7.04,12.0,8.52,2284.6,998393.0,1138.1,20.73,0.72,21.46,48,0.447,1,5.4,10.2,6,4.2,80.4,poor,2.558,good,1,0.2503,0,0.3241,0,4.59
XB-20241038,Dairy,Ibadan,Port Harcourt,7.38,3.93,4.82,7.04,4039.0,1859472.0,707.3,12.59,1.28,13.87,48,0.289,1,7.4,14.2,6,8.2,71.2,poor,1.544,fair,0,0.5096,1,0.4172,0,5.34
XB-20241039,Tomatoes,Jos,Ibadan,9.92,8.89,7.38,3.93,1270.0,474648.0,866.7,17.59,2.82,20.41,72,0.283,0,36.4,44.3,25,19.3,90.2,fair,1.369,good,0,0.6874,1,0.4472,1,5.58
XB-20241040,Strawberries,Enugu,Zaria,6.44,7.5,11.08,7.71,4476.2,3277284.0,695.9,11.79,0.4,12.19,36,0.338,0,33.1,36.8,8,28.8,89.1,fair,1.087,good,0,0.6607,1,0.4984,1,5.99
XB-20241041,Strawberries,Onitsha,Zaria,6.14,6.79,11.08,7.71,3288.6,2852699.0,861.2,19.57,1.3,20.87,36,0.58,0,38.1,40.5,8,32.5,69.0,good,0.0,fair,1,0.5226,1,0.5174,1,6.14
XB-20241042,Mangoes,Kano,Lagos,12.0,8.52,6.52,3.38,2656.6,522474.0,1049.6,17.89,0.83,18.72,96,0.195,1,21.6,27.1,20,7.1,77.6,poor,1.626,excellent,0,0.3414,0,0.1846,0,3.48
XB-20241043,Tomatoes,Jos,Ibadan,9.92,8.89,7.38,3.93,2591.7,945702.0,865.1,16.24,6.17,22.41,72,0.311,1,28.5,36.0,25,11.0,73.3,good,0.0,good,1,0.347,0,0.3528,0,4.82
XB-20241044,Leafy Greens,Ibadan,Jos,7.38,3.93,9.92,8.89,619.2,170505.0,804.2,17.38,0.65,18.03,48,0.376,1,9.0,14.9,10,4.9,89.0,fair,0.798,excellent,0,0.2599,0,0.0728,0,2.58
XB-20241045,Peppers,Abuja,Port Harcourt,9.07,7.4,4.82,7.04,4570.9,808014.0,688.6,13.47,0.47,13.94,96,0.145,1,21.7,24.1,22,2.1,90.7,fair,0.673,excellent,0,0.116,0,0.01,0,2.08
XB-20241046,Dairy,Port Harcourt,Ibadan,4.82,7.04,7.38,3.93,219.3,86539.0,590.6,11.84,1.83,13.67,48,0.285,0,29.0,35.7,6,29.7,88.0,fair,1.345,fair,1,0.6722,1,0.5265,1,6.21
XB-20241047,Strawberries,Enugu,Jos,6.44,7.5,9.92,8.89,2117.7,1663679.0,608.9,12.61,3.05,15.66,36,0.435,0,27.4,32.6,8,24.6,83.2,good,0.0,good,1,0.5557,0,0.5079,1,6.06
XB-20241048,Tomatoes,Onitsha,Kaduna,6.14,6.79,10.52,7.44,481.4,176564.0,685.1,12.06,4.41,16.47,72,0.229,1,23.3,29.1,25,4.1,68.0,poor,2.727,good,0,0.3282,0,0.2061,0,3.65
XB-20241049,Fresh Fish,Port Harcourt,Kaduna,4.82,7.04,10.52,7.44,1178.2,748837.0,924.0,21.41,2.38,23.79,24,0.991,0,29.8,37.3,4,33.3,81.5,fair,1.137,fair,0,0.8707,1,0.5848,1,6.68
XB-20241050,Mangoes,Lagos,Zaria,6.52,3.38,11.08,7.71,2764.5,605556.0,864.1,13.4,0.15,13.56,96,0.141,0,36.7,40.1,20,20.1,82.8,poor,2.325,good,2,0.6799,1,0.5396,1,6.32
XB-20241051,Tomatoes,Abuja,Jos,9.07,7.4,9.92,8.89,2196.0,828292.0,287.3,5.81,2.6,8.41,72,0.117,0,38.4,42.7,25,17.7,59.2,poor,1.996,excellent,0,0.6142,1,0.3361,0,4.69
XB-20241052,Mangoes,Lagos,Kano,6.52,3.38,12.0,8.52,4006.3,799472.0,1277.5,22.43,0.72,23.15,96,0.241,1,18.2,26.1,20,6.1,79.0,fair,1.128,excellent,0,0.2532,0,0.097,0,2.78
XB-20241053,Leafy Greens,Lagos,Kano,6.52,3.38,12.0,8.52,3246.8,833001.0,1061.1,27.6,0.71,28.31,48,0.59,0,41.4,43.5,10,33.5,67.2,fair,1.411,good,0,0.545,0,0.2509,0,4.01
XB-20241054,Strawberries,Zaria,Port Harcourt,11.08,7.71,4.82,7.04,1914.9,1611221.0,968.7,26.31,3.75,30.06,36,0.835,1,11.0,18.3,8,10.3,58.4,poor,1.547,fair,0,0.592,1,0.3669,0,4.94
XB-20241055,Tomatoes,Jos,Lagos,9.92,8.89,6.52,3.38,3826.6,1386063.0,1131.7,23.11,1.39,24.5,72,0.34,1,26.3,28.5,25,3.5,89.0,fair,1.369,poor,1,0.3749,0,0.533,0,6.26
XB-20241056,Mangoes,Jos,Onitsha,9.92,8.89,6.14,6.79,3371.5,639620.0,616.5,9.76,0.02,9.78,96,0.102,1,20.9,23.9,20,3.9,73.3,fair,1.39,excellent,0,0.1836,0,0.1063,0,2.85
XB-20241057,Peppers,Zaria,Ibadan,11.08,7.71,7.38,3.93,1376.6,255237.0,796.0,15.42,0.12,15.55,96,0.162,0,37.7,40.6,22,18.6,91.8,fair,1.067,good,0,0.5926,0,0.3534,0,4.83
XB-20241058,Peppers,Jos,Lagos,9.92,8.89,6.52,3.38,2598.4,449637.0,1092.0,21.43,1.09,22.52,96,0.235,1,20.3,27.7,22,5.7,81.8,poor,1.604,poor,1,0.3859,0,0.5857,1,6.69
XB-20241059,Leafy Greens,Onitsha,Enugu,6.14,6.79,6.44,7.5,3799.8,1018101.0,126.1,2.65,0.73,3.38,48,0.07,0,36.5,42.0,10,32.0,65.2,poor,2.307,poor,3,0.6317,1,0.7355,1,7.88
XB-20241060,Strawberries,Port Harcourt,Enugu,4.82,7.04,6.44,7.5,1699.0,1285397.0,297.6,6.21,1.7,7.91,36,0.22,1,8.4,15.1,8,7.1,56.4,fair,1.15,poor,4,0.353,0,0.7106,1,7.68
XB-20241061,Fresh Fish,Jos,Abuja,9.92,8.89,9.07,7.4,2224.1,1230265.0,235.5,5.55,3.21,8.76,24,0.365,1,6.0,12.7,4,8.7,61.8,fair,0.948,good,2,0.4034,0,0.485,1,5.88
XB-20241062,Leafy Greens,Onitsha,Lagos,6.14,6.79,6.52,3.38,1511.7,414992.0,563.5,9.8,0.11,9.92,48,0.207,0,38.8,41.9,10,31.9,76.7,poor,2.222,fair,1,0.6301,1,0.5621,1,6.5
XB-20241063,Dairy,Jos,Kano,9.92,8.89,12.0,8.52,4714.0,1958956.0,358.6,6.56,0.74,7.3,48,0.152,1,8.5,13.5,6,7.5,85.1,poor,1.041,fair,0,0.4296,0,0.4266,0,5.41
XB-20241064,Dairy,Ibadan,Kano,7.38,3.93,12.0,8.52,4273.9,1790051.0,1021.7,19.09,0.51,19.61,48,0.408,0,38.0,44.1,6,38.1,68.9,fair,0.708,poor,4,0.5201,1,0.8282,1,8.63
XB-20241065,Mangoes,Zaria,Ibadan,11.08,7.71,7.38,3.93,705.0,146181.0,796.7,13.65,1.2,14.85,96,0.155,1,22.5,28.7,20,8.7,59.1,poor,1.447,good,0,0.3653,0,0.2535,0,4.03
XB-20241066,Tomatoes,Enugu,Lagos,6.44,7.5,6.52,3.38,2617.7,954878.0,561.3,9.64,0.0,9.64,72,0.134,0,26.7,30.9,25,5.9,89.8,good,0.0,excellent,0,0.4795,0,0.1565,0,3.25
XB-20241067,Strawberries,Onitsha,Jos,6.14,6.79,9.92,8.89,3322.4,2657238.0,740.1,12.56,0.09,12.66,36,0.352,0,41.4,43.5,8,35.5,90.8,good,0.0,good,0,0.4057,0,0.313,0,4.5
XB-20241068,Tomatoes,Enugu,Port Harcourt,6.44,7.5,4.82,7.04,2466.5,866162.0,295.0,4.86,1.98,6.84,72,0.095,1,24.9,27.6,25,2.6,71.9,poor,2.029,fair,2,0.2651,0,0.4856,0,5.88
XB-20241069,Peppers,Lagos,Abuja,6.52,3.38,9.07,7.4,2906.9,513234.0,786.1,15.82,0.66,16.48,96,0.172,1,24.7,31.9,22,9.9,60.7,poor,1.51,good,1,0.3738,0,0.3292,0,4.63
XB-20241070,Peppers,Kano,Zaria,12.0,8.52,11.08,7.71,3789.6,736075.0,168.4,4.52,3.99,8.5,96,0.089,1,20.5,26.7,22,4.7,82.2,poor,2.538,good,0,0.254,0,0.1961,0,3.57
XB-20241071,Mangoes,Onitsha,Kaduna,6.14,6.79,10.52,7.44,462.9,84795.0,702.9,16.6,0.44,17.04,96,0.177,1,21.5,27.0,20,7.0,75.1,fair,1.206,fair,0,0.2661,0,0.3027,0,4.42
XB-20241072,Dairy,Onitsha,Kaduna,6.14,6.79,10.52,7.44,2974.8,1286903.0,634.2,12.56,0.3,12.86,48,0.268,0,32.6,35.0,6,29.0,70.4,good,0.0,poor,2,0.4131,0,0.6414,1,7.13
XB-20241073,Tomatoes,Kano,Kaduna,12.0,8.52,10.52,7.44,3243.4,1189457.0,319.9,5.12,3.23,8.34,72,0.116,0,34.0,39.2,25,14.2,55.3,good,0.0,good,0,0.5493,1,0.3638,0,4.91
XB-20241074,Strawberries,Kaduna,Abuja,10.52,7.44,9.07,7.4,3598.3,2779894.0,253.7,6.66,0.46,7.12,36,0.198,1,7.6,13.4,8,5.4,90.3,fair,1.427,fair,1,0.4004,0,0.4396,0,5.52
XB-20241075,Tomatoes,Zaria,Abuja,11.08,7.71,9.07,7.4,4318.2,1533975.0,344.1,6.42,4.08,10.51,72,0.146,1,23.3,27.5,25,2.5,60.5,good,0.0,fair,1,0.1411,0,0.3424,0,4.74
XB-20241076,Peppers,Enugu,Port Harcourt,6.44,7.5,4.82,7.04,2371.9,429991.0,283.7,4.38,0.16,4.54,96,0.047,0,33.9,37.6,22,15.6,58.8,good,0.0,excellent,0,0.3679,0,0.1566,0,3.25
XB-20241077,Strawberries,Kano,Ibadan,12.0,8.52,7.38,3.93,4460.4,3396654.0,890.5,14.72,0.32,15.05,36,0.418,1,10.3,12.5,8,4.5,65.7,fair,0.857,fair,1,0.2595,0,0.3476,0,4.78
XB-20241078,Strawberries,Jos,Abuja,9.92,8.89,9.07,7.4,2962.2,2524441.0,301.2,7.76,0.86,8.61,36,0.239,0,41.1,47.3,8,39.3,82.0,fair,0.594,fair,3,0.6594,1,0.7324,1,7.86
XB-20241079,Mangoes,Lagos,Ibadan,6.52,3.38,7.38,3.93,797.9,164479.0,168.0,3.83,2.14,5.97,96,0.062,1,19.8,21.8,20,1.8,78.4,good,0.0,poor,1,0.075,0,0.4709,0,5.77
XB-20241080,Fresh Fish,Port Harcourt,Lagos,4.82,7.04,6.52,3.38,3968.9,2338594.0,590.5,10.63,1.38,12.02,24,0.501,0,42.3,49.3,4,45.3,88.3,good,0.0,good,0,0.5968,1,0.5253,0,6.2
XB-20241081,Dairy,Enugu,Kaduna,6.44,7.5,10.52,7.44,4707.5,2023788.0,701.9,11.42,0.21,11.63,48,0.242,0,29.0,33.5,6,27.5,67.0,fair,0.802,fair,0,0.5547,1,0.5349,1,6.28
XB-20241082,Tomatoes,Lagos,Kaduna,6.52,3.38,10.52,7.44,1387.7,528826.0,998.5,16.1,0.43,16.53,72,0.23,0,28.3,30.8,25,5.8,62.6,poor,2.929,good,1,0.55,0,0.4514,0,5.61
XB-20241083,Dairy,Kaduna,Port Harcourt,10.52,7.44,4.82,7.04,4235.3,1756850.0,1010.9,23.98,1.19,25.17,48,0.524,0,30.0,32.8,6,26.8,69.2,poor,1.144,good,0,0.6591,1,0.3926,0,5.14
XB-20241084,Mangoes,Enugu,Abuja,6.44,7.5,9.07,7.4,4347.5,913952.0,361.0,8.54,1.11,9.65,96,0.101,1,21.1,27.5,20,7.5,58.5,fair,1.427,good,2,0.3605,0,0.373,0,4.98
XB-20241085,Strawberries,Ibadan,Enugu,7.38,3.93,6.44,7.5,3325.4,2784167.0,560.0,14.45,0.49,14.94,36,0.415,1,10.6,16.9,8,8.9,79.5,good,0.0,good,0,0.3546,0,0.212,0,3.7
XB-20241086,Peppers,Zaria,Abuja,11.08,7.71,9.07,7.4,3978.0,751507.0,323.2,9.2,0.53,9.73,96,0.101,0,32.6,39.6,22,17.6,88.1,good,0.0,good,0,0.4923,0,0.3397,0,4.72
XB-20241087,Dairy,Ibadan,Enugu,7.38,3.93,6.44,7.5,340.1,143798.0,543.8,8.89,0.2,9.08,48,0.189,0,31.1,38.4,6,32.4,68.1,good,0.0,fair,3,0.4253,1,0.501,1,6.01
XB-20241088,Leafy Greens,Jos,Kaduna,9.92,8.89,10.52,7.44,4630.6,1168181.0,231.3,3.95,1.54,5.49,48,0.114,1,9.3,12.9,10,2.9,58.5,fair,0.998,good,0,0.0553,0,0.1429,0,3.14
XB-20241089,Dairy,Onitsha,Kano,6.14,6.79,12.0,8.52,446.8,194775.0,847.6,15.62,1.72,17.34,48,0.361,1,6.9,12.1,6,6.1,75.2,fair,0.75,excellent,0,0.3117,0,0.01,0,2.08
XB-20241090,Fresh Fish,Onitsha,Port Harcourt,6.14,6.79,4.82,7.04,432.1,267225.0,232.7,4.14,3.96,8.1,24,0.337,1,6.4,12.6,4,8.6,89.7,good,0.0,excellent,0,0.3723,0,0.1829,0,3.46
XB-20241091,Dairy,Kano,Jos,12.0,8.52,9.92,8.89,1390.7,530198.0,373.4,8.38,2.36,10.74,48,0.224,1,9.7,11.9,6,5.9,83.4,fair,1.444,good,1,0.3294,0,0.3656,0,4.92
XB-20241092,Peppers,Ibadan,Jos,7.38,3.93,9.92,8.89,945.0,166691.0,890.7,21.46,0.54,22.01,96,0.229,0,34.2,40.5,22,18.5,72.0,fair,1.019,good,1,0.5907,0,0.4468,0,5.57
XB-20241093,Strawberries,Enugu,Port Harcourt,6.44,7.5,4.82,7.04,1503.9,1138654.0,232.6,4.95,0.38,5.34,36,0.148,1,9.7,12.2,8,4.2,78.6,fair,1.435,good,1,0.3885,0,0.3597,0,4.88
XB-20241094,Mangoes,Lagos,Jos,6.52,3.38,9.92,8.89,776.3,147421.0,1067.2,18.11,0.21,18.32,96,0.191,0,34.1,41.6,20,21.6,62.0,good,0.0,excellent,0,0.4388,0,0.3016,0,4.41
XB-20241095,Strawberries,Lagos,Ibadan,6.52,3.38,7.38,3.93,1976.3,1677126.0,162.8,3.65,0.92,4.57,36,0.127,0,34.2,38.6,8,30.6,73.6,poor,2.323,poor,0,0.6421,1,0.6048,0,6.84
XB-20241096,Peppers,Port Harcourt,Enugu,4.82,7.04,6.44,7.5,554.0,107284.0,292.2,6.87,0.03,6.9,96,0.072,1,25.9,28.5,22,6.5,72.1,good,0.0,excellent,0,0.2354,0,0.1319,0,3.06
XB-20241097,Mangoes,Abuja,Lagos,9.07,7.4,6.52,3.38,4028.1,746352.0,820.7,22.07,0.31,22.38,96,0.233,0,29.8,35.0,20,15.0,64.2,fair,1.466,good,1,0.5178,0,0.3624,0,4.9
XB-20241098,Strawberries,Onitsha,Abuja,6.14,6.79,9.07,7.4,4619.3,3684966.0,475.2,8.77,0.0,8.77,36,0.244,1,6.6,10.2,8,2.2,66.9,poor,2.337,good,1,0.4029,1,0.3469,0,4.78
XB-20241099,Dairy,Onitsha,Zaria,6.14,6.79,11.08,7.71,4658.7,2028347.0,701.6,12.83,1.22,14.05,48,0.293,1,6.5,9.3,6,3.3,80.5,good,0.0,fair,1,0.0741,0,0.218,0,3.74
XB-20241100,Strawberries,Lagos,Port Harcourt,6.52,3.38,4.82,7.04,2179.7,1855545.0,678.7,13.23,1.08,14.31,36,0.397,1,11.4,18.1,8,10.1,84.1,good,0.0,good,0,0.2841,0,0.3076,0,4.46
XB-20241101,Mangoes,Jos,Ibadan,9.92,8.89,7.38,3.93,2541.6,492555.0,760.2,18.49,0.24,18.73,96,0.195,0,32.5,39.6,20,19.6,76.4,fair,0.774,good,0,0.5503,1,0.2324,0,3.86
XB-20241102,Mangoes,Port Harcourt,Kano,4.82,7.04,12.0,8.52,3007.6,551738.0,1300.1,21.5,1.19,22.69,96,0.236,0,36.2,43.7,20,23.7,57.9,good,0.0,good,0,0.4299,0,0.3671,0,4.94
XB-20241103,Tomatoes,Enugu,Onitsha,6.44,7.5,6.14,6.79,2770.5,1017700.0,111.7,1.8,2.98,4.78,72,0.066,1,25.9,33.3,25,8.3,55.1,poor,2.237,poor,1,0.3344,0,0.5947,0,6.76
XB-20241104,Mangoes,Kano,Lagos,12.0,8.52,6.52,3.38,3995.0,847723.0,1012.4,16.39,0.08,16.47,96,0.172,0,29.2,34.2,20,14.2,83.1,good,0.0,fair,0,0.4909,1,0.4567,0,5.65
XB-20241105,Strawberries,Enugu,Jos,6.44,7.5,9.92,8.89,4304.9,3497111.0,564.9,11.18,0.78,11.96,36,0.332,0,28.2,30.5,8,22.5,90.1,good,0.0,fair,0,0.6611,1,0.5647,0,6.52
XB-20241106,Tomatoes,Enugu,Abuja,6.44,7.5,9.07,7.4,1484.3,481313.0,356.1,6.98,1.71,8.69,72,0.121,1,28.2,33.0,25,8.0,72.1,poor,1.64,poor,1,0.6024,0,0.7411,1,7.93
XB-20241107,Fresh Fish,Ibadan,Kano,7.38,3.93,12.0,8.52,3600.1,2334575.0,945.1,23.66,1.87,25.53,24,1.064,0,33.0,35.3,4,31.3,69.1,fair,1.499,good,1,0.7442,1,0.6713,1,7.37
XB-20241108,Dairy,Kano,Onitsha,12.0,8.52,6.14,6.79,3691.9,1547889.0,1078.9,29.15,3.31,32.47,48,0.676,0,33.1,40.6,6,34.6,83.0,fair,0.832,poor,1,0.8254,1,0.8941,1,9.15
XB-20241109,Mangoes,Abuja,Enugu,9.07,7.4,6.44,7.5,1767.0,363358.0,457.4,13.05,5.17,18.21,96,0.19,1,18.7,22.1,20,2.1,63.7,poor,1.009,fair,2,0.4465,0,0.4543,0,5.63
XB-20241110,Leafy Greens,Jos,Onitsha,9.92,8.89,6.14,6.79,1984.7,518464.0,690.4,16.73,1.6,18.33,48,0.382,0,25.2,33.1,10,23.1,86.6,fair,1.414,good,0,0.5453,0,0.4679,0,5.74
XB-20241111,Strawberries,Zaria,Port Harcourt,11.08,7.71,4.82,7.04,4700.7,4072171.0,968.4,22.73,0.77,23.5,36,0.653,0,30.3,32.9,8,24.9,91.8,poor,1.875,fair,0,0.8542,1,0.6266,1,7.01
XB-20241112,Mangoes,Port Harcourt,Ibadan,4.82,7.04,7.38,3.93,4045.9,816586.0,547.2,12.47,1.01,13.48,96,0.14,1,23.2,30.8,20,10.8,58.0,poor,1.907,good,1,0.3861,0,0.2398,0,3.92
XB-20241113,Mangoes,Ibadan,Kaduna,7.38,3.93,10.52,7.44,4091.7,871453.0,672.1,11.63,0.68,12.31,96,0.128,1,22.1,28.3,20,8.3,90.7,fair,1.132,good,0,0.5624,0,0.2666,0,4.13
XB-20241114,Strawberries,Ibadan,Port Harcourt,7.38,3.93,4.82,7.04,4740.9,3841075.0,632.5,10.38,2.61,13.0,36,0.361,0,36.8,44.5,8,36.5,61.0,poor,1.642,fair,3,0.5808,1,0.6654,1,7.32
XB-20241115,Fresh Fish,Abuja,Zaria,9.07,7.4,11.08,7.71,4614.5,2883347.0,273.9,7.09,1.3,8.39,24,0.349,0,40.0,44.5,4,40.5,90.3,fair,0.875,fair,0,0.7941,1,0.6042,1,6.83
XB-20241116,Dairy,Onitsha,Abuja,6.14,6.79,9.07,7.4,3069.5,1245773.0,473.4,11.36,0.49,11.84,48,0.247,1,4.3,10.7,6,4.7,68.8,good,0.0,poor,2,0.2389,0,0.5712,0,6.57
XB-20241117,Leafy Greens,Ibadan,Onitsha,7.38,3.93,6.14,6.79,4648.9,1422426.0,433.2,11.01,5.5,16.51,48,0.344,1,10.7,18.6,10,8.6,73.1,fair,1.194,poor,1,0.413,0,0.5557,1,6.45
XB-20241118,Tomatoes,Ibadan,Kaduna,7.38,3.93,10.52,7.44,1900.0,613951.0,808.9,16.89,0.33,17.22,72,0.239,0,29.5,34.3,25,9.3,75.3,fair,0.628,fair,3,0.5942,1,0.7592,1,8.07
XB-20241119,Peppers,Port Harcourt,Onitsha,4.82,7.04,6.14,6.79,4234.3,713948.0,236.7,3.81,1.06,4.87,96,0.051,1,21.9,24.1,22,2.1,66.4,good,0.0,good,1,0.126,0,0.2785,0,4.23
XB-20241120,Mangoes,Jos,Ibadan,9.92,8.89,7.38,3.93,496.9,90458.0,785.2,14.07,1.22,15.29,96,0.159,1,22.4,25.0,20,5.0,75.5,poor,1.725,fair,3,0.3302,0,0.5442,1,6.35
XB-20241121,Dairy,Onitsha,Ibadan,6.14,6.79,7.38,3.93,1123.4,502219.0,442.1,9.87,0.88,10.75,48,0.224,0,39.3,43.2,6,37.2,69.3,fair,1.095,good,1,0.4966,1,0.3655,0,4.92
XB-20241122,Fresh Fish,Enugu,Jos,6.44,7.5,9.92,8.89,1845.7,1063153.0,621.5,11.19,2.46,13.64,24,0.568,1,7.3,13.9,4,9.9,56.3,poor,2.549,fair,2,0.5537,1,0.5654,1,6.52
XB-20241123,Strawberries,Onitsha,Abuja,6.14,6.79,9.07,7.4,4145.5,3263656.0,429.2,6.92,0.12,7.05,36,0.196,0,32.7,36.6,8,28.6,85.0,poor,1.659,good,0,0.5274,1,0.415,0,5.32
XB-20241124,Fresh Fish,Lagos,Zaria,6.52,3.38,11.08,7.71,4215.3,2464617.0,871.8,17.92,1.8,19.72,24,0.821,1,3.8,5.9,4,1.9,62.3,fair,0.697,fair,0,0.48,1,0.3612,0,4.89
XB-20241125,Leafy Greens,Zaria,Enugu,11.08,7.71,6.44,7.5,2871.0,858755.0,769.6,18.68,6.79,25.47,48,0.531,0,28.5,35.9,10,25.9,82.9,poor,2.382,fair,0,0.685,1,0.5353,0,6.28
XB-20241126,Dairy,Zaria,Kano,11.08,7.71,12.0,8.52,2606.8,1020676.0,202.4,3.16,0.34,3.51,48,0.073,1,6.0,8.1,6,2.1,73.5,fair,0.553,good,1,0.2725,0,0.2679,0,4.14
XB-20241127,Peppers,Port Harcourt,Zaria,4.82,7.04,11.08,7.71,574.5,104988.0,946.4,16.89,0.98,17.88,96,0.186,1,20.4,24.2,22,2.2,56.6,poor,2.796,fair,1,0.3254,0,0.3835,0,5.07
XB-20241128,Dairy,Kaduna,Kano,10.52,7.44,12.0,8.52,3129.3,1231802.0,278.9,5.1,0.91,6.02,48,0.125,0,26.2,33.4,6,27.4,73.1,good,0.0,fair,0,0.4274,0,0.3044,0,4.44
XB-20241129,Leafy Greens,Jos,Zaria,9.92,8.89,11.08,7.71,1848.0,487789.0,241.4,3.88,3.31,7.19,48,0.15,0,30.2,32.3,10,22.3,71.2,good,0.0,fair,1,0.5783,1,0.5349,1,6.28
XB-20241130,Mangoes,Port Harcourt,Ibadan,4.82,7.04,7.38,3.93,2013.8,381109.0,680.9,12.59,1.74,14.33,96,0.149,0,34.5,39.2,20,19.2,66.9,good,0.0,fair,0,0.3782,0,0.3726,0,4.98
XB-20241131,Mangoes,Zaria,Kano,11.08,7.71,12.0,8.52,2014.3,394208.0,174.5,2.85,1.45,4.29,96,0.045,1,23.7,26.4,20,6.4,62.7,poor,2.915,excellent,0,0.3272,0,0.1282,0,3.03
XB-20241132,Fresh Fish,Enugu,Jos,6.44,7.5,9.92,8.89,1319.5,745389.0,509.0,8.38,0.32,8.7,24,0.362,0,30.5,33.0,4,29.0,80.6,fair,1.5,fair,0,0.6707,1,0.5683,1,6.55
XB-20241133,Tomatoes,Lagos,Kano,6.52,3.38,12.0,8.52,2026.1,678870.0,1176.5,19.88,0.05,19.93,72,0.277,0,32.0,37.0,25,12.0,81.5,fair,0.508,excellent,0,0.5179,0,0.3394,0,4.71
XB-20241134,Fresh Fish,Ibadan,Zaria,7.38,3.93,11.08,7.71,3197.0,1751637.0,706.1,12.99,6.21,19.21,24,0.8,0,32.5,39.9,4,35.9,59.3,fair,0.929,good,0,0.809,1,0.5244,1,6.2
XB-20241135,Fresh Fish,Kano,Enugu,12.0,8.52,6.44,7.5,1466.2,834009.0,909.0,17.02,1.46,18.47,24,0.77,1,4.2,10.7,4,6.7,84.9,fair,0.502,fair,1,0.5646,1,0.5466,1,6.37
XB-20241136,Strawberries,Zaria,Kaduna,11.08,7.71,10.52,7.44,4142.1,3113053.0,98.1,2.69,2.28,4.97,36,0.138,0,32.1,37.0,8,29.0,87.1,good,0.0,good,0,0.5266,1,0.3021,0,4.42
XB-20241137,Peppers,Abuja,Lagos,9.07,7.4,6.52,3.38,634.6,124044.0,794.1,16.18,2.87,19.05,96,0.198,1,26.0,30.5,22,8.5,87.9,fair,1.025,poor,2,0.4189,1,0.6404,1,7.12
XB-20241138,Dairy,Kano,Enugu,12.0,8.52,6.44,7.5,3938.4,1495336.0,956.2,18.64,0.14,18.77,48,0.391,0,31.2,39.0,6,33.0,77.5,fair,1.019,good,0,0.6298,1,0.4261,0,5.41
XB-20241139,Strawberries,Lagos,Zaria,6.52,3.38,11.08,7.71,3270.0,2587647.0,978.6,26.13,0.71,26.85,36,0.746,0,31.0,36.9,8,28.9,76.1,poor,1.859,excellent,0,0.78,1,0.5027,0,6.02
XB-20241140,Peppers,Kaduna,Jos,10.52,7.44,9.92,8.89,3297.3,637330.0,261.1,4.15,2.46,6.6,96,0.069,0,35.2,41.0,22,19.0,81.9,fair,1.121,excellent,0,0.4857,1,0.2264,0,3.81
XB-20241141,Leafy Greens,Enugu,Ibadan,6.44,7.5,7.38,3.93,4668.6,1379112.0,562.8,8.9,0.54,9.44,48,0.197,0,34.3,40.4,10,30.4,65.6,good,0.0,good,0,0.3917,0,0.3226,0,4.58
XB-20241142,Peppers,Kaduna,Ibadan,10.52,7.44,7.38,3.93,2827.8,511242.0,822.1,14.48,0.45,14.94,96,0.156,0,31.8,35.5,22,13.5,67.5,fair,0.699,poor,0,0.4855,1,0.5994,1,6.8
XB-20241143,Strawberries,Enugu,Port Harcourt,6.44,7.5,4.82,7.04,4761.1,3509437.0,274.7,5.29,0.6,5.89,36,0.164,1,11.5,16.2,8,8.2,91.5,fair,0.661,excellent,0,0.3899,0,0.1974,0,3.58
XB-20241144,Tomatoes,Kaduna,Jos,10.52,7.44,9.92,8.89,2535.2,946740.0,238.1,4.65,0.01,4.66,72,0.065,0,25.7,28.0,25,3.0,57.0,poor,1.601,good,0,0.1283,0,0.1873,0,3.5
XB-20241145,Peppers,Port Harcourt,Onitsha,4.82,7.04,6.14,6.79,2522.8,438991.0,198.2,5.24,1.23,6.47,96,0.067,1,25.9,29.8,22,7.8,76.6,fair,1.366,good,0,0.3157,0,0.2707,0,4.17
XB-20241146,Strawberries,Lagos,Kano,6.52,3.38,12.0,8.52,644.7,532228.0,1229.1,23.92,0.84,24.76,36,0.688,1,10.7,18.1,8,10.1,81.0,good,0.0,good,0,0.5203,1,0.3991,0,5.19
XB-20241147,Fresh Fish,Zaria,Port Harcourt,11.08,7.71,4.82,7.04,3239.6,1996872.0,1114.1,18.96,0.51,19.47,24,0.811,0,36.0,42.0,4,38.0,71.9,poor,1.359,fair,1,0.7224,1,0.6038,0,6.83
XB-20241148,Dairy,Ibadan,Jos,7.38,3.93,9.92,8.89,1747.7,771831.0,868.0,14.76,1.78,16.55,48,0.345,1,6.1,9.3,6,3.3,80.7,fair,1.413,good,0,0.2649,0,0.3033,0,4.43
XB-20241149,Leafy Greens,Abuja,Zaria,9.07,7.4,11.08,7.71,2265.7,670653.0,334.1,6.89,0.46,7.34,48,0.153,1,12.3,15.2,10,5.2,67.6,good,0.0,poor,1,0.1574,0,0.3586,0,4.87
XB-20241150,Strawberries,Zaria,Jos,11.08,7.71,9.92,8.89,3013.1,2542186.0,278.7,7.13,2.43,9.57,36,0.266,0,41.7,44.9,8,36.9,83.4,good,0.0,excellent,0,0.6359,1,0.3917,0,5.13
XB-20241151,Leafy Greens,Jos,Onitsha,9.92,8.89,6.14,6.79,3680.7,971474.0,611.2,11.43,0.89,12.32,48,0.257,1,9.7,12.3,10,2.3,72.3,fair,0.547,good,0,0.1413,0,0.2006,0,3.6
XB-20241152,Strawberries,Jos,Kaduna,9.92,8.89,10.52,7.44,4030.5,3136973.0,208.4,5.24,0.78,6.01,36,0.167,0,26.7,32.5,8,24.5,69.6,good,0.0,fair,1,0.2763,0,0.4416,0,5.53
XB-20241153,Dairy,Jos,Abuja,9.92,8.89,9.07,7.4,2920.4,1213490.0,275.1,4.82,0.71,5.54,48,0.115,0,34.1,39.3,6,33.3,84.2,fair,1.495,poor,0,0.7108,1,0.6568,1,7.25
XB-20241154,Leafy Greens,Kaduna,Zaria,10.52,7.44,11.08,7.71,3270.8,838207.0,82.9,1.53,2.48,4.01,48,0.084,1,12.2,16.2,10,6.2,64.2,fair,1.47,fair,1,0.4326,1,0.5074,0,6.06
XB-20241155,Fresh Fish,Kaduna,Lagos,10.52,7.44,6.52,3.38,4792.8,2956103.0,816.3,18.14,2.1,20.24,24,0.843,1,2.1,7.9,4,3.9,90.2,good,0.0,good,1,0.5598,1,0.5095,0,6.08
XB-20241156,Fresh Fish,Enugu,Zaria,6.44,7.5,11.08,7.71,2904.9,1692472.0,671.4,16.81,0.96,17.78,24,0.741,0,35.1,41.5,4,37.5,84.3,fair,1.02,poor,2,0.6784,1,0.7443,1,7.95
XB-20241157,Dairy,Ibadan,Kano,7.38,3.93,12.0,8.52,4679.7,2003348.0,918.1,18.59,0.23,18.82,48,0.392,0,38.3,40.4,6,34.4,70.1,fair,1.394,excellent,0,0.6083,1,0.3274,0,4.62
XB-20241158,Dairy,Onitsha,Port Harcourt,6.14,6.79,4.82,7.04,648.7,247490.0,215.5,4.3,0.09,4.39,48,0.092,1,5.4,11.7,6,5.7,66.2,good,0.0,fair,0,0.1015,0,0.2585,0,4.07
XB-20241159,Dairy,Abuja,Enugu,9.07,7.4,6.44,7.5,515.2,199091.0,409.1,9.1,0.7,9.8,48,0.204,0,31.9,34.1,6,28.1,60.8,good,0.0,good,0,0.3465,0,0.263,0,4.1
XB-20241160,Leafy Greens,Lagos,Abuja,6.52,3.38,9.07,7.4,4111.8,1115413.0,684.6,10.97,0.25,11.22,48,0.234,1,9.1,16.8,10,6.8,55.4,fair,1.427,good,0,0.2917,0,0.1301,0,3.04
XB-20241161,Dairy,Enugu,Jos,6.44,7.5,9.92,8.89,897.9,381884.0,507.5,7.91,0.63,8.55,48,0.178,0,35.8,39.7,6,33.7,78.1,poor,1.39,fair,0,0.6024,1,0.516,0,6.13
XB-20241162,Mangoes,Enugu,Onitsha,6.44,7.5,6.14,6.79,2331.8,460383.0,115.5,2.31,1.79,4.1,96,0.043,1,18.2,22.8,20,2.8,73.9,fair,0.776,good,0,0.3214,0,0.3054,0,4.44
XB-20241163,Peppers,Zaria,Ibadan,11.08,7.71,7.38,3.93,1136.5,196962.0,930.2,19.15,2.85,22.01,96,0.229,0,39.1,42.7,22,20.7,77.0,fair,0.609,fair,0,0.6711,1,0.6162,1,6.93
XB-20241164,Mangoes,Kaduna,Zaria,10.52,7.44,11.08,7.71,3808.7,786445.0,110.2,2.31,1.97,4.28,96,0.045,0,33.6,36.3,20,16.3,75.7,fair,0.884,excellent,0,0.612,1,0.3173,0,4.54
XB-20241165,Strawberries,Abuja,Kaduna,9.07,7.4,10.52,7.44,3132.2,2451723.0,224.4,4.46,2.16,6.61,36,0.184,1,10.4,14.8,8,6.8,56.2,fair,1.237,poor,0,0.4198,0,0.4153,0,5.32
XB-20241166,Fresh Fish,Port Harcourt,Kaduna,4.82,7.04,10.52,7.44,3515.6,2155734.0,961.1,26.53,2.16,28.69,24,1.195,0,36.7,42.2,4,38.2,66.2,fair,0.676,fair,1,0.8328,1,0.6967,1,7.57
XB-20241167,Fresh Fish,Kaduna,Kano,10.52,7.44,12.0,8.52,3494.8,2035036.0,321.0,4.98,0.53,5.52,24,0.23,1,2.9,5.2,4,1.2,80.8,poor,1.921,fair,1,0.3715,0,0.5116,1,6.09
XB-20241168,Dairy,Abuja,Kano,9.07,7.4,12.0,8.52,980.0,391151.0,482.5,11.64,1.97,13.62,48,0.284,0,37.9,45.8,6,39.8,79.8,poor,2.016,poor,4,0.6259,1,0.86,1,8.88
XB-20241169,Strawberries,Enugu,Ibadan,6.44,7.5,7.38,3.93,4451.2,3617248.0,550.0,13.15,0.12,13.28,36,0.369,0,32.6,38.6,8,30.6,72.0,poor,2.84,excellent,0,0.4827,0,0.1019,0,2.82
XB-20241170,Dairy,Ibadan,Onitsha,7.38,3.93,6.14,6.79,1269.3,552689.0,460.8,12.35,0.68,13.03,48,0.271,1,4.4,7.5,6,1.5,71.5,fair,0.77,fair,0,0.2798,0,0.3049,0,4.44
XB-20241171,Strawberries,Abuja,Jos,9.07,7.4,9.92,8.89,623.8,516465.0,244.9,5.24,2.56,7.81,36,0.217,1,6.8,10.6,8,2.6,90.9,good,0.0,excellent,0,0.2869,0,0.1905,0,3.52
XB-20241172,Mangoes,Port Harcourt,Enugu,4.82,7.04,6.44,7.5,2669.9,551524.0,229.0,5.47,0.22,5.69,96,0.059,1,18.9,21.8,20,1.8,56.6,poor,1.44,fair,0,0.1149,0,0.2697,0,4.16
XB-20241173,Strawberries,Zaria,Jos,11.08,7.71,9.92,8.89,2931.0,2372432.0,285.2,7.39,0.05,7.45,36,0.207,0,36.0,44.0,8,36.0,64.4,fair,0.736,fair,0,0.5422,1,0.4834,0,5.87
XB-20241174,Mangoes,Enugu,Zaria,6.44,7.5,11.08,7.71,2416.3,530067.0,764.6,15.7,0.18,15.88,96,0.165,0,26.9,32.2,20,12.2,66.4,fair,1.059,good,0,0.4373,0,0.3724,0,4.98
XB-20241175,Mangoes,Enugu,Zaria,6.44,7.5,11.08,7.71,1016.2,185914.0,758.5,19.66,0.26,19.92,96,0.208,0,38.9,41.1,20,21.1,89.3,good,0.0,excellent,0,0.5286,0,0.2262,0,3.81
XB-20241176,Leafy Greens,Kaduna,Abuja,10.52,7.44,9.07,7.4,3833.9,1136790.0,236.6,4.91,2.07,6.98,48,0.145,0,34.4,39.9,10,29.9,83.8,fair,0.542,excellent,0,0.5625,1,0.2731,0,4.19
XB-20241177,Mangoes,Port Harcourt,Jos,4.82,7.04,9.92,8.89,802.2,146496.0,815.5,15.72,1.05,16.76,96,0.175,0,36.6,41.6,20,21.6,67.4,poor,2.455,good,2,0.4695,1,0.4602,0,5.68
XB-20241178,Leafy Greens,Port Harcourt,Jos,4.82,7.04,9.92,8.89,1144.1,299913.0,876.8,17.0,3.53,20.52,48,0.428,0,36.0,41.5,10,31.5,70.2,poor,1.523,excellent,0,0.5829,1,0.231,0,3.85
XB-20241179,Dairy,Jos,Ibadan,9.92,8.89,7.38,3.93,2736.7,1236274.0,960.0,16.18,0.12,16.3,48,0.34,1,6.7,10.4,6,4.4,70.5,fair,1.411,excellent,0,0.2881,0,0.0379,0,2.3
XB-20241180,Dairy,Ibadan,Kaduna,7.38,3.93,10.52,7.44,2364.2,1031367.0,634.8,10.56,4.82,15.37,48,0.32,0,28.2,34.1,6,28.1,74.8,fair,0.972,good,1,0.5449,0,0.447,1,5.58
XB-20241181,Mangoes,Kano,Jos,12.0,8.52,9.92,8.89,2899.3,554184.0,349.5,7.49,3.55,11.04,96,0.115,0,27.3,30.7,20,10.7,62.1,poor,1.405,fair,0,0.6971,1,0.4648,0,5.72
XB-20241182,Tomatoes,Onitsha,Abuja,6.14,6.79,9.07,7.4,244.9,87156.0,499.6,8.17,0.31,8.48,72,0.118,0,26.7,34.7,25,9.7,89.1,poor,1.994,fair,0,0.6686,1,0.5379,0,6.3
XB-20241183,Peppers,Ibadan,Jos,7.38,3.93,9.92,8.89,4694.6,843560.0,970.5,25.34,0.94,26.29,96,0.274,0,33.7,41.7,22,19.7,88.9,fair,0.613,good,0,0.687,1,0.4236,0,5.39
XB-20241184,Fresh Fish,Ibadan,Onitsha,7.38,3.93,6.14,6.79,4337.9,2485034.0,540.4,9.83,0.24,10.07,24,0.42,0,33.4,36.9,4,32.9,89.7,good,0.0,good,1,0.6956,1,0.5339,0,6.27
XB-20241185,Dairy,Lagos,Abuja,6.52,3.38,9.07,7.4,3407.1,1438914.0,663.3,10.48,0.03,10.51,48,0.219,1,5.3,11.7,6,5.7,58.0,fair,1.176,good,0,0.0995,0,0.1669,0,3.34
XB-20241186,Strawberries,Kaduna,Zaria,10.52,7.44,11.08,7.71,1048.9,777428.0,99.9,2.26,0.72,2.97,36,0.083,0,31.2,37.6,8,29.6,73.2,poor,2.553,poor,1,0.4512,0,0.5933,1,6.75
XB-20241187,Leafy Greens,Onitsha,Kaduna,6.14,6.79,10.52,7.44,2190.5,554973.0,777.7,17.13,2.47,19.59,48,0.408,0,40.5,43.8,10,33.8,74.5,good,0.0,good,1,0.4939,1,0.3756,0,5.01
XB-20241188,Leafy Greens,Jos,Onitsha,9.92,8.89,6.14,6.79,4739.4,1445287.0,623.3,14.09,2.49,16.59,48,0.346,0,38.3,43.2,10,33.2,83.7,poor,1.995,fair,0,0.6726,1,0.4762,0,5.81
XB-20241189,Fresh Fish,Kaduna,Zaria,10.52,7.44,11.08,7.71,388.9,247278.0,99.9,1.71,1.66,3.37,24,0.141,1,6.5,12.9,4,8.9,57.4,fair,0.586,good,0,0.3143,0,0.2955,0,4.36
XB-20241190,Fresh Fish,Abuja,Enugu,9.07,7.4,6.44,7.5,3072.8,1853879.0,445.1,10.17,0.46,10.62,24,0.443,0,35.3,38.3,4,34.3,60.2,fair,0.811,good,0,0.5521,1,0.4086,0,5.27
XB-20241191,Mangoes,Abuja,Lagos,9.07,7.4,6.52,3.38,1185.2,244716.0,685.1,10.7,1.83,12.53,96,0.131,1,18.6,24.7,20,4.7,74.2,good,0.0,excellent,0,0.1838,0,0.0694,0,2.56
XB-20241192,Fresh Fish,Enugu,Zaria,6.44,7.5,11.08,7.71,3388.9,2058206.0,662.9,13.58,3.45,17.03,24,0.709,1,3.0,8.6,4,4.6,87.2,fair,1.224,fair,0,0.5905,1,0.5038,1,6.03
XB-20241193,Strawberries,Jos,Kaduna,9.92,8.89,10.52,7.44,890.5,661603.0,241.9,5.48,0.1,5.58,36,0.155,1,10.3,12.5,8,4.5,58.1,poor,1.167,good,0,0.3222,0,0.253,0,4.02
XB-20241194,Peppers,Kaduna,Port Harcourt,10.52,7.44,4.82,7.04,2226.8,425566.0,932.7,20.1,2.73,22.83,96,0.238,1,24.1,27.3,22,5.3,63.5,fair,1.179,poor,3,0.3735,0,0.5713,1,6.57
XB-20241195,Peppers,Jos,Zaria,9.92,8.89,11.08,7.71,4052.2,764192.0,239.6,4.2,6.32,10.52,96,0.11,1,25.1,30.6,22,8.6,84.2,fair,1.09,excellent,0,0.4928,0,0.2673,0,4.14
XB-20241196,Fresh Fish,Port Harcourt,Kaduna,4.82,7.04,10.52,7.44,973.2,573913.0,863.1,18.3,0.66,18.96,24,0.79,0,38.8,42.3,4,38.3,81.1,poor,2.169,excellent,0,0.8246,1,0.4178,0,5.34
XB-20241197,Mangoes,Enugu,Abuja,6.44,7.5,9.07,7.4,478.5,99456.0,411.3,7.32,0.67,7.98,96,0.083,1,20.6,26.5,20,6.5,56.2,fair,1.317,good,0,0.2167,0,0.1264,0,3.01
XB-20241198,Fresh Fish,Abuja,Ibadan,9.07,7.4,7.38,3.93,1573.3,978147.0,671.4,12.21,1.4,13.61,24,0.567,0,35.6,42.7,4,38.7,90.0,poor,1.812,poor,0,0.8257,1,0.7056,1,7.64
XB-20241199,Fresh Fish,Onitsha,Jos,6.14,6.79,9.92,8.89,3830.9,2382419.0,671.0,14.23,1.22,15.44,24,0.643,1,7.0,14.4,4,10.4,61.0,poor,2.482,excellent,0,0.5802,1,0.3801,0,5.04
XB-20241200,Peppers,Enugu,Ibadan,6.44,7.5,7.38,3.93,3973.7,664913.0,594.1,11.7,2.92,14.63,96,0.152,1,24.8,27.4,22,5.4,86.8,fair,0.501,good,0,0.3018,0,0.1903,0,3.52
XB-20241201,Strawberries,Zaria,Enugu,11.08,7.71,6.44,7.5,792.1,625777.0,714.8,14.78,1.5,16.29,36,0.452,1,6.1,8.8,8,0.8,76.1,good,0.0,good,0,0.2408,0,0.1725,0,3.38
XB-20241202,Fresh Fish,Kaduna,Jos,10.52,7.44,9.92,8.89,3441.5,1880193.0,209.8,3.35,2.19,5.54,24,0.231,1,5.9,13.4,4,9.4,71.5,fair,0.738,good,0,0.3494,0,0.3443,0,4.75
XB-20241203,Dairy,Enugu,Jos,6.44,7.5,9.92,8.89,1224.9,525331.0,543.6,11.69,0.16,11.85,48,0.247,0,38.3,44.4,6,38.4,78.6,fair,1.019,fair,2,0.5111,1,0.5589,0,6.47
XB-20241204,Fresh Fish,Lagos,Onitsha,6.52,3.38,6.14,6.79,732.3,474408.0,516.5,8.36,0.18,8.54,24,0.356,0,36.0,41.6,4,37.6,83.9,good,0.0,good,0,0.4855,0,0.316,0,4.53
XB-20241205,Leafy Greens,Lagos,Kano,6.52,3.38,12.0,8.52,1762.4,446216.0,1115.6,29.17,0.46,29.63,48,0.617,1,14.0,16.6,10,6.6,85.4,good,0.0,fair,1,0.2708,0,0.391,0,5.13
XB-20241206,Strawberries,Jos,Ibadan,9.92,8.89,7.38,3.93,4440.7,3516663.0,749.8,18.99,2.73,21.71,36,0.603,1,6.8,12.4,8,4.4,77.5,fair,1.227,fair,2,0.3336,0,0.4486,0,5.59
XB-20241207,Strawberries,Port Harcourt,Zaria,4.82,7.04,11.08,7.71,1540.1,1295779.0,972.7,23.78,2.32,26.1,36,0.725,1,8.9,15.8,8,7.8,69.2,good,0.0,fair,1,0.3622,0,0.342,0,4.74
XB-20241208,Fresh Fish,Abuja,Ibadan,9.07,7.4,7.38,3.93,342.3,190590.0,563.4,15.01,0.46,15.46,24,0.644,1,5.0,12.4,4,8.4,89.8,good,0.0,good,0,0.5552,0,0.4255,0,5.4
XB-20241209,Peppers,Kaduna,Jos,10.52,7.44,9.92,8.89,2793.8,478235.0,213.0,3.97,0.89,4.86,96,0.051,0,38.5,44.8,22,22.8,64.7,fair,0.967,fair,1,0.4448,0,0.5155,1,6.12
XB-20241210,Dairy,Port Harcourt,Ibadan,4.82,7.04,7.38,3.93,4954.7,1936121.0,661.2,13.52,1.98,15.5,48,0.323,1,4.1,12.1,6,6.1,83.1,fair,0.656,excellent,0,0.4072,0,0.2053,0,3.64
XB-20241211,Mangoes,Ibadan,Zaria,7.38,3.93,11.08,7.71,3824.6,799481.0,822.3,22.65,2.43,25.09,96,0.261,0,38.7,41.6,20,21.6,70.4,fair,0.85,excellent,0,0.6297,1,0.2908,0,4.33
XB-20241212,Peppers,Zaria,Onitsha,11.08,7.71,6.14,6.79,1143.4,193903.0,731.8,11.3,1.27,12.56,96,0.131,1,21.0,23.8,22,1.8,84.5,fair,1.131,good,0,0.1163,0,0.2211,0,3.77
XB-20241213,Dairy,Onitsha,Kaduna,6.14,6.79,10.52,7.44,4118.8,1572840.0,758.5,13.48,1.91,15.39,48,0.321,1,8.5,12.0,6,6.0,55.1,good,0.0,good,0,0.172,0,0.1818,0,3.45
XB-20241214,Strawberries,Ibadan,Enugu,7.38,3.93,6.44,7.5,1930.0,1526653.0,542.5,9.07,0.62,9.69,36,0.269,1,8.3,12.4,8,4.4,62.6,poor,1.435,fair,1,0.3103,0,0.5269,1,6.22
XB-20241215,Tomatoes,Jos,Kano,9.92,8.89,12.0,8.52,4335.7,1396674.0,283.8,6.45,1.03,7.47,72,0.104,0,25.7,29.8,25,4.8,89.3,poor,2.73,good,1,0.3804,0,0.3941,0,5.15
XB-20241216,Fresh Fish,Port Harcourt,Enugu,4.82,7.04,6.44,7.5,1277.3,746329.0,264.1,4.53,0.38,4.91,24,0.204,0,34.1,40.6,4,36.6,55.5,fair,1.179,poor,0,0.6775,1,0.6403,1,7.12
XB-20241217,Leafy Greens,Onitsha,Kaduna,6.14,6.79,10.52,7.44,1257.4,369878.0,651.5,14.77,0.49,15.26,48,0.318,0,33.5,41.1,10,31.1,60.2,fair,0.567,fair,0,0.4723,0,0.507,0,6.06
XB-20241218,Peppers,Abuja,Onitsha,9.07,7.4,6.14,6.79,4774.8,899264.0,409.7,6.68,2.67,9.35,96,0.097,1,25.2,27.7,22,5.7,70.1,poor,2.626,excellent,0,0.0773,0,0.01,0,2.08
XB-20241219,Strawberries,Port Harcourt,Lagos,4.82,7.04,6.52,3.38,4208.7,3314866.0,558.5,13.03,9.18,22.22,36,0.617,0,33.0,40.9,8,32.9,84.8,good,0.0,fair,0,0.7358,1,0.5624,1,6.5
XB-20241220,Mangoes,Port Harcourt,Onitsha,4.82,7.04,6.14,6.79,1702.7,314965.0,202.9,4.27,6.49,10.76,96,0.112,1,22.5,24.5,20,4.5,88.3,fair,1.369,excellent,0,0.5009,1,0.182,0,3.46
XB-20241221,Dairy,Ibadan,Kaduna,7.38,3.93,10.52,7.44,4151.4,1840747.0,630.7,12.62,0.36,12.97,48,0.27,0,25.6,28.8,6,22.8,78.2,poor,2.782,good,0,0.6698,1,0.4251,0,5.4
XB-20241222,Strawberries,Kaduna,Zaria,10.52,7.44,11.08,7.71,4214.5,3253552.0,85.3,1.87,0.3,2.17,36,0.06,0,32.1,35.9,8,27.9,85.8,fair,1.361,poor,2,0.5255,0,0.6297,1,7.04
XB-20241223,Dairy,Abuja,Kaduna,9.07,7.4,10.52,7.44,1428.0,615690.0,204.9,3.29,0.74,4.03,48,0.084,0,30.1,32.4,6,26.4,76.7,good,0.0,fair,0,0.508,1,0.4441,0,5.55
XB-20241224,Strawberries,Lagos,Port Harcourt,6.52,3.38,4.82,7.04,2029.9,1493653.0,682.3,16.97,1.71,18.67,36,0.519,1,9.5,11.8,8,3.8,63.9,fair,0.536,fair,4,0.4725,1,0.6153,1,6.92
XB-20241225,Peppers,Abuja,Lagos,9.07,7.4,6.52,3.38,2765.1,495581.0,831.2,17.22,4.41,21.63,96,0.225,0,27.1,33.4,22,11.4,76.4,poor,1.124,excellent,0,0.7587,1,0.3176,0,4.54
XB-20241226,Mangoes,Kano,Enugu,12.0,8.52,6.44,7.5,4574.8,917189.0,807.9,20.34,1.48,21.82,96,0.227,0,30.4,33.0,20,13.0,60.8,good,0.0,good,0,0.513,0,0.409,0,5.27
XB-20241227,Peppers,Ibadan,Enugu,7.38,3.93,6.44,7.5,1131.7,187051.0,623.7,13.9,0.74,14.64,96,0.152,1,21.5,27.6,22,5.6,69.3,fair,1.036,good,0,0.2132,0,0.2078,0,3.66
XB-20241228,Leafy Greens,Jos,Kaduna,9.92,8.89,10.52,7.44,3584.8,993327.0,224.2,5.06,4.94,10.0,48,0.208,1,8.1,14.7,10,4.7,57.1,fair,0.867,excellent,0,0.3632,0,0.0705,0,2.56
XB-20241229,Fresh Fish,Enugu,Kaduna,6.44,7.5,10.52,7.44,1675.4,1076795.0,678.7,13.04,0.14,13.18,24,0.549,0,28.0,30.6,4,26.6,90.4,poor,1.264,good,0,0.67,1,0.5487,1,6.39
XB-20241230,Leafy Greens,Jos,Port Harcourt,9.92,8.89,4.82,7.04,759.3,217491.0,819.3,17.46,1.7,19.16,48,0.399,1,11.7,17.8,10,7.8,83.0,good,0.0,fair,2,0.3079,0,0.4939,1,5.95
XB-20241231,Mangoes,Port Harcourt,Zaria,4.82,7.04,11.08,7.71,1920.9,388590.0,1067.7,22.54,0.28,22.82,96,0.238,1,18.3,24.1,20,4.1,84.4,fair,0.887,fair,0,0.2791,0,0.4726,0,5.78
XB-20241232,Strawberries,Jos,Ibadan,9.92,8.89,7.38,3.93,3843.8,3304257.0,881.8,20.3,0.15,20.45,36,0.568,1,7.9,13.2,8,5.2,91.0,fair,0.72,excellent,0,0.4335,1,0.2527,0,4.02
XB-20241233,Strawberries,Onitsha,Jos,6.14,6.79,9.92,8.89,1916.3,1591379.0,744.3,15.14,0.6,15.74,36,0.437,1,7.7,12.4,8,4.4,68.0,good,0.0,excellent,0,0.1941,0,0.1793,0,3.43
XB-20241234,Strawberries,Abuja,Onitsha,9.07,7.4,6.14,6.79,4593.9,3658971.0,498.1,7.99,2.55,10.54,36,0.293,0,36.1,42.4,8,34.4,87.2,poor,2.407,fair,1,0.5554,1,0.5065,0,6.05
XB-20241235,Peppers,Enugu,Kaduna,6.44,7.5,10.52,7.44,4689.9,899806.0,588.0,10.35,0.24,10.59,96,0.11,1,20.5,23.1,22,1.1,89.6,poor,1.55,good,0,0.2499,0,0.2084,0,3.67
XB-20241236,Leafy Greens,Enugu,Zaria,6.44,7.5,11.08,7.71,3375.5,872795.0,768.6,16.96,0.59,17.55,48,0.366,0,40.3,42.9,10,32.9,87.5,fair,0.537,fair,1,0.666,1,0.5881,1,6.7
XB-20241237,Strawberries,Lagos,Zaria,6.52,3.38,11.08,7.71,1135.0,904056.0,948.5,26.13,0.44,26.57,36,0.738,1,6.7,13.9,8,5.9,89.4,fair,1.13,fair,0,0.5363,1,0.4047,0,5.24
XB-20241238,Tomatoes,Abuja,Port Harcourt,9.07,7.4,4.82,7.04,1505.3,530931.0,668.6,16.87,2.5,19.37,72,0.269,1,25.1,27.8,25,2.8,72.6,fair,1.222,poor,1,0.3618,0,0.5133,0,6.11
XB-20241239,Tomatoes,Lagos,Jos,6.52,3.38,9.92,8.89,1352.2,501403.0,1067.2,18.33,0.53,18.86,72,0.262,0,27.9,33.3,25,8.3,77.2,fair,0.582,fair,1,0.4628,1,0.4773,0,5.82
XB-20241240,Tomatoes,Jos,Abuja,9.92,8.89,9.07,7.4,1128.2,374811.0,246.9,4.92,3.88,8.8,72,0.122,1,24.1,29.7,25,4.7,82.4,fair,1.25,good,1,0.3519,0,0.3719,0,4.98
XB-20241241,Dairy,Onitsha,Lagos,6.14,6.79,6.52,3.38,1935.6,857041.0,489.9,10.63,0.76,11.39,48,0.237,1,5.0,7.9,6,1.9,55.3,poor,1.936,fair,2,0.2505,0,0.4112,0,5.29
XB-20241242,Peppers,Zaria,Enugu,11.08,7.71,6.44,7.5,4131.7,772232.0,736.3,19.07,1.16,20.23,96,0.211,0,36.0,42.2,22,20.2,69.3,fair,1.087,good,1,0.5769,1,0.4624,0,5.7
XB-20241243,Strawberries,Enugu,Lagos,6.44,7.5,6.52,3.38,4233.1,3711080.0,571.8,15.36,0.37,15.73,36,0.437,0,30.1,34.1,8,26.1,62.6,fair,0.929,excellent,0,0.7134,1,0.3264,0,4.61
XB-20241244,Peppers,Zaria,Kano,11.08,7.71,12.0,8.52,4713.4,829536.0,196.6,4.46,0.06,4.52,96,0.047,1,22.0,27.7,22,5.7,56.7,poor,1.795,poor,4,0.3537,0,0.553,1,6.42
XB-20241245,Mangoes,Onitsha,Abuja,6.14,6.79,9.07,7.4,3157.5,671284.0,430.2,8.86,0.72,9.57,96,0.1,0,21.5,24.0,20,4.0,64.9,good,0.0,fair,1,0.2629,0,0.4313,1,5.45
XB-20241246,Strawberries,Abuja,Jos,9.07,7.4,9.92,8.89,1129.1,931745.0,280.1,7.28,2.64,9.92,36,0.276,1,9.6,13.8,8,5.8,79.6,fair,0.535,poor,1,0.3651,0,0.5046,0,6.04
XB-20241247,Tomatoes,Lagos,Jos,6.52,3.38,9.92,8.89,1267.7,413427.0,986.5,15.18,0.52,15.71,72,0.218,1,26.9,31.1,25,6.1,88.2,poor,1.456,fair,2,0.4178,0,0.5038,1,6.03
XB-20241248,Mangoes,Lagos,Kano,6.52,3.38,12.0,8.52,980.4,178294.0,1087.8,25.96,4.37,30.33,96,0.316,0,33.3,38.2,20,18.2,88.3,fair,1.381,good,0,0.7004,1,0.556,1,6.45
XB-20241249,Dairy,Kano,Enugu,12.0,8.52,6.44,7.5,600.4,253713.0,850.0,20.51,0.62,21.14,48,0.44,0,23.5,29.5,6,23.5,60.2,poor,2.291,poor,1,0.6976,1,0.7813,1,8.25
XB-20241250,Tomatoes,Jos,Kaduna,9.92,8.89,10.52,7.44,4551.2,1481889.0,230.0,4.94,0.07,5.01,72,0.07,0,40.5,47.2,25,22.2,73.5,good,0.0,poor,0,0.5126,0,0.5067,0,6.05
XB-20241251,Dairy,Lagos,Port Harcourt,6.52,3.38,4.82,7.04,2800.2,1226157.0,619.8,11.35,0.42,11.77,48,0.245,1,9.9,13.0,6,7.0,72.2,fair,1.379,fair,3,0.3992,0,0.5854,0,6.68
XB-20241252,Fresh Fish,Zaria,Port Harcourt,11.08,7.71,4.82,7.04,2825.3,1569436.0,980.2,27.15,3.42,30.57,24,1.274,0,34.1,38.4,4,34.4,76.0,fair,0.99,fair,1,0.98,1,0.84,1,8.72
XB-20241253,Peppers,Kaduna,Port Harcourt,10.52,7.44,4.82,7.04,3737.1,703472.0,875.8,24.84,0.37,25.22,96,0.263,0,35.8,43.3,22,21.3,68.3,poor,1.919,poor,2,0.4987,1,0.6983,1,7.59
XB-20241254,Strawberries,Kaduna,Onitsha,10.52,7.44,6.14,6.79,4263.0,3529684.0,695.2,14.91,5.77,20.68,36,0.575,1,11.1,17.9,8,9.9,58.3,fair,0.758,good,0,0.5238,1,0.3894,0,5.12
XB-20241255,Strawberries,Ibadan,Lagos,7.38,3.93,6.52,3.38,3386.2,2948427.0,138.6,2.18,1.61,3.79,36,0.105,1,9.1,14.1,8,6.1,77.3,poor,2.77,excellent,0,0.3813,0,0.1594,0,3.28
XB-20241256,Mangoes,Lagos,Enugu,6.52,3.38,6.44,7.5,4422.9,871357.0,708.2,14.94,0.54,15.48,96,0.161,0,38.9,42.7,20,22.7,71.0,poor,2.971,excellent,0,0.6286,1,0.4264,0,5.41
XB-20241257,Peppers,Lagos,Onitsha,6.52,3.38,6.14,6.79,4842.2,790654.0,484.7,8.75,0.07,8.82,96,0.092,0,29.3,31.9,22,9.9,76.0,fair,1.16,fair,2,0.5914,1,0.6196,1,6.96
XB-20241258,Tomatoes,Jos,Lagos,9.92,8.89,6.52,3.38,3159.6,1048697.0,872.1,15.37,1.4,16.77,72,0.233,0,37.5,43.0,25,18.0,81.9,poor,2.812,good,0,0.6104,1,0.4416,0,5.53
XB-20241259,Dairy,Onitsha,Lagos,6.14,6.79,6.52,3.38,3359.8,1528999.0,548.8,8.66,0.28,8.93,48,0.186,1,7.1,11.8,6,5.8,81.3,fair,1.471,good,0,0.3626,0,0.308,0,4.46
XB-20241260,Strawberries,Abuja,Ibadan,9.07,7.4,7.38,3.93,4858.6,3634896.0,628.4,13.02,1.82,14.83,36,0.412,0,37.3,41.3,8,33.3,81.9,fair,0.663,poor,1,0.6706,1,0.7615,1,8.09
XB-20241261,Strawberries,Port Harcourt,Zaria,4.82,7.04,11.08,7.71,319.6,243468.0,945.1,18.36,1.45,19.81,36,0.55,1,7.0,9.0,8,1.0,90.2,fair,1.457,good,0,0.3875,0,0.3226,0,4.58
XB-20241262,Dairy,Kano,Abuja,12.0,8.52,9.07,7.4,4269.0,1766772.0,501.0,9.47,2.34,11.81,48,0.246,1,4.8,9.0,6,3.0,72.5,poor,1.045,good,0,0.1952,0,0.1371,0,3.1
XB-20241263,Peppers,Enugu,Zaria,6.44,7.5,11.08,7.71,4183.2,827445.0,777.8,16.25,3.11,19.36,96,0.202,0,27.6,33.3,22,11.3,76.5,good,0.0,excellent,0,0.5172,0,0.2606,0,4.08
XB-20241264,Leafy Greens,Ibadan,Kano,7.38,3.93,12.0,8.52,4593.2,1170251.0,899.0,15.15,0.1,15.25,48,0.318,1,14.0,17.0,10,7.0,88.2,poor,1.768,fair,1,0.4312,1,0.5711,0,6.57
XB-20241265,Peppers,Kaduna,Onitsha,10.52,7.44,6.14,6.79,4625.6,901832.0,625.2,10.13,3.25,13.37,96,0.139,1,20.7,23.3,22,1.3,68.1,fair,0.855,fair,2,0.1484,0,0.4064,0,5.25
XB-20241266,Mangoes,Lagos,Enugu,6.52,3.38,6.44,7.5,520.6,109770.0,546.4,13.14,1.44,14.57,96,0.152,0,26.2,31.8,20,11.8,80.5,poor,1.295,fair,0,0.3768,0,0.4455,0,5.56
XB-20241267,Leafy Greens,Jos,Abuja,9.92,8.89,9.07,7.4,984.7,297014.0,227.9,3.74,0.9,4.64,48,0.097,0,30.7,38.0,10,28.0,71.6,poor,1.262,fair,1,0.5896,1,0.4957,0,5.97
XB-20241268,Strawberries,Lagos,Port Harcourt,6.52,3.38,4.82,7.04,4445.8,3789708.0,675.5,11.08,1.27,12.35,36,0.343,0,35.9,42.6,8,34.6,75.4,good,0.0,fair,1,0.4513,0,0.4297,0,5.44
XB-20241269,Tomatoes,Jos,Onitsha,9.92,8.89,6.14,6.79,2109.1,704218.0,626.4,13.57,1.82,15.39,72,0.214,1,24.0,30.6,25,5.6,76.8,good,0.0,good,1,0.328,0,0.372,0,4.98
XB-20241270,Strawberries,Port Harcourt,Kano,4.82,7.04,12.0,8.52,2898.7,2184425.0,1271.5,30.28,2.5,32.78,36,0.911,0,30.3,38.1,8,30.1,75.9,good,0.0,good,0,0.697,1,0.4357,0,5.49
XB-20241271,Strawberries,Abuja,Lagos,9.07,7.4,6.52,3.38,3559.0,2934887.0,642.7,11.44,1.84,13.28,36,0.369,0,32.3,39.5,8,31.5,55.8,fair,0.549,fair,0,0.6247,1,0.5715,0,6.57
XB-20241272,Strawberries,Abuja,Jos,9.07,7.4,9.92,8.89,4576.6,3735301.0,276.4,6.57,0.58,7.15,36,0.199,0,34.1,38.2,8,30.2,74.4,poor,2.081,good,0,0.6173,1,0.4002,0,5.2
XB-20241273,Tomatoes,Port Harcourt,Kaduna,4.82,7.04,10.52,7.44,2536.9,906953.0,785.3,12.51,0.73,13.23,72,0.184,0,36.8,39.7,25,14.7,86.9,fair,1.232,good,0,0.7043,1,0.3899,0,5.12
XB-20241274,Dairy,Zaria,Kano,11.08,7.71,12.0,8.52,1387.6,639074.0,178.3,3.03,1.68,4.71,48,0.098,0,31.7,35.6,6,29.6,56.3,fair,0.855,excellent,0,0.4652,0,0.205,0,3.64
XB-20241275,Tomatoes,Ibadan,Kaduna,7.38,3.93,10.52,7.44,1591.3,509093.0,720.4,14.37,0.87,15.23,72,0.212,1,28.7,35.1,25,10.1,82.3,poor,2.489,excellent,0,0.5161,0,0.226,0,3.81
XB-20241276,Fresh Fish,Onitsha,Lagos,6.14,6.79,6.52,3.38,2297.5,1405730.0,475.1,7.42,3.14,10.56,24,0.44,1,2.3,5.8,4,1.8,83.7,good,0.0,poor,4,0.3349,0,0.5563,0,6.45
XB-20241277,Tomatoes,Onitsha,Kano,6.14,6.79,12.0,8.52,4640.6,1780682.0,830.8,15.97,3.29,19.26,72,0.268,1,26.0,32.9,25,7.9,79.2,fair,0.517,good,1,0.3591,0,0.3944,0,5.16
XB-20241278,Dairy,Jos,Kaduna,9.92,8.89,10.52,7.44,2118.6,888313.0,217.5,5.25,3.56,8.81,48,0.183,0,33.5,36.3,6,30.3,65.7,fair,1.326,good,0,0.5032,0,0.2774,0,4.22
XB-20241279,Dairy,Abuja,Lagos,9.07,7.4,6.52,3.38,2382.6,991768.0,755.6,14.77,1.51,16.28,48,0.339,0,35.0,40.7,6,34.7,57.6,good,0.0,good,1,0.6067,0,0.568,1,6.54
XB-20241280,Strawberries,Ibadan,Onitsha,7.38,3.93,6.14,6.79,3546.5,2575519.0,525.7,10.39,0.27,10.66,36,0.296,0,27.4,32.0,8,24.0,62.3,good,0.0,good,0,0.5106,1,0.3327,0,4.66
XB-20241281,Leafy Greens,Kano,Lagos,12.0,8.52,6.52,3.38,1532.2,464613.0,1254.7,25.85,3.43,29.28,48,0.61,1,13.7,16.9,10,6.9,76.4,fair,1.274,excellent,0,0.6121,1,0.2723,0,4.18
XB-20241282,Mangoes,Enugu,Onitsha,6.44,7.5,6.14,6.79,1317.8,253187.0,119.5,1.95,1.09,3.05,96,0.032,1,19.3,23.7,20,3.7,76.0,fair,0.569,fair,2,0.1745,0,0.4328,0,5.46
XB-20241283,Strawberries,Enugu,Lagos,6.44,7.5,6.52,3.38,2651.3,2272682.0,548.8,9.01,0.04,9.04,36,0.251,0,39.8,47.1,8,39.1,59.8,poor,2.449,fair,1,0.528,0,0.4518,0,5.61
XB-20241284,Leafy Greens,Kano,Zaria,12.0,8.52,11.08,7.71,3511.0,900564.0,201.4,4.78,0.26,5.05,48,0.105,0,24.7,27.0,10,17.0,76.7,fair,0.906,excellent,0,0.5424,1,0.3589,0,4.87
XB-20241285,Mangoes,Jos,Ibadan,9.92,8.89,7.38,3.93,3435.3,745295.0,928.0,17.08,2.79,19.87,96,0.207,0,26.7,32.6,20,12.6,88.2,poor,1.924,poor,3,0.6997,1,0.8229,1,8.58
XB-20241286,Dairy,Onitsha,Abuja,6.14,6.79,9.07,7.4,4300.5,1657135.0,435.7,11.39,1.54,12.93,48,0.269,0,30.2,38.0,6,32.0,89.7,poor,2.82,poor,2,0.6987,1,0.8187,1,8.55
XB-20241287,Dairy,Lagos,Port Harcourt,6.52,3.38,4.82,7.04,3816.8,1758186.0,561.7,14.63,7.3,21.93,48,0.457,1,5.4,13.2,6,7.2,78.5,fair,1.497,fair,1,0.4342,0,0.408,0,5.26
XB-20241288,Leafy Greens,Port Harcourt,Jos,4.82,7.04,9.92,8.89,525.7,140668.0,804.2,18.86,0.66,19.52,48,0.407,1,13.7,18.3,10,8.3,75.4,poor,2.45,good,1,0.4131,1,0.4165,0,5.33
XB-20241289,Dairy,Kaduna,Onitsha,10.52,7.44,6.14,6.79,2624.8,1189484.0,712.6,11.61,2.08,13.68,48,0.285,0,34.5,37.2,6,31.2,70.6,good,0.0,poor,3,0.6192,1,0.7589,1,8.07
XB-20241290,Mangoes,Ibadan,Port Harcourt,7.38,3.93,4.82,7.04,3251.0,671548.0,634.5,10.19,2.08,12.27,96,0.128,0,32.9,40.1,20,20.1,78.9,good,0.0,good,0,0.5326,0,0.4085,0,5.27
XB-20241291,Peppers,Zaria,Kano,11.08,7.71,12.0,8.52,4272.4,774630.0,204.5,3.75,0.34,4.09,96,0.043,0,33.6,37.4,22,15.4,72.6,fair,0.82,fair,0,0.4868,1,0.4778,0,5.82
XB-20241292,Leafy Greens,Kaduna,Port Harcourt,10.52,7.44,4.82,7.04,3916.6,1128398.0,781.2,12.78,1.85,14.63,48,0.305,0,41.3,47.5,10,37.5,77.3,fair,1.402,good,0,0.5702,1,0.3773,0,5.02
XB-20241293,Leafy Greens,Port Harcourt,Abuja,4.82,7.04,9.07,7.4,1169.9,349869.0,601.1,9.42,0.36,9.77,48,0.204,1,12.7,19.4,10,9.4,80.8,poor,1.35,fair,1,0.5184,0,0.5098,0,6.08
XB-20241294,Dairy,Zaria,Jos,11.08,7.71,9.92,8.89,2188.6,862804.0,228.6,3.97,2.5,6.47,48,0.135,1,6.0,11.8,6,5.8,84.4,fair,1.081,fair,1,0.4062,0,0.4724,0,5.78
XB-20241295,Leafy Greens,Abuja,Kano,9.07,7.4,12.0,8.52,4648.7,1424494.0,463.6,11.81,3.33,15.13,48,0.315,1,10.3,15.4,10,5.4,59.0,fair,1.319,good,0,0.3822,1,0.2777,0,4.22
XB-20241296,Tomatoes,Lagos,Ibadan,6.52,3.38,7.38,3.93,3268.7,1096238.0,162.5,3.08,2.19,5.27,72,0.073,0,26.0,30.7,25,5.7,56.0,good,0.0,fair,0,0.4399,1,0.4822,0,5.86
XB-20241297,Leafy Greens,Enugu,Onitsha,6.44,7.5,6.14,6.79,2711.1,687762.0,126.9,2.87,0.64,3.51,48,0.073,0,37.7,43.9,10,33.9,81.5,good,0.0,excellent,0,0.421,0,0.2285,0,3.83
XB-20241298,Peppers,Lagos,Onitsha,6.52,3.38,6.14,6.79,2060.5,361241.0,552.1,15.71,0.25,15.96,96,0.166,0,34.4,42.0,22,20.0,64.3,fair,0.522,fair,2,0.3806,0,0.4807,1,5.85
XB-20241299,Tomatoes,Kaduna,Enugu,10.52,7.44,6.44,7.5,2642.9,1013668.0,713.8,12.82,1.49,14.31,72,0.199,0,35.4,41.3,25,16.3,88.4,fair,0.922,fair,1,0.679,1,0.4408,0,5.53
XB-20241300,Mangoes,Enugu,Ibadan,6.44,7.5,7.38,3.93,660.8,143481.0,504.5,8.25,2.35,10.6,96,0.11,0,33.6,40.5,20,20.5,66.5,fair,1.207,good,0,0.5377,0,0.4528,1,5.62
XB-20241301,Dairy,Kano,Kaduna,12.0,8.52,10.52,7.44,244.5,98090.0,254.6,6.48,0.2,6.69,48,0.139,0,30.9,36.0,6,30.0,82.2,good,0.0,fair,1,0.5886,1,0.5216,1,6.17
XB-20241302,Peppers,Kano,Abuja,12.0,8.52,9.07,7.4,2661.2,446179.0,471.6,12.74,0.1,12.84,96,0.134,1,25.2,32.6,22,10.6,85.8,fair,0.807,poor,1,0.3384,0,0.4235,0,5.39
XB-20241303,Tomatoes,Enugu,Port Harcourt,6.44,7.5,4.82,7.04,1378.2,489700.0,230.9,4.13,0.56,4.68,72,0.065,0,35.6,39.2,25,14.2,78.5,fair,0.836,good,0,0.6086,1,0.452,0,5.62
XB-20241304,Leafy Greens,Abuja,Kano,9.07,7.4,12.0,8.52,1756.4,513817.0,421.8,7.08,1.33,8.41,48,0.175,1,8.7,16.3,10,6.3,78.6,good,0.0,good,2,0.1624,0,0.2326,0,3.86
XB-20241305,Mangoes,Onitsha,Kaduna,6.14,6.79,10.52,7.44,2651.2,578477.0,718.0,12.06,1.77,13.83,96,0.144,0,31.7,37.8,20,17.8,62.1,poor,2.178,fair,0,0.5243,0,0.5454,0,6.36
XB-20241306,Fresh Fish,Ibadan,Abuja,7.38,3.93,9.07,7.4,1803.2,1040620.0,570.9,13.14,0.39,13.53,24,0.564,0,37.7,44.3,4,40.3,71.2,good,0.0,good,1,0.6936,1,0.5112,1,6.09
XB-20241307,Fresh Fish,Abuja,Ibadan,9.07,7.4,7.38,3.93,1384.6,782508.0,668.9,19.04,2.3,21.34,24,0.889,1,4.5,7.6,4,3.6,90.8,fair,1.314,good,2,0.6671,1,0.5819,1,6.66
XB-20241308,Dairy,Kano,Enugu,12.0,8.52,6.44,7.5,974.0,435331.0,788.7,15.08,0.15,15.23,48,0.317,0,32.3,39.1,6,33.1,89.0,fair,1.232,excellent,0,0.7427,1,0.3935,0,5.15
XB-20241309,Fresh Fish,Zaria,Lagos,11.08,7.71,6.52,3.38,3143.8,1918925.0,861.6,14.62,1.31,15.93,24,0.664,0,34.6,36.8,4,32.8,69.3,fair,1.446,good,1,0.6211,1,0.4416,0,5.53
XB-20241310,Dairy,Port Harcourt,Ibadan,4.82,7.04,7.38,3.93,3133.9,1408414.0,666.1,14.83,0.27,15.1,48,0.315,1,6.7,13.9,6,7.9,58.3,poor,2.851,fair,2,0.4557,0,0.506,1,6.05
XB-20241311,Mangoes,Kaduna,Onitsha,10.52,7.44,6.14,6.79,2024.4,377151.0,725.1,15.27,0.54,15.81,96,0.165,1,19.6,25.7,20,5.7,58.4,poor,2.182,fair,2,0.327,0,0.4911,0,5.93
XB-20241312,Dairy,Zaria,Lagos,11.08,7.71,6.52,3.38,4055.9,1742475.0,890.3,18.48,0.04,18.52,48,0.386,1,6.9,14.5,6,8.5,59.0,fair,0.868,poor,3,0.2412,0,0.5309,0,6.25
XB-20241313,Peppers,Ibadan,Kaduna,7.38,3.93,10.52,7.44,4520.7,761667.0,787.7,19.27,0.79,20.06,96,0.209,1,23.9,30.8,22,8.8,66.2,fair,1.28,good,3,0.369,0,0.49,0,5.92
XB-20241314,Mangoes,Zaria,Abuja,11.08,7.71,9.07,7.4,1686.5,340828.0,271.8,4.21,2.37,6.57,96,0.068,1,21.7,28.7,20,8.7,82.2,fair,1.169,fair,0,0.3497,0,0.4253,0,5.4
XB-20241315,Strawberries,Kaduna,Jos,10.52,7.44,9.92,8.89,4665.4,3572128.0,268.2,5.46,0.31,5.77,36,0.16,0,37.9,41.8,8,33.8,85.0,poor,1.146,fair,0,0.6328,1,0.4453,0,5.56
XB-20241316,Tomatoes,Lagos,Zaria,6.52,3.38,11.08,7.71,4626.9,1640803.0,1087.0,18.03,0.2,18.22,72,0.253,1,25.9,29.9,25,4.9,81.6,poor,2.239,good,1,0.3813,0,0.3768,0,5.01
XB-20241317,Mangoes,Kano,Lagos,12.0,8.52,6.52,3.38,3341.2,728705.0,1190.5,23.41,2.32,25.73,96,0.268,0,38.9,46.3,20,26.3,69.5,fair,1.452,fair,0,0.5297,0,0.4106,0,5.28
XB-20241318,Peppers,Abuja,Kano,9.07,7.4,12.0,8.52,1278.5,234358.0,532.6,9.53,2.95,12.47,96,0.13,0,34.3,41.8,22,19.8,77.1,poor,1.464,fair,0,0.5834,1,0.521,1,6.17
XB-20241319,Dairy,Port Harcourt,Kano,4.82,7.04,12.0,8.52,4586.2,1880355.0,1109.3,26.72,2.04,28.76,48,0.599,1,6.5,12.1,6,6.1,61.9,good,0.0,good,1,0.4376,1,0.3471,0,4.78
XB-20241320,Mangoes,Kaduna,Lagos,10.52,7.44,6.52,3.38,4508.1,979405.0,797.0,13.89,0.46,14.35,96,0.149,0,33.5,40.7,20,20.7,87.7,good,0.0,good,1,0.4784,0,0.4348,0,5.48
XB-20241321,Leafy Greens,Zaria,Lagos,11.08,7.71,6.52,3.38,2985.1,872707.0,856.5,19.06,1.39,20.45,48,0.426,0,28.1,34.4,10,24.4,67.0,good,0.0,good,1,0.5548,1,0.3881,0,5.1
XB-20241322,Fresh Fish,Ibadan,Onitsha,7.38,3.93,6.14,6.79,2595.4,1638375.0,483.9,9.54,0.11,9.64,24,0.402,1,7.9,11.3,4,7.3,78.5,fair,1.153,good,1,0.3347,0,0.3458,0,4.77
XB-20241323,Leafy Greens,Ibadan,Kano,7.38,3.93,12.0,8.52,1516.1,400899.0,907.6,17.36,0.7,18.06,48,0.376,1,10.3,16.7,10,6.7,58.8,fair,0.936,good,0,0.4387,0,0.2504,0,4.0
XB-20241324,Leafy Greens,Onitsha,Port Harcourt,6.14,6.79,4.82,7.04,3474.0,1004865.0,212.6,4.45,2.8,7.25,48,0.151,0,26.7,28.8,10,18.8,84.9,good,0.0,good,0,0.6971,1,0.4739,1,5.79
XB-20241325,Peppers,Abuja,Enugu,9.07,7.4,6.44,7.5,2269.6,402539.0,395.5,9.75,2.3,12.05,96,0.126,1,23.5,25.7,22,3.7,90.6,fair,0.95,good,1,0.2019,0,0.2858,0,4.29
XB-20241326,Peppers,Zaria,Kano,11.08,7.71,12.0,8.52,249.9,47286.0,189.1,3.1,0.29,3.38,96,0.035,1,25.4,29.1,22,7.1,63.6,good,0.0,fair,1,0.1515,0,0.312,0,4.5
XB-20241327,Dairy,Ibadan,Lagos,7.38,3.93,6.52,3.38,1180.9,486853.0,177.9,3.05,1.42,4.46,48,0.093,0,33.3,35.9,6,29.9,72.7,poor,1.177,good,0,0.7396,1,0.546,0,6.37
XB-20241328,Fresh Fish,Jos,Kano,9.92,8.89,12.0,8.52,3989.8,2278753.0,334.0,5.61,0.46,6.08,24,0.253,1,7.9,11.8,4,7.8,59.0,good,0.0,excellent,0,0.1602,0,0.0837,0,2.67
XB-20241329,Leafy Greens,Abuja,Enugu,9.07,7.4,6.44,7.5,2114.0,568541.0,382.5,9.06,1.39,10.45,48,0.218,0,32.8,36.1,10,26.1,75.0,fair,0.83,fair,0,0.4755,0,0.4549,0,5.64
XB-20241330,Mangoes,Ibadan,Port Harcourt,7.38,3.93,4.82,7.04,2956.6,637801.0,548.9,13.22,3.92,17.14,96,0.179,1,23.0,26.6,20,6.6,90.4,fair,0.641,good,2,0.3788,0,0.4167,0,5.33
XB-20241331,Strawberries,Abuja,Kaduna,9.07,7.4,10.52,7.44,4188.8,3228618.0,242.4,3.78,0.15,3.93,36,0.109,0,32.9,39.8,8,31.8,62.3,fair,1.124,good,0,0.3638,0,0.2079,0,3.66
XB-20241332,Tomatoes,Lagos,Ibadan,6.52,3.38,7.38,3.93,4796.5,1734373.0,161.4,4.24,2.6,6.84,72,0.095,1,24.7,31.1,25,6.1,81.8,fair,0.741,good,0,0.274,0,0.1827,0,3.46
XB-20241333,Strawberries,Enugu,Abuja,6.44,7.5,9.07,7.4,329.1,273579.0,453.7,7.75,0.03,7.78,36,0.216,0,38.0,42.6,8,34.6,80.0,fair,0.748,fair,2,0.4869,1,0.5244,0,6.19
XB-20241334,Fresh Fish,Port Harcourt,Lagos,4.82,7.04,6.52,3.38,3023.2,1816226.0,637.3,11.41,0.55,11.96,24,0.498,1,5.7,10.2,4,6.2,89.0,fair,0.899,good,1,0.4036,0,0.3783,0,5.03
XB-20241335,Leafy Greens,Onitsha,Abuja,6.14,6.79,9.07,7.4,1356.5,415421.0,510.1,10.14,0.5,10.64,48,0.222,1,12.2,18.8,10,8.8,56.2,fair,1.282,good,0,0.3829,0,0.2857,0,4.29
XB-20241336,Tomatoes,Lagos,Enugu,6.52,3.38,6.44,7.5,1682.1,645116.0,717.9,11.4,1.28,12.68,72,0.176,0,31.9,36.1,25,11.1,71.5,poor,2.217,good,1,0.4809,1,0.3659,0,4.93
XB-20241337,Strawberries,Enugu,Kaduna,6.44,7.5,10.52,7.44,617.5,499567.0,687.0,10.6,0.24,10.84,36,0.301,1,9.4,13.1,8,5.1,66.2,fair,0.814,poor,0,0.3279,0,0.4285,0,5.43
XB-20241338,Fresh Fish,Zaria,Lagos,11.08,7.71,6.52,3.38,667.4,393968.0,1015.4,20.01,0.52,20.53,24,0.855,0,30.0,36.8,4,32.8,62.3,good,0.0,excellent,0,0.6585,1,0.3802,0,5.04
XB-20241339,Mangoes,Onitsha,Ibadan,6.14,6.79,7.38,3.93,695.7,138038.0,492.5,10.35,1.38,11.73,96,0.122,0,33.1,39.2,20,19.2,78.7,poor,1.767,fair,2,0.4929,0,0.5567,1,6.45
XB-20241340,Mangoes,Jos,Ibadan,9.92,8.89,7.38,3.93,3838.1,703781.0,744.3,15.17,0.86,16.02,96,0.167,1,20.6,22.7,20,2.7,63.8,good,0.0,excellent,0,0.16,0,0.1058,0,2.85
XB-20241341,Fresh Fish,Kaduna,Port Harcourt,10.52,7.44,4.82,7.04,538.5,294990.0,910.9,14.24,0.25,14.49,24,0.604,1,4.5,7.5,4,3.5,72.3,fair,0.953,poor,0,0.2622,0,0.4504,0,5.6
XB-20241342,Dairy,Kaduna,Abuja,10.52,7.44,9.07,7.4,693.0,292399.0,244.4,4.42,0.18,4.6,48,0.096,0,29.6,32.6,6,26.6,58.4,poor,1.991,good,1,0.508,1,0.3654,0,4.92
XB-20241343,Leafy Greens,Jos,Ibadan,9.92,8.89,7.38,3.93,3608.8,950955.0,948.5,24.65,1.17,25.82,48,0.538,1,11.2,15.1,10,5.1,83.0,fair,1.479,fair,0,0.3352,0,0.4755,0,5.8
XB-20241344,Peppers,Enugu,Abuja,6.44,7.5,9.07,7.4,3486.3,617321.0,410.0,10.86,1.52,12.38,96,0.129,1,25.7,31.1,22,9.1,72.7,poor,2.873,good,2,0.438,0,0.4608,0,5.69
XB-20241345,Tomatoes,Enugu,Abuja,6.44,7.5,9.07,7.4,1711.5,541692.0,415.2,7.0,0.38,7.37,72,0.102,0,34.2,37.5,25,12.5,66.5,fair,0.772,good,0,0.5304,1,0.3371,0,4.7
XB-20241346,Strawberries,Onitsha,Enugu,6.14,6.79,6.44,7.5,2438.3,2008084.0,136.4,2.78,1.55,4.34,36,0.12,1,10.2,14.2,8,6.2,85.7,fair,0.675,excellent,0,0.3806,0,0.215,0,3.72
XB-20241347,Leafy Greens,Ibadan,Port Harcourt,7.38,3.93,4.82,7.04,4303.6,1316279.0,573.0,13.57,2.15,15.72,48,0.327,0,32.4,36.1,10,26.1,88.2,good,0.0,excellent,0,0.6156,1,0.3882,0,5.11
XB-20241348,Fresh Fish,Lagos,Onitsha,6.52,3.38,6.14,6.79,683.2,421082.0,519.3,9.26,3.44,12.7,24,0.529,1,4.6,8.9,4,4.9,58.9,good,0.0,fair,0,0.3087,0,0.3668,0,4.93
XB-20241349,Mangoes,Onitsha,Kano,6.14,6.79,12.0,8.52,2251.8,481007.0,915.6,17.98,2.17,20.15,96,0.21,1,21.3,27.0,20,7.0,80.7,poor,2.571,good,1,0.3458,0,0.3621,0,4.9
XB-20241350,Tomatoes,Lagos,Kano,6.52,3.38,12.0,8.52,1168.1,415361.0,1267.3,33.8,0.37,34.16,72,0.475,0,32.3,40.3,25,15.3,73.5,fair,0.536,poor,0,0.4143,0,0.5579,0,6.46
XB-20241351,Fresh Fish,Zaria,Enugu,11.08,7.71,6.44,7.5,3994.3,2369391.0,690.5,17.27,0.56,17.84,24,0.743,1,4.3,9.5,4,5.5,57.7,fair,1.493,poor,1,0.316,0,0.5355,0,6.28
XB-20241352,Dairy,Abuja,Port Harcourt,9.07,7.4,4.82,7.04,3698.7,1508485.0,638.1,11.6,0.2,11.8,48,0.246,0,37.2,40.9,6,34.9,84.9,fair,0.985,fair,0,0.4949,1,0.4938,1,5.95
XB-20241353,Leafy Greens,Abuja,Zaria,9.07,7.4,11.08,7.71,4175.0,1097023.0,324.5,6.25,0.69,6.94,48,0.145,0,36.3,43.7,10,33.7,62.1,good,0.0,good,0,0.4671,1,0.2737,0,4.19
XB-20241354,Tomatoes,Kano,Abuja,12.0,8.52,9.07,7.4,2571.6,896928.0,430.3,8.85,2.39,11.24,72,0.156,1,27.7,31.7,25,6.7,61.7,fair,0.833,good,0,0.2594,0,0.2103,0,3.68
XB-20241355,Dairy,Ibadan,Port Harcourt,7.38,3.93,4.82,7.04,1324.6,541915.0,576.2,12.4,4.68,17.08,48,0.356,1,7.8,12.4,6,6.4,64.3,poor,1.384,fair,0,0.4727,1,0.4275,0,5.42
XB-20241356,Fresh Fish,Jos,Enugu,9.92,8.89,6.44,7.5,3039.9,1781706.0,506.9,9.52,0.26,9.78,24,0.407,1,3.3,7.8,4,3.8,76.2,poor,1.16,good,0,0.3097,0,0.3009,0,4.41
XB-20241357,Fresh Fish,Enugu,Lagos,6.44,7.5,6.52,3.38,2972.5,1733931.0,666.3,12.14,1.25,13.39,24,0.558,0,31.1,35.3,4,31.3,61.1,fair,1.152,excellent,0,0.5792,1,0.295,0,4.36
XB-20241358,Peppers,Jos,Port Harcourt,9.92,8.89,4.82,7.04,497.8,93364.0,877.3,23.68,1.33,25.01,96,0.26,0,35.2,37.6,22,15.6,90.1,fair,1.08,fair,1,0.6045,1,0.5931,0,6.74
XB-20241359,Fresh Fish,Jos,Port Harcourt,9.92,8.89,4.82,7.04,2743.0,1564188.0,743.8,11.53,1.54,13.07,24,0.545,0,34.4,39.0,4,35.0,81.5,fair,0.95,poor,1,0.5087,0,0.7239,1,7.79
XB-20241360,Peppers,Enugu,Jos,6.44,7.5,9.92,8.89,992.3,174266.0,639.3,17.24,1.9,19.14,96,0.199,1,25.3,30.5,22,8.5,66.9,fair,0.718,excellent,0,0.4228,0,0.2501,0,4.0
XB-20241361,Tomatoes,Lagos,Zaria,6.52,3.38,11.08,7.71,4366.0,1581207.0,945.8,23.57,0.3,23.87,72,0.332,1,27.0,33.8,25,8.8,67.3,fair,0.54,poor,2,0.403,1,0.5621,0,6.5
XB-20241362,Tomatoes,Kaduna,Enugu,10.52,7.44,6.44,7.5,2596.3,882165.0,648.2,10.29,0.08,10.37,72,0.144,1,26.7,28.7,25,3.7,81.6,fair,0.985,good,0,0.1531,0,0.157,0,3.26
XB-20241363,Tomatoes,Kano,Zaria,12.0,8.52,11.08,7.71,2825.2,1063175.0,188.1,3.47,2.57,6.04,72,0.084,1,24.4,27.9,25,2.9,81.7,poor,1.743,fair,0,0.2258,0,0.3477,0,4.78
XB-20241364,Fresh Fish,Abuja,Onitsha,9.07,7.4,6.14,6.79,3845.5,2476455.0,529.5,12.36,1.44,13.79,24,0.575,0,33.2,38.3,4,34.3,57.6,good,0.0,excellent,0,0.454,0,0.2748,0,4.2
XB-20241365,Strawberries,Kaduna,Enugu,10.52,7.44,6.44,7.5,2059.3,1484945.0,625.4,12.48,2.83,15.31,36,0.425,0,35.0,37.7,8,29.7,90.0,fair,0.552,poor,0,0.6937,1,0.6925,1,7.54
XB-20241366,Peppers,Enugu,Zaria,6.44,7.5,11.08,7.71,3248.1,548477.0,777.0,14.84,1.14,15.99,96,0.167,1,24.6,28.5,22,6.5,64.0,poor,2.472,good,1,0.1757,0,0.353,0,4.82
XB-20241367,Leafy Greens,Zaria,Abuja,11.08,7.71,9.07,7.4,1990.5,553482.0,330.4,5.95,2.96,8.9,48,0.186,1,13.9,16.1,10,6.1,71.6,fair,0.508,good,0,0.2656,0,0.2983,0,4.39
XB-20241368,Tomatoes,Kaduna,Ibadan,10.52,7.44,7.38,3.93,2351.9,863767.0,630.4,12.21,1.41,13.62,72,0.189,0,25.5,28.4,25,3.4,68.1,fair,1.234,good,0,0.4005,0,0.2791,0,4.23
XB-20241369,Fresh Fish,Kaduna,Lagos,10.52,7.44,6.52,3.38,3750.6,2328028.0,868.2,17.16,0.13,17.29,24,0.72,1,3.3,11.0,4,7.0,70.2,poor,2.636,fair,0,0.3416,0,0.3379,0,4.7
XB-20241370,Fresh Fish,Onitsha,Kaduna,6.14,6.79,10.52,7.44,1092.4,653840.0,652.4,11.15,2.63,13.78,24,0.574,0,33.8,39.4,4,35.4,83.1,fair,0.574,good,0,0.7954,1,0.4703,1,5.76
XB-20241371,Peppers,Enugu,Lagos,6.44,7.5,6.52,3.38,3555.8,683946.0,605.3,17.01,0.4,17.4,96,0.181,0,29.5,37.2,22,15.2,65.1,good,0.0,excellent,0,0.4959,0,0.3043,0,4.43
XB-20241372,Strawberries,Port Harcourt,Jos,4.82,7.04,9.92,8.89,3370.3,2879017.0,796.9,16.19,1.9,18.09,36,0.502,0,29.7,35.5,8,27.5,87.5,fair,0.919,good,0,0.758,1,0.5028,1,6.02
XB-20241373,Strawberries,Jos,Enugu,9.92,8.89,6.44,7.5,899.2,715275.0,657.0,14.25,1.24,15.48,36,0.43,0,35.0,41.2,8,33.2,70.4,fair,1.04,poor,2,0.5607,1,0.7562,1,8.05
XB-20241374,Fresh Fish,Ibadan,Port Harcourt,7.38,3.93,4.82,7.04,775.3,462530.0,557.5,10.13,1.54,11.66,24,0.486,1,4.4,9.2,4,5.2,84.7,fair,0.647,poor,0,0.4833,0,0.4795,0,5.84
XB-20241375,Mangoes,Jos,Enugu,9.92,8.89,6.44,7.5,1764.8,324152.0,557.9,13.51,0.96,14.47,96,0.151,1,22.6,27.1,20,7.1,62.3,fair,1.243,good,0,0.1758,0,0.0525,0,2.42
XB-20241376,Strawberries,Enugu,Lagos,6.44,7.5,6.52,3.38,2173.8,1687323.0,672.4,13.15,2.07,15.23,36,0.423,1,6.2,10.8,8,2.8,76.7,poor,2.148,excellent,0,0.1438,0,0.0967,0,2.77
XB-20241377,Mangoes,Jos,Ibadan,9.92,8.89,7.38,3.93,4157.4,896735.0,773.7,17.0,1.72,18.71,96,0.195,1,19.0,25.1,20,5.1,70.6,poor,1.929,excellent,0,0.4305,0,0.2096,0,3.68
XB-20241378,Leafy Greens,Onitsha,Enugu,6.14,6.79,6.44,7.5,4906.4,1494228.0,105.8,2.45,1.53,3.97,48,0.083,0,33.1,38.0,10,28.0,71.5,fair,1.098,fair,1,0.5686,1,0.4995,0,6.0
XB-20241379,Fresh Fish,Kaduna,Kano,10.52,7.44,12.0,8.52,2077.8,1316989.0,271.9,6.69,2.54,9.22,24,0.384,0,35.4,38.6,4,34.6,65.1,good,0.0,excellent,0,0.5649,1,0.3515,0,4.81
XB-20241380,Strawberries,Zaria,Kano,11.08,7.71,12.0,8.52,4435.0,3664480.0,175.0,2.75,0.02,2.77,36,0.077,1,11.5,17.9,8,9.9,78.0,good,0.0,good,0,0.2151,0,0.153,0,3.22
XB-20241381,Leafy Greens,Abuja,Ibadan,9.07,7.4,7.38,3.93,936.7,237822.0,553.1,9.64,0.87,10.51,48,0.219,1,11.0,15.7,10,5.7,67.8,fair,0.884,poor,3,0.2479,0,0.6916,1,7.53
XB-20241382,Fresh Fish,Enugu,Zaria,6.44,7.5,11.08,7.71,1194.4,734200.0,789.6,15.07,4.31,19.38,24,0.808,1,5.9,12.4,4,8.4,65.5,fair,0.56,poor,0,0.5028,0,0.5419,0,6.33
XB-20241383,Dairy,Port Harcourt,Enugu,4.82,7.04,6.44,7.5,2055.5,827563.0,261.6,6.25,1.55,7.8,48,0.163,1,8.0,14.3,6,8.3,89.6,poor,2.103,good,0,0.4794,0,0.4471,0,5.58
XB-20241384,Mangoes,Enugu,Onitsha,6.44,7.5,6.14,6.79,1842.1,355181.0,113.1,1.93,0.08,2.01,96,0.021,0,38.8,43.6,20,23.6,61.6,fair,1.406,poor,1,0.4614,1,0.7239,1,7.79
XB-20241385,Dairy,Kaduna,Enugu,10.52,7.44,6.44,7.5,2096.2,940244.0,646.3,11.97,0.27,12.24,48,0.255,1,5.0,11.2,6,5.2,75.9,good,0.0,excellent,0,0.3395,0,0.2361,0,3.89
XB-20241386,Leafy Greens,Onitsha,Ibadan,6.14,6.79,7.38,3.93,2680.6,769151.0,441.8,10.47,0.01,10.49,48,0.218,0,25.4,32.7,10,22.7,61.4,fair,0.934,good,1,0.534,0,0.3934,0,5.15
XB-20241387,Peppers,Port Harcourt,Ibadan,4.82,7.04,7.38,3.93,2073.1,387732.0,657.1,14.36,0.27,14.63,96,0.152,0,32.9,39.9,22,17.9,64.4,fair,1.191,good,0,0.4713,0,0.4506,0,5.6
XB-20241388,Peppers,Kaduna,Onitsha,10.52,7.44,6.14,6.79,1230.1,223509.0,732.5,13.23,0.08,13.31,96,0.139,1,25.2,30.8,22,8.8,70.9,poor,2.458,good,0,0.4817,1,0.2416,0,3.93
XB-20241389,Leafy Greens,Enugu,Onitsha,6.44,7.5,6.14,6.79,1957.2,570871.0,108.1,2.21,0.24,2.45,48,0.051,1,8.7,10.8,10,0.8,65.5,fair,1.199,good,1,0.0395,0,0.1812,0,3.45
XB-20241390,Dairy,Ibadan,Kaduna,7.38,3.93,10.52,7.44,4285.8,1648225.0,744.7,16.81,1.68,18.49,48,0.385,0,38.9,41.1,6,35.1,79.0,fair,0.654,fair,0,0.6545,1,0.5293,0,6.23
XB-20241391,Strawberries,Onitsha,Lagos,6.14,6.79,6.52,3.38,1751.8,1377047.0,555.6,8.98,0.67,9.65,36,0.268,1,7.3,12.6,8,4.6,60.5,poor,1.451,good,0,0.3024,0,0.275,0,4.2
XB-20241392,Dairy,Kano,Enugu,12.0,8.52,6.44,7.5,3456.8,1383854.0,961.9,16.42,4.72,21.14,48,0.44,0,24.9,27.6,6,21.6,58.6,fair,1.492,good,0,0.5511,1,0.3955,0,5.16
XB-20241393,Strawberries,Onitsha,Port Harcourt,6.14,6.79,4.82,7.04,2059.5,1678563.0,199.9,5.23,0.23,5.46,36,0.152,0,31.4,35.2,8,27.2,69.3,poor,1.169,fair,0,0.4795,1,0.4184,0,5.35
XB-20241394,Leafy Greens,Jos,Ibadan,9.92,8.89,7.38,3.93,3827.5,1065227.0,824.2,14.58,0.9,15.48,48,0.322,0,31.6,36.8,10,26.8,79.8,fair,1.224,good,0,0.648,1,0.3506,0,4.81
XB-20241395,Dairy,Port Harcourt,Kaduna,4.82,7.04,10.52,7.44,4935.9,2120679.0,907.8,14.58,0.67,15.25,48,0.318,0,27.1,33.8,6,27.8,85.7,fair,1.139,poor,1,0.5665,0,0.6972,1,7.58
XB-20241396,Dairy,Enugu,Port Harcourt,6.44,7.5,4.82,7.04,1437.3,602490.0,243.3,3.84,0.74,4.58,48,0.095,0,32.3,34.7,6,28.7,87.7,poor,1.757,fair,0,0.5543,0,0.5029,1,6.02
XB-20241397,Mangoes,Kano,Onitsha,12.0,8.52,6.14,6.79,4618.5,897772.0,829.3,14.2,3.81,18.02,96,0.188,1,19.6,23.7,20,3.7,62.4,fair,1.343,good,0,0.296,0,0.3679,0,4.94
XB-20241398,Peppers,Kaduna,Enugu,10.52,7.44,6.44,7.5,3550.2,591768.0,674.9,12.28,0.61,12.89,96,0.134,1,22.7,29.4,22,7.4,58.1,poor,1.212,good,0,0.4551,0,0.3292,0,4.63
XB-20241399,Peppers,Jos,Port Harcourt,9.92,8.89,4.82,7.04,4583.2,859387.0,900.8,16.28,1.94,18.22,96,0.19,0,36.1,39.2,22,17.2,61.6,fair,1.351,fair,1,0.5956,1,0.5277,0,6.22
XB-20241400,Strawberries,Lagos,Zaria,6.52,3.38,11.08,7.71,3809.4,3009969.0,1110.8,20.58,1.0,21.58,36,0.599,0,35.1,40.4,8,32.4,84.7,good,0.0,poor,2,0.5577,1,0.6818,1,7.45
XB-20241401,Tomatoes,Zaria,Port Harcourt,11.08,7.71,4.82,7.04,2112.8,812189.0,1020.5,24.4,0.46,24.86,72,0.345,1,25.7,31.8,25,6.8,80.4,poor,2.33,good,1,0.2879,0,0.3084,0,4.47
XB-20241402,Fresh Fish,Port Harcourt,Kano,4.82,7.04,12.0,8.52,2907.0,1729399.0,1085.6,20.02,1.93,21.95,24,0.915,1,4.7,7.0,4,3.0,85.9,fair,0.573,good,0,0.2978,0,0.151,0,3.21
XB-20241403,Strawberries,Ibadan,Onitsha,7.38,3.93,6.14,6.79,3407.1,2855693.0,537.8,9.39,1.05,10.44,36,0.29,1,7.9,15.1,8,7.1,86.1,good,0.0,excellent,0,0.3772,0,0.216,0,3.73
XB-20241404,Leafy Greens,Onitsha,Jos,6.14,6.79,9.92,8.89,966.6,282471.0,611.0,10.21,0.57,10.77,48,0.224,1,10.4,12.9,10,2.9,79.8,poor,2.327,good,0,0.2437,0,0.3313,0,4.65
XB-20241405,Dairy,Abuja,Ibadan,9.07,7.4,7.38,3.93,1651.4,744125.0,673.0,11.6,1.71,13.32,48,0.277,0,30.6,34.2,6,28.2,57.7,fair,0.996,excellent,0,0.5437,1,0.2484,0,3.99
XB-20241406,Strawberries,Kano,Abuja,12.0,8.52,9.07,7.4,524.6,405120.0,437.1,11.76,1.82,13.58,36,0.377,1,6.8,10.1,8,2.1,63.6,poor,2.671,excellent,0,0.1835,0,0.1323,0,3.06
XB-20241407,Dairy,Abuja,Onitsha,9.07,7.4,6.14,6.79,898.7,366808.0,458.2,9.74,0.59,10.34,48,0.215,0,36.0,43.8,6,37.8,80.3,poor,2.002,excellent,0,0.6794,1,0.3702,0,4.96
XB-20241408,Dairy,Kaduna,Enugu,10.52,7.44,6.44,7.5,686.9,304306.0,611.3,14.46,0.49,14.95,48,0.311,0,37.0,42.4,6,36.4,79.0,poor,1.519,fair,0,0.5828,1,0.4283,0,5.43
XB-20241409,Fresh Fish,Onitsha,Jos,6.14,6.79,9.92,8.89,4122.8,2665598.0,610.4,11.41,1.01,12.42,24,0.518,0,32.5,35.3,4,31.3,68.2,good,0.0,fair,0,0.5763,1,0.4516,0,5.61
XB-20241410,Mangoes,Zaria,Port Harcourt,11.08,7.71,4.82,7.04,242.4,47508.0,1099.2,17.63,3.25,20.88,96,0.217,1,23.0,28.5,20,8.5,86.4,poor,2.815,excellent,0,0.5283,1,0.22,0,3.76
XB-20241411,Strawberries,Ibadan,Onitsha,7.38,3.93,6.14,6.79,304.9,263994.0,477.4,11.51,1.49,13.0,36,0.361,1,6.1,11.5,8,3.5,78.3,good,0.0,poor,0,0.2325,0,0.4861,1,5.89
XB-20241412,Peppers,Port Harcourt,Lagos,4.82,7.04,6.52,3.38,4665.5,807306.0,599.8,9.95,1.71,11.66,96,0.121,0,30.1,34.9,22,12.9,85.5,fair,0.86,good,2,0.5495,0,0.5834,1,6.67
XB-20241413,Peppers,Kano,Zaria,12.0,8.52,11.08,7.71,3575.6,691892.0,202.5,3.2,0.16,3.36,96,0.035,0,35.2,39.2,22,17.2,57.9,good,0.0,fair,2,0.3115,0,0.4532,0,5.63
XB-20241414,Tomatoes,Kaduna,Jos,10.52,7.44,9.92,8.89,4766.7,1646994.0,224.1,4.68,1.7,6.38,72,0.089,0,28.4,31.6,25,6.6,83.6,fair,0.675,fair,0,0.4703,0,0.4519,0,5.62
XB-20241415,Strawberries,Kaduna,Lagos,10.52,7.44,6.52,3.38,358.3,284645.0,799.7,21.33,1.08,22.41,36,0.622,1,9.8,12.8,8,4.8,83.4,fair,1.415,good,1,0.481,1,0.4421,0,5.54
XB-20241416,Mangoes,Kaduna,Zaria,10.52,7.44,11.08,7.71,3528.5,643691.0,83.2,1.4,0.07,1.46,96,0.015,1,21.8,29.7,20,9.7,59.4,good,0.0,fair,1,0.117,0,0.3501,0,4.8
XB-20241417,Mangoes,Abuja,Lagos,9.07,7.4,6.52,3.38,2620.8,484857.0,816.8,14.23,1.36,15.59,96,0.162,0,32.3,35.9,20,15.9,79.7,poor,2.837,fair,0,0.6824,1,0.4637,1,5.71
XB-20241418,Leafy Greens,Port Harcourt,Ibadan,4.82,7.04,7.38,3.93,1332.0,337485.0,544.6,11.61,0.99,12.6,48,0.262,1,9.1,15.2,10,5.2,58.0,fair,0.646,excellent,0,0.3615,0,0.1011,0,2.81
XB-20241419,Strawberries,Zaria,Jos,11.08,7.71,9.92,8.89,1685.0,1435038.0,253.7,6.27,0.2,6.47,36,0.18,1,7.8,15.4,8,7.4,65.1,poor,2.808,poor,3,0.2469,0,0.565,0,6.52
XB-20241420,Fresh Fish,Lagos,Enugu,6.52,3.38,6.44,7.5,1608.0,918197.0,683.1,11.35,0.32,11.68,24,0.486,0,39.1,44.1,4,40.1,63.7,good,0.0,excellent,0,0.601,1,0.3031,0,4.42
XB-20241421,Strawberries,Kaduna,Onitsha,10.52,7.44,6.14,6.79,4144.9,3189252.0,680.5,11.03,4.25,15.28,36,0.424,0,26.3,29.5,8,21.5,77.9,fair,0.963,excellent,0,0.5897,1,0.2133,0,3.71
XB-20241422,Mangoes,Onitsha,Abuja,6.14,6.79,9.07,7.4,3826.3,742709.0,481.1,8.22,5.13,13.35,96,0.139,0,37.5,43.0,20,23.0,81.5,fair,1.299,good,1,0.5544,1,0.4393,0,5.51
XB-20241423,Leafy Greens,Ibadan,Jos,7.38,3.93,9.92,8.89,2145.2,609002.0,846.1,16.73,0.06,16.79,48,0.35,1,9.6,13.0,10,3.0,82.5,fair,1.264,excellent,0,0.1069,0,0.0432,0,2.35
XB-20241424,Leafy Greens,Kano,Abuja,12.0,8.52,9.07,7.4,2792.0,832586.0,541.1,10.78,1.17,11.94,48,0.249,1,9.6,11.8,10,1.8,57.5,poor,1.692,poor,4,0.2698,0,0.5752,1,6.6
XB-20241425,Strawberries,Kaduna,Onitsha,10.52,7.44,6.14,6.79,3308.7,2907255.0,701.5,16.67,3.75,20.41,36,0.567,1,11.0,13.1,8,5.1,66.0,good,0.0,good,0,0.2853,0,0.1895,0,3.52
XB-20241426,Fresh Fish,Jos,Kaduna,9.92,8.89,10.52,7.44,1364.2,790667.0,243.7,4.34,0.01,4.35,24,0.181,1,2.9,8.3,4,4.3,61.3,good,0.0,good,0,0.0983,0,0.1832,0,3.47
XB-20241427,Strawberries,Kaduna,Ibadan,10.52,7.44,7.38,3.93,4184.0,3131214.0,642.9,15.45,0.57,16.02,36,0.445,0,27.5,33.3,8,25.3,84.7,good,0.0,excellent,0,0.5399,1,0.2184,0,3.75
XB-20241428,Dairy,Abuja,Kano,9.07,7.4,12.0,8.52,3367.9,1275062.0,453.0,10.54,3.54,14.09,48,0.293,0,34.6,37.5,6,31.5,66.0,fair,0.827,good,0,0.4865,1,0.4058,0,5.25
XB-20241429,Tomatoes,Kaduna,Ibadan,10.52,7.44,7.38,3.93,4473.7,1584197.0,789.6,12.59,1.07,13.67,72,0.19,1,26.1,31.3,25,6.3,80.4,good,0.0,fair,1,0.3148,0,0.3684,0,4.95
XB-20241430,Fresh Fish,Enugu,Zaria,6.44,7.5,11.08,7.71,4486.9,2724033.0,697.6,12.07,1.74,13.81,24,0.576,0,28.8,33.4,4,29.4,86.0,fair,0.877,excellent,0,0.7757,1,0.3718,0,4.97
XB-20241431,Dairy,Abuja,Lagos,9.07,7.4,6.52,3.38,4300.9,1976483.0,677.0,12.05,1.56,13.6,48,0.283,0,37.4,44.7,6,38.7,86.9,fair,0.502,good,0,0.7244,1,0.4736,0,5.79
XB-20241432,Dairy,Port Harcourt,Ibadan,4.82,7.04,7.38,3.93,1224.9,486730.0,601.6,11.35,1.29,12.64,48,0.263,1,8.6,16.2,6,10.2,57.0,good,0.0,fair,3,0.3707,0,0.5338,0,6.27
XB-20241433,Strawberries,Enugu,Port Harcourt,6.44,7.5,4.82,7.04,489.2,360683.0,284.2,4.85,0.33,5.19,36,0.144,1,11.3,14.7,8,6.7,83.9,good,0.0,fair,1,0.1728,0,0.3135,0,4.51
XB-20241434,Tomatoes,Zaria,Port Harcourt,11.08,7.71,4.82,7.04,2519.8,919897.0,1007.6,19.54,0.26,19.8,72,0.275,1,28.6,33.8,25,8.8,84.7,fair,1.458,good,0,0.4615,0,0.3891,0,5.11
XB-20241435,Strawberries,Abuja,Kano,9.07,7.4,12.0,8.52,2817.8,2173104.0,484.8,10.84,0.21,11.06,36,0.307,0,35.9,38.9,8,30.9,80.3,poor,1.143,poor,2,0.6628,1,0.7428,1,7.94
XB-20241436,Tomatoes,Kaduna,Zaria,10.52,7.44,11.08,7.71,4194.2,1537509.0,92.1,1.52,3.8,5.33,72,0.074,0,35.3,39.0,25,14.0,68.0,fair,0.749,fair,0,0.5987,1,0.5327,1,6.26
XB-20241437,Tomatoes,Enugu,Kano,6.44,7.5,12.0,8.52,1865.6,658545.0,806.3,12.72,0.23,12.95,72,0.18,1,25.8,32.0,25,7.0,76.5,fair,0.854,good,0,0.2003,0,0.2229,0,3.78
XB-20241438,Leafy Greens,Port Harcourt,Onitsha,4.82,7.04,6.14,6.79,2528.5,714552.0,182.2,4.87,3.83,8.7,48,0.181,0,41.4,45.7,10,35.7,80.1,poor,2.295,good,0,0.717,1,0.4886,0,5.91
XB-20241439,Strawberries,Kaduna,Lagos,10.52,7.44,6.52,3.38,3739.8,3161055.0,944.6,23.77,0.81,24.58,36,0.683,1,8.7,15.5,8,7.5,66.1,fair,1.461,excellent,0,0.4147,0,0.2583,0,4.07
XB-20241440,Leafy Greens,Zaria,Lagos,11.08,7.71,6.52,3.38,3958.3,1018330.0,850.7,24.06,2.53,26.58,48,0.554,0,34.5,42.1,10,32.1,83.4,poor,2.859,good,1,0.7942,1,0.5996,1,6.8
XB-20241441,Fresh Fish,Jos,Zaria,9.92,8.89,11.08,7.71,2577.6,1571568.0,291.1,4.87,0.56,5.43,24,0.226,1,7.5,14.2,4,10.2,68.6,good,0.0,fair,1,0.2547,0,0.3498,0,4.8
XB-20241442,Peppers,Ibadan,Zaria,7.38,3.93,11.08,7.71,298.0,50331.0,763.6,14.54,0.25,14.78,96,0.154,0,34.8,40.5,22,18.5,67.1,poor,1.889,fair,1,0.7934,1,0.719,1,7.75
XB-20241443,Tomatoes,Enugu,Kaduna,6.44,7.5,10.52,7.44,1875.0,595847.0,559.3,13.13,1.32,14.44,72,0.201,0,36.1,39.2,25,14.2,56.9,poor,1.151,good,0,0.4236,1,0.3675,0,4.94
XB-20241444,Strawberries,Jos,Kaduna,9.92,8.89,10.52,7.44,561.2,451473.0,271.8,4.54,0.43,4.97,36,0.138,0,29.0,36.4,8,28.4,80.0,fair,1.381,excellent,0,0.5204,1,0.2511,0,4.01
XB-20241445,Peppers,Enugu,Kano,6.44,7.5,12.0,8.52,4806.9,851038.0,943.3,21.24,5.48,26.72,96,0.278,0,35.5,37.6,22,15.6,82.7,fair,0.888,excellent,0,0.7975,1,0.4084,0,5.27
XB-20241446,Peppers,Ibadan,Kano,7.38,3.93,12.0,8.52,4775.0,905434.0,887.5,21.65,5.7,27.36,96,0.285,0,35.2,39.8,22,17.8,91.4,good,0.0,good,0,0.8196,1,0.4738,0,5.79
XB-20241447,Fresh Fish,Onitsha,Ibadan,6.14,6.79,7.38,3.93,2241.5,1418596.0,495.9,8.32,0.42,8.74,24,0.364,0,24.7,26.8,4,22.8,75.3,good,0.0,fair,1,0.6162,1,0.6275,1,7.02
XB-20241448,Dairy,Onitsha,Ibadan,6.14,6.79,7.38,3.93,2710.0,1076059.0,454.5,8.46,4.35,12.81,48,0.267,1,9.1,11.7,6,5.7,56.5,fair,0.967,good,0,0.3561,0,0.2901,0,4.32
XB-20241449,Tomatoes,Enugu,Lagos,6.44,7.5,6.52,3.38,350.2,128956.0,583.4,9.24,0.74,9.98,72,0.139,1,26.0,29.0,25,4.0,79.9,fair,0.823,good,0,0.2627,0,0.1862,0,3.49
XB-20241450,Strawberries,Abuja,Enugu,9.07,7.4,6.44,7.5,953.7,822839.0,440.2,11.41,0.72,12.13,36,0.337,0,29.9,36.5,8,28.5,61.1,good,0.0,poor,1,0.5677,1,0.5539,0,6.43
XB-20241451,Mangoes,Lagos,Kaduna,6.52,3.38,10.52,7.44,3702.4,674663.0,759.2,15.06,0.14,15.2,96,0.158,0,26.4,34.0,20,14.0,85.9,fair,0.836,poor,0,0.5113,0,0.5182,1,6.15
XB-20241452,Leafy Greens,Ibadan,Kano,7.38,3.93,12.0,8.52,4748.4,1331696.0,918.8,17.73,4.47,22.2,48,0.462,0,40.7,47.9,10,37.9,65.0,fair,1.226,excellent,0,0.6188,1,0.3427,0,4.74
XB-20241453,Strawberries,Zaria,Enugu,11.08,7.71,6.44,7.5,2027.7,1589973.0,720.4,14.39,0.4,14.79,36,0.411,0,29.9,34.7,8,26.7,56.6,fair,0.851,good,0,0.7287,1,0.435,0,5.48
XB-20241454,Peppers,Kaduna,Lagos,10.52,7.44,6.52,3.38,2808.7,477064.0,789.4,13.62,0.56,14.19,96,0.148,1,21.6,24.9,22,2.9,67.7,good,0.0,good,1,0.1315,0,0.3352,0,4.68
XB-20241455,Dairy,Jos,Kaduna,9.92,8.89,10.52,7.44,2804.3,1158008.0,234.9,6.51,2.26,8.77,48,0.183,0,32.4,34.8,6,28.8,64.6,fair,0.603,good,0,0.6385,1,0.5477,0,6.38
XB-20241456,Fresh Fish,Enugu,Onitsha,6.44,7.5,6.14,6.79,2768.6,1614528.0,104.4,2.59,2.0,4.59,24,0.191,1,3.7,6.7,4,2.7,86.4,fair,1.335,good,0,0.337,0,0.2648,0,4.12
XB-20241457,Mangoes,Kano,Jos,12.0,8.52,9.92,8.89,398.2,82503.0,327.4,8.98,0.09,9.07,96,0.094,1,20.6,25.7,20,5.7,91.7,fair,0.743,good,0,0.1205,0,0.237,0,3.9
XB-20241458,Tomatoes,Kaduna,Kano,10.52,7.44,12.0,8.52,3432.5,1280478.0,293.5,4.79,1.83,6.62,72,0.092,0,27.6,30.2,25,5.2,85.1,good,0.0,excellent,0,0.4366,1,0.1788,0,3.43
XB-20241459,Peppers,Enugu,Jos,6.44,7.5,9.92,8.89,888.4,172650.0,627.3,10.89,0.68,11.57,96,0.121,0,33.0,39.6,22,17.6,87.6,fair,1.173,good,0,0.5373,1,0.405,0,5.24
XB-20241460,Mangoes,Jos,Abuja,9.92,8.89,9.07,7.4,1993.9,362982.0,230.1,3.82,1.53,5.35,96,0.056,1,20.1,24.0,20,4.0,73.4,fair,0.897,good,0,0.0788,0,0.211,0,3.69
XB-20241461,Leafy Greens,Port Harcourt,Abuja,4.82,7.04,9.07,7.4,415.8,113080.0,680.5,12.62,3.66,16.28,48,0.339,0,41.9,44.2,10,34.2,86.1,poor,2.805,good,1,0.6329,1,0.5965,1,6.77
XB-20241462,Strawberries,Jos,Onitsha,9.92,8.89,6.14,6.79,4854.0,4007567.0,611.8,14.95,2.08,17.04,36,0.473,1,9.2,14.5,8,6.5,62.0,fair,1.446,good,0,0.3011,0,0.2947,0,4.36
XB-20241463,Fresh Fish,Port Harcourt,Zaria,4.82,7.04,11.08,7.71,4734.9,3118903.0,961.2,25.26,2.7,27.96,24,1.165,1,4.3,8.7,4,4.7,60.9,fair,1.047,excellent,0,0.597,1,0.3009,0,4.41
XB-20241464,Tomatoes,Enugu,Zaria,6.44,7.5,11.08,7.71,3260.4,1195223.0,819.6,20.92,1.2,22.12,72,0.307,0,33.8,37.8,25,12.8,65.8,poor,1.134,good,0,0.3942,0,0.1923,0,3.54
XB-20241465,Leafy Greens,Kano,Ibadan,12.0,8.52,7.38,3.93,2912.8,870201.0,928.7,22.3,2.97,25.27,48,0.526,0,37.2,39.6,10,29.6,83.3,fair,1.305,good,0,0.7943,1,0.5926,1,6.74
XB-20241466,Mangoes,Ibadan,Port Harcourt,7.38,3.93,4.82,7.04,3815.4,774269.0,707.2,12.65,0.8,13.45,96,0.14,0,28.3,34.9,20,14.9,73.3,fair,1.332,fair,0,0.4195,0,0.4246,0,5.4
XB-20241467,Mangoes,Lagos,Ibadan,6.52,3.38,7.38,3.93,2361.3,512890.0,138.3,2.25,2.65,4.9,96,0.051,0,29.7,33.7,20,13.7,77.3,good,0.0,fair,2,0.4921,0,0.6124,1,6.9
XB-20241468,Strawberries,Lagos,Abuja,6.52,3.38,9.07,7.4,3885.1,3248633.0,780.3,19.01,1.36,20.37,36,0.566,1,10.6,15.0,8,7.0,85.9,poor,2.214,excellent,0,0.617,1,0.3314,0,4.65
XB-20241469,Mangoes,Onitsha,Abuja,6.14,6.79,9.07,7.4,650.3,132948.0,512.4,11.1,4.48,15.58,96,0.162,0,32.4,35.4,20,15.4,71.6,poor,1.041,excellent,0,0.6717,1,0.3799,0,5.04
XB-20241470,Fresh Fish,Enugu,Jos,6.44,7.5,9.92,8.89,1771.2,1030077.0,542.2,9.37,1.15,10.51,24,0.438,1,7.1,15.1,4,11.1,67.4,fair,0.654,good,0,0.4888,1,0.3653,0,4.92
XB-20241471,Dairy,Lagos,Jos,6.52,3.38,9.92,8.89,2446.0,951374.0,956.5,15.44,0.39,15.83,48,0.33,1,8.9,15.0,6,9.0,56.3,fair,1.154,fair,1,0.5294,1,0.5191,0,6.15
XB-20241472,Leafy Greens,Enugu,Port Harcourt,6.44,7.5,4.82,7.04,3449.4,975913.0,232.9,3.66,1.06,4.72,48,0.098,1,8.6,13.9,10,3.9,66.7,fair,0.706,fair,1,0.1521,0,0.4157,0,5.33
XB-20241473,Mangoes,Onitsha,Kaduna,6.14,6.79,10.52,7.44,3906.7,823153.0,736.6,13.49,0.12,13.61,96,0.142,1,18.2,25.6,20,5.6,55.7,good,0.0,fair,1,0.1245,0,0.2937,0,4.35
XB-20241474,Tomatoes,Jos,Ibadan,9.92,8.89,7.38,3.93,3898.9,1330803.0,814.8,16.57,2.6,19.17,72,0.266,1,24.3,26.7,25,1.7,79.5,good,0.0,good,0,0.1827,0,0.1676,0,3.34
XB-20241475,Tomatoes,Enugu,Lagos,6.44,7.5,6.52,3.38,4417.1,1524124.0,681.7,11.23,0.04,11.28,72,0.157,0,40.7,44.2,25,19.2,64.8,fair,1.426,excellent,0,0.516,0,0.2935,0,4.35
XB-20241476,Tomatoes,Onitsha,Kaduna,6.14,6.79,10.52,7.44,4740.7,1548283.0,645.9,18.06,1.8,19.85,72,0.276,1,27.8,31.2,25,6.2,58.2,fair,1.39,fair,0,0.2411,0,0.296,0,4.37
XB-20241477,Fresh Fish,Kaduna,Zaria,10.52,7.44,11.08,7.71,4286.9,2410064.0,105.5,2.77,0.12,2.88,24,0.12,0,39.6,46.4,4,42.4,84.0,good,0.0,poor,4,0.5262,1,0.779,1,8.23
XB-20241478,Leafy Greens,Zaria,Abuja,11.08,7.71,9.07,7.4,2048.2,625890.0,309.5,5.79,1.08,6.87,48,0.143,1,13.0,17.5,10,7.5,81.9,fair,1.24,poor,0,0.3401,0,0.5221,0,6.18
XB-20241479,Dairy,Ibadan,Kano,7.38,3.93,12.0,8.52,4126.5,1576777.0,883.5,23.5,0.03,23.54,48,0.49,0,26.8,34.0,6,28.0,73.4,good,0.0,good,1,0.5456,1,0.3628,0,4.9
XB-20241480,Strawberries,Jos,Port Harcourt,9.92,8.89,4.82,7.04,2491.4,1950952.0,934.4,23.92,1.3,25.22,36,0.701,0,31.7,36.7,8,28.7,87.9,fair,0.696,excellent,0,0.7227,1,0.3102,0,4.48
XB-20241481,Fresh Fish,Onitsha,Abuja,6.14,6.79,9.07,7.4,3717.7,2204720.0,470.4,8.15,1.07,9.21,24,0.384,1,4.5,6.7,4,2.7,70.6,good,0.0,good,0,0.2902,0,0.2894,0,4.32
XB-20241482,Dairy,Kano,Jos,12.0,8.52,9.92,8.89,4825.9,2077914.0,370.6,5.84,1.92,7.76,48,0.162,0,31.0,33.8,6,27.8,74.2,fair,1.499,good,0,0.5472,1,0.5146,1,6.12
XB-20241483,Fresh Fish,Kano,Port Harcourt,12.0,8.52,4.82,7.04,2433.2,1387823.0,1066.3,25.57,4.75,30.31,24,1.263,1,7.8,14.6,4,10.6,64.4,fair,1.362,good,0,0.5693,1,0.4346,0,5.48
XB-20241484,Strawberries,Kano,Kaduna,12.0,8.52,10.52,7.44,2427.6,1973140.0,277.7,4.94,0.79,5.74,36,0.159,0,32.4,39.8,8,31.8,76.4,fair,0.663,good,0,0.5572,1,0.3824,0,5.06
XB-20241485,Dairy,Kano,Abuja,12.0,8.52,9.07,7.4,1953.4,829014.0,554.2,12.36,3.14,15.5,48,0.323,0,28.3,35.7,6,29.7,60.6,good,0.0,good,0,0.5132,1,0.3658,0,4.93
XB-20241486,Peppers,Kaduna,Abuja,10.52,7.44,9.07,7.4,3703.5,649695.0,196.7,4.98,5.74,10.71,96,0.112,0,28.1,35.3,22,13.3,58.3,good,0.0,excellent,0,0.5509,1,0.3371,0,4.7
XB-20241487,Mangoes,Onitsha,Lagos,6.14,6.79,6.52,3.38,4003.7,872524.0,595.8,16.88,1.33,18.21,96,0.19,0,36.5,43.3,20,23.3,88.1,poor,2.434,poor,2,0.6716,1,0.6763,1,7.41
XB-20241488,Peppers,Kaduna,Onitsha,10.52,7.44,6.14,6.79,4411.5,859650.0,598.0,12.9,0.7,13.6,96,0.142,1,24.0,28.1,22,6.1,55.8,fair,0.724,excellent,0,0.1423,0,0.0626,0,2.5
XB-20241489,Leafy Greens,Port Harcourt,Kano,4.82,7.04,12.0,8.52,617.6,163163.0,1300.7,24.39,0.62,25.01,48,0.521,0,38.0,45.3,10,35.3,62.4,good,0.0,good,0,0.6447,1,0.3631,0,4.9
XB-20241490,Fresh Fish,Abuja,Lagos,9.07,7.4,6.52,3.38,4604.7,2493868.0,633.7,15.52,0.82,16.35,24,0.681,0,33.6,39.7,4,35.7,87.6,good,0.0,fair,1,0.6541,1,0.5449,1,6.36
XB-20241491,Strawberries,Abuja,Onitsha,9.07,7.4,6.14,6.79,1154.5,877266.0,467.2,11.2,0.08,11.28,36,0.313,1,8.4,12.3,8,4.3,74.0,fair,1.47,fair,2,0.2934,0,0.4396,0,5.52
XB-20241492,Leafy Greens,Zaria,Port Harcourt,11.08,7.71,4.82,7.04,4242.8,1132651.0,972.2,20.78,0.53,21.31,48,0.444,0,22.8,30.1,10,20.1,57.7,poor,1.335,excellent,0,0.62,1,0.313,0,4.5
XB-20241493,Mangoes,Kaduna,Abuja,10.52,7.44,9.07,7.4,2221.1,429512.0,223.3,3.79,1.94,5.73,96,0.06,0,34.2,39.7,20,19.7,77.7,poor,2.362,poor,1,0.5806,1,0.6863,1,7.49
XB-20241494,Peppers,Zaria,Kano,11.08,7.71,12.0,8.52,4932.1,830355.0,205.7,3.95,1.26,5.22,96,0.054,1,25.1,32.0,22,10.0,91.0,fair,0.597,fair,0,0.4116,0,0.323,0,4.58
XB-20241495,Mangoes,Onitsha,Kano,6.14,6.79,12.0,8.52,4272.2,934700.0,842.1,19.25,0.54,19.8,96,0.206,1,18.1,21.4,20,1.4,81.1,fair,0.83,poor,2,0.2044,0,0.5588,0,6.47
XB-20241496,Strawberries,Onitsha,Kaduna,6.14,6.79,10.52,7.44,1279.0,971351.0,730.2,12.46,1.76,14.21,36,0.395,0,37.0,44.9,8,36.9,91.6,poor,2.781,fair,0,0.7572,1,0.6414,1,7.13
XB-20241497,Peppers,Kaduna,Enugu,10.52,7.44,6.44,7.5,2622.5,480870.0,597.9,9.52,0.75,10.27,96,0.107,1,22.5,26.1,22,4.1,74.6,fair,0.603,excellent,0,0.2623,0,0.0436,0,2.35
XB-20241498,Dairy,Lagos,Enugu,6.52,3.38,6.44,7.5,690.2,271828.0,668.9,11.33,0.3,11.63,48,0.242,0,40.8,45.9,6,39.9,61.9,fair,1.323,good,1,0.6484,1,0.4912,0,5.93
XB-20241499,Tomatoes,Jos,Onitsha,9.92,8.89,6.14,6.79,2505.6,842816.0,628.1,13.17,0.03,13.19,72,0.183,0,37.1,39.1,25,14.1,91.3,fair,0.577,poor,0,0.6493,1,0.5589,0,6.47
XB-20241500,Tomatoes,Port Harcourt,Abuja,4.82,7.04,9.07,7.4,1350.8,511702.0,578.8,13.06,0.11,13.16,72,0.183,1,25.8,27.8,25,2.8,76.5,fair,0.89,good,0,0.1841,0,0.1494,0,3.2
XB-20241501,Leafy Greens,Port Harcourt,Abuja,4.82,7.04,9.07,7.4,2495.6,685867.0,569.9,8.9,0.3,9.2,48,0.192,0,29.5,34.8,10,24.8,75.5,good,0.0,good,0,0.3921,1,0.2518,0,4.01
XB-20241502,Strawberries,Ibadan,Port Harcourt,7.38,3.93,4.82,7.04,4693.7,3804160.0,587.7,10.82,0.22,11.04,36,0.307,1,10.2,13.3,8,5.3,76.1,poor,1.69,excellent,0,0.3297,0,0.2061,0,3.65
XB-20241503,Fresh Fish,Onitsha,Ibadan,6.14,6.79,7.38,3.93,4397.2,2485546.0,469.1,12.58,1.39,13.97,24,0.582,0,31.6,37.2,4,33.2,79.2,poor,1.399,good,0,0.718,1,0.5227,1,6.18
XB-20241504,Leafy Greens,Kaduna,Zaria,10.52,7.44,11.08,7.71,3173.8,932024.0,109.0,2.38,9.7,12.08,48,0.252,1,9.7,12.4,10,2.4,76.0,fair,1.083,good,0,0.2922,0,0.3254,0,4.6
XB-20241505,Dairy,Kaduna,Ibadan,10.52,7.44,7.38,3.93,3322.5,1396245.0,726.9,13.99,0.07,14.06,48,0.293,0,29.6,33.6,6,27.6,63.4,poor,1.337,fair,0,0.5991,1,0.5166,0,6.13
XB-20241506,Leafy Greens,Onitsha,Lagos,6.14,6.79,6.52,3.38,3740.7,1021892.0,603.9,9.32,1.63,10.95,48,0.228,0,27.9,34.0,10,24.0,76.8,fair,0.843,good,0,0.5813,0,0.3633,0,4.91
XB-20241507,Fresh Fish,Onitsha,Enugu,6.14,6.79,6.44,7.5,4036.7,2618108.0,114.1,2.44,1.24,3.68,24,0.153,0,38.5,45.9,4,41.9,57.1,good,0.0,fair,1,0.4545,0,0.5629,1,6.5
XB-20241508,Leafy Greens,Abuja,Jos,9.07,7.4,9.92,8.89,4251.6,1200540.0,249.3,5.08,1.8,6.88,48,0.143,1,12.9,17.9,10,7.9,88.6,good,0.0,good,0,0.5642,0,0.4695,0,5.76
XB-20241509,Leafy Greens,Abuja,Onitsha,9.07,7.4,6.14,6.79,4501.9,1238056.0,499.4,8.87,3.6,12.47,48,0.26,0,30.6,36.5,10,26.5,64.5,fair,0.71,excellent,0,0.726,1,0.3521,0,4.82
XB-20241510,Peppers,Kano,Port Harcourt,12.0,8.52,4.82,7.04,4129.8,674267.0,1021.3,22.46,1.63,24.09,96,0.251,1,23.2,30.9,22,8.9,65.6,fair,0.9,poor,0,0.2649,0,0.3781,0,5.02
XB-20241511,Tomatoes,Ibadan,Enugu,7.38,3.93,6.44,7.5,4133.4,1422572.0,627.4,11.1,3.72,14.82,72,0.206,0,39.5,45.4,25,20.4,74.7,good,0.0,good,0,0.6728,1,0.4955,1,5.96
XB-20241512,Strawberries,Zaria,Ibadan,11.08,7.71,7.38,3.93,4338.9,3406415.0,727.6,14.81,2.81,17.62,36,0.49,1,8.4,13.4,8,5.4,58.9,good,0.0,excellent,0,0.2657,0,0.0942,0,2.75
XB-20241513,Fresh Fish,Jos,Abuja,9.92,8.89,9.07,7.4,4334.5,2454096.0,291.1,7.64,1.44,9.09,24,0.379,1,4.6,7.9,4,3.9,68.4,fair,0.593,good,0,0.2783,0,0.253,0,4.02
XB-20241514,Fresh Fish,Onitsha,Kaduna,6.14,6.79,10.52,7.44,4783.6,3070763.0,738.1,14.05,0.01,14.06,24,0.586,1,2.7,7.1,4,3.1,62.1,fair,0.527,excellent,0,0.3792,0,0.1832,0,3.47
XB-20241515,Strawberries,Lagos,Onitsha,6.52,3.38,6.14,6.79,2718.9,2371973.0,495.7,9.91,0.44,10.35,36,0.288,0,29.4,31.9,8,23.9,79.4,fair,1.371,good,0,0.5433,0,0.4446,0,5.56
XB-20241516,Fresh Fish,Abuja,Enugu,9.07,7.4,6.44,7.5,1449.0,879957.0,397.0,8.16,2.42,10.58,24,0.441,1,2.0,7.6,4,3.6,55.4,poor,1.47,good,0,0.4036,0,0.3196,0,4.56
XB-20241517,Peppers,Kano,Kaduna,12.0,8.52,10.52,7.44,1269.5,208365.0,244.3,6.48,0.45,6.93,96,0.072,0,31.0,35.7,22,13.7,76.6,poor,1.181,fair,1,0.5773,1,0.6065,1,6.85
XB-20241518,Strawberries,Enugu,Jos,6.44,7.5,9.92,8.89,1846.4,1519860.0,582.9,13.91,0.88,14.79,36,0.411,1,9.8,15.5,8,7.5,90.8,fair,0.919,good,1,0.3255,0,0.3072,0,4.46
XB-20241519,Fresh Fish,Kano,Jos,12.0,8.52,9.92,8.89,2470.4,1422190.0,367.5,6.46,2.77,9.23,24,0.384,0,25.8,31.6,4,27.6,80.5,fair,0.604,fair,2,0.7443,1,0.7172,1,7.74
XB-20241520,Peppers,Lagos,Kano,6.52,3.38,12.0,8.52,3359.4,610615.0,1157.8,30.2,0.68,30.88,96,0.322,1,25.7,31.8,22,9.8,55.3,fair,0.51,fair,2,0.3483,0,0.5447,1,6.36
XB-20241521,Tomatoes,Zaria,Enugu,11.08,7.71,6.44,7.5,2065.9,753997.0,734.6,13.71,1.44,15.15,72,0.21,0,39.9,43.0,25,18.0,66.6,fair,1.057,fair,0,0.4603,0,0.4169,0,5.34
XB-20241522,Tomatoes,Zaria,Abuja,11.08,7.71,9.07,7.4,882.3,279427.0,298.2,6.43,0.36,6.79,72,0.094,0,37.0,44.4,25,19.4,62.8,poor,1.262,good,0,0.4737,1,0.384,0,5.07
XB-20241523,Strawberries,Onitsha,Lagos,6.14,6.79,6.52,3.38,1167.6,871660.0,564.7,14.96,1.12,16.09,36,0.447,1,7.1,12.7,8,4.7,88.3,good,0.0,good,1,0.4124,0,0.4117,0,5.29
XB-20241524,Strawberries,Onitsha,Abuja,6.14,6.79,9.07,7.4,1347.0,1076302.0,514.3,9.8,0.2,9.99,36,0.278,0,39.2,44.7,8,36.7,91.5,fair,1.429,good,0,0.7533,1,0.6697,1,7.36
XB-20241525,Tomatoes,Port Harcourt,Zaria,4.82,7.04,11.08,7.71,3507.2,1221906.0,1095.6,17.03,0.61,17.65,72,0.245,0,27.2,34.2,25,9.2,84.2,poor,1.189,fair,0,0.7616,1,0.5742,0,6.59
XB-20241526,Strawberries,Port Harcourt,Jos,4.82,7.04,9.92,8.89,3084.2,2561623.0,803.1,15.49,2.29,17.78,36,0.494,0,28.9,33.4,8,25.4,86.8,poor,1.258,good,1,0.8851,1,0.548,1,6.38
XB-20241527,Strawberries,Onitsha,Kaduna,6.14,6.79,10.52,7.44,2935.0,2248192.0,762.6,17.2,2.68,19.89,36,0.552,1,10.1,12.9,8,4.9,89.5,fair,0.819,fair,0,0.5116,1,0.4689,0,5.75
XB-20241528,Fresh Fish,Onitsha,Port Harcourt,6.14,6.79,4.82,7.04,1863.8,1140884.0,193.4,4.1,0.1,4.2,24,0.175,0,27.7,34.8,4,30.8,65.8,good,0.0,poor,0,0.438,1,0.4066,0,5.25
XB-20241529,Dairy,Abuja,Onitsha,9.07,7.4,6.14,6.79,1285.5,516769.0,474.3,12.25,0.51,12.76,48,0.266,0,33.8,40.8,6,34.8,72.4,fair,0.912,fair,1,0.554,1,0.6362,1,7.09
XB-20241530,Leafy Greens,Kano,Onitsha,12.0,8.52,6.14,6.79,2739.8,744634.0,898.3,24.41,1.72,26.13,48,0.544,1,12.0,16.9,10,6.9,55.4,good,0.0,excellent,0,0.3324,0,0.2132,0,3.71
XB-20241531,Peppers,Lagos,Kaduna,6.52,3.38,10.52,7.44,3864.4,638431.0,833.5,22.7,1.02,23.72,96,0.247,1,21.1,24.4,22,2.4,65.7,poor,1.841,fair,0,0.2054,0,0.3445,0,4.76
XB-20241532,Dairy,Zaria,Port Harcourt,11.08,7.71,4.82,7.04,3275.2,1262724.0,1078.7,22.11,7.54,29.65,48,0.618,0,31.7,39.4,6,33.4,89.3,fair,0.599,good,0,0.8105,1,0.5449,0,6.36
XB-20241533,Dairy,Jos,Onitsha,9.92,8.89,6.14,6.79,3197.8,1452528.0,611.9,16.06,4.8,20.86,48,0.435,0,34.3,39.1,6,33.1,69.2,poor,1.637,excellent,0,0.7311,1,0.4119,1,5.3
XB-20241534,Dairy,Kaduna,Abuja,10.52,7.44,9.07,7.4,3313.4,1335101.0,219.7,5.59,1.07,6.66,48,0.139,0,33.0,40.4,6,34.4,86.1,fair,0.557,poor,2,0.6704,1,0.7677,1,8.14
XB-20241535,Leafy Greens,Abuja,Kaduna,9.07,7.4,10.52,7.44,1147.7,346339.0,249.5,3.9,1.79,5.69,48,0.119,1,12.9,18.3,10,8.3,59.9,good,0.0,good,1,0.2466,0,0.2322,0,3.86
XB-20241536,Fresh Fish,Kaduna,Lagos,10.52,7.44,6.52,3.38,959.3,545740.0,789.1,12.66,0.51,13.17,24,0.549,0,32.4,40.0,4,36.0,88.8,good,0.0,excellent,0,0.6257,1,0.2245,0,3.8
XB-20241537,Peppers,Lagos,Enugu,6.52,3.38,6.44,7.5,3003.7,554148.0,550.4,13.78,2.15,15.93,96,0.166,0,32.5,38.0,22,16.0,63.5,fair,1.41,good,0,0.6286,0,0.2756,0,4.21
XB-20241538,Dairy,Kano,Ibadan,12.0,8.52,7.38,3.93,4825.9,1846674.0,985.1,27.22,1.09,28.31,48,0.59,1,8.3,10.8,6,4.8,87.6,fair,0.881,good,1,0.3719,1,0.4327,0,5.46
XB-20241539,Strawberries,Onitsha,Kaduna,6.14,6.79,10.52,7.44,2905.6,2425723.0,628.0,10.2,1.23,11.43,36,0.318,1,8.2,13.0,8,5.0,90.5,fair,0.65,good,0,0.4723,1,0.3882,0,5.11
XB-20241540,Leafy Greens,Zaria,Port Harcourt,11.08,7.71,4.82,7.04,924.1,256760.0,864.6,13.61,2.43,16.04,48,0.334,1,13.6,16.3,10,6.3,64.4,fair,1.071,good,0,0.4629,0,0.3448,0,4.76
XB-20241541,Leafy Greens,Onitsha,Kano,6.14,6.79,12.0,8.52,544.9,141836.0,832.8,14.87,0.51,15.38,48,0.32,1,13.7,17.1,10,7.1,66.7,poor,2.631,poor,0,0.3147,0,0.434,1,5.47
XB-20241542,Peppers,Enugu,Kaduna,6.44,7.5,10.52,7.44,1374.3,269315.0,673.4,14.63,1.64,16.27,96,0.169,1,25.4,32.1,22,10.1,86.4,good,0.0,fair,2,0.3177,0,0.5084,0,6.07
XB-20241543,Peppers,Kano,Enugu,12.0,8.52,6.44,7.5,4489.0,854696.0,773.0,13.86,1.6,15.46,96,0.161,1,25.3,31.8,22,9.8,89.3,fair,0.948,poor,1,0.3957,0,0.6473,1,7.18
XB-20241544,Strawberries,Enugu,Port Harcourt,6.44,7.5,4.82,7.04,1983.3,1517302.0,272.8,4.68,0.35,5.04,36,0.14,1,7.1,11.4,8,3.4,69.8,fair,0.98,good,0,0.2512,0,0.2993,0,4.39
XB-20241545,Mangoes,Enugu,Zaria,6.44,7.5,11.08,7.71,1863.9,340337.0,761.4,14.72,1.42,16.14,96,0.168,0,33.6,37.3,20,17.3,60.1,good,0.0,fair,0,0.4705,1,0.3676,0,4.94
XB-20241546,Fresh Fish,Lagos,Enugu,6.52,3.38,6.44,7.5,2693.7,1759445.0,657.9,10.93,1.53,12.47,24,0.519,1,6.5,10.1,4,6.1,84.8,poor,2.396,excellent,0,0.421,0,0.2291,0,3.83
XB-20241547,Fresh Fish,Ibadan,Enugu,7.38,3.93,6.44,7.5,377.2,214089.0,578.4,13.73,0.61,14.34,24,0.597,0,31.6,37.0,4,33.0,87.6,fair,1.005,excellent,0,0.6738,1,0.2421,0,3.94
XB-20241548,Fresh Fish,Ibadan,Zaria,7.38,3.93,11.08,7.71,981.2,608372.0,703.0,12.24,3.79,16.03,24,0.668,1,4.8,8.4,4,4.4,67.1,poor,1.687,poor,1,0.3783,0,0.5877,0,6.7
XB-20241549,Strawberries,Jos,Enugu,9.92,8.89,6.44,7.5,842.5,670745.0,567.7,12.74,5.72,18.47,36,0.513,0,34.2,38.3,8,30.3,77.2,fair,0.713,fair,0,0.6159,1,0.6014,1,6.81
XB-20241550,Leafy Greens,Onitsha,Port Harcourt,6.14,6.79,4.82,7.04,1074.1,285472.0,224.0,6.07,1.86,7.94,48,0.165,1,12.9,19.0,10,9.0,71.7,good,0.0,good,1,0.3477,0,0.3452,0,4.76
XB-20241551,Tomatoes,Onitsha,Lagos,6.14,6.79,6.52,3.38,4276.8,1473222.0,580.1,9.88,2.85,12.73,72,0.177,0,32.9,40.7,25,15.7,65.7,poor,1.999,good,2,0.6232,1,0.5082,0,6.07
XB-20241552,Tomatoes,Port Harcourt,Enugu,4.82,7.04,6.44,7.5,2037.1,758906.0,281.0,4.78,6.12,10.91,72,0.151,0,41.0,48.1,25,23.1,63.2,fair,1.048,fair,2,0.6455,1,0.6212,1,6.97
XB-20241553,Mangoes,Ibadan,Port Harcourt,7.38,3.93,4.82,7.04,3632.8,734210.0,700.4,12.4,0.7,13.1,96,0.136,1,20.5,23.7,20,3.7,82.7,fair,0.712,excellent,0,0.2313,0,0.1445,0,3.16
XB-20241554,Dairy,Lagos,Kano,6.52,3.38,12.0,8.52,801.8,348498.0,1171.6,28.42,1.07,29.48,48,0.614,1,5.4,9.9,6,3.9,90.5,fair,1.145,good,0,0.4838,0,0.355,0,4.84
XB-20241555,Fresh Fish,Lagos,Onitsha,6.52,3.38,6.14,6.79,1444.7,845692.0,576.9,11.95,2.99,14.94,24,0.623,1,3.3,6.8,4,2.8,79.0,poor,1.924,good,1,0.5033,0,0.4851,0,5.88
XB-20241556,Peppers,Abuja,Enugu,9.07,7.4,6.44,7.5,827.4,140551.0,386.5,9.16,0.06,9.22,96,0.096,1,20.9,23.9,22,1.9,81.2,good,0.0,poor,0,0.0964,0,0.3448,0,4.76
XB-20241557,Peppers,Onitsha,Zaria,6.14,6.79,11.08,7.71,3413.2,571183.0,702.5,14.07,0.92,14.99,96,0.156,0,40.7,46.6,22,24.6,87.4,fair,1.108,fair,1,0.6066,1,0.5769,0,6.62
XB-20241558,Mangoes,Port Harcourt,Abuja,4.82,7.04,9.07,7.4,3591.6,781699.0,724.3,19.26,0.19,19.45,96,0.203,1,21.7,26.2,20,6.2,84.5,fair,1.486,excellent,0,0.3737,1,0.1756,0,3.4
XB-20241559,Leafy Greens,Jos,Port Harcourt,9.92,8.89,4.82,7.04,580.4,177315.0,782.4,14.7,3.43,18.13,48,0.378,0,34.6,37.6,10,27.6,61.6,fair,1.37,excellent,0,0.5052,0,0.2149,0,3.72
XB-20241560,Strawberries,Lagos,Enugu,6.52,3.38,6.44,7.5,4612.3,4008523.0,561.6,14.69,1.23,15.91,36,0.442,1,10.9,16.1,8,8.1,87.3,poor,1.553,fair,0,0.4047,0,0.3689,0,4.95
XB-20241561,Fresh Fish,Jos,Lagos,9.92,8.89,6.52,3.38,3731.7,2144619.0,1010.2,18.17,1.19,19.37,24,0.807,0,28.6,32.3,4,28.3,71.2,good,0.0,good,0,0.6533,1,0.355,0,4.84
XB-20241562,Mangoes,Jos,Enugu,9.92,8.89,6.44,7.5,4272.2,911516.0,650.8,12.25,7.67,19.92,96,0.207,1,18.2,26.1,20,6.1,67.9,poor,1.119,good,0,0.3215,0,0.2494,0,4.0
XB-20241563,Leafy Greens,Lagos,Zaria,6.52,3.38,11.08,7.71,1487.7,388032.0,861.2,17.42,0.5,17.92,48,0.373,0,29.5,34.9,10,24.9,63.2,fair,0.624,fair,0,0.5155,0,0.5385,1,6.31
XB-20241564,Leafy Greens,Lagos,Jos,6.52,3.38,9.92,8.89,2149.4,558814.0,1027.4,21.06,4.95,26.01,48,0.542,1,13.9,18.2,10,8.2,87.9,poor,1.678,excellent,0,0.5761,0,0.2215,0,3.77
XB-20241565,Mangoes,Abuja,Enugu,9.07,7.4,6.44,7.5,1609.3,330428.0,356.2,9.6,0.53,10.14,96,0.106,1,18.9,24.5,20,4.5,69.4,poor,2.342,fair,2,0.255,0,0.3432,0,4.75
XB-20241566,Tomatoes,Lagos,Jos,6.52,3.38,9.92,8.89,3781.0,1239415.0,887.6,22.66,0.51,23.17,72,0.322,1,25.2,28.1,25,3.1,61.1,good,0.0,good,1,0.3102,0,0.4418,0,5.53
XB-20241567,Tomatoes,Kaduna,Abuja,10.52,7.44,9.07,7.4,4606.4,1515339.0,207.5,3.63,0.64,4.27,72,0.059,1,28.2,31.0,25,6.0,57.0,fair,0.556,fair,3,0.2291,0,0.4307,0,5.45
XB-20241568,Fresh Fish,Port Harcourt,Ibadan,4.82,7.04,7.38,3.93,2657.2,1479447.0,541.1,11.56,1.47,13.03,24,0.543,0,38.4,43.9,4,39.9,56.7,poor,2.21,poor,1,0.6153,1,0.731,1,7.85
XB-20241569,Fresh Fish,Onitsha,Zaria,6.14,6.79,11.08,7.71,578.3,362586.0,856.6,15.63,0.32,15.95,24,0.664,1,2.6,8.1,4,4.1,91.8,fair,1.045,excellent,0,0.507,1,0.2742,0,4.19
XB-20241570,Dairy,Kano,Onitsha,12.0,8.52,6.14,6.79,1667.0,760964.0,964.5,20.75,0.37,21.12,48,0.44,1,6.0,9.1,6,3.1,65.2,fair,1.126,excellent,0,0.2663,0,0.1262,0,3.01
XB-20241571,Strawberries,Kano,Zaria,12.0,8.52,11.08,7.71,4824.6,3827991.0,184.1,4.12,0.53,4.65,36,0.129,1,7.6,15.3,8,7.3,62.8,fair,1.235,poor,0,0.126,0,0.4293,0,5.43
XB-20241572,Peppers,Onitsha,Jos,6.14,6.79,9.92,8.89,1439.3,283322.0,766.8,12.44,0.57,13.02,96,0.136,0,30.6,33.7,22,11.7,61.7,good,0.0,good,0,0.4799,1,0.3655,0,4.92
XB-20241573,Tomatoes,Kaduna,Jos,10.52,7.44,9.92,8.89,1486.0,570221.0,255.8,7.21,0.86,8.08,72,0.112,0,26.9,33.2,25,8.2,89.8,fair,1.063,good,0,0.4714,0,0.2434,0,3.95
XB-20241574,Tomatoes,Enugu,Kaduna,6.44,7.5,10.52,7.44,676.7,228522.0,713.9,14.24,7.5,21.74,72,0.302,1,27.2,30.3,25,5.3,89.5,fair,0.776,poor,2,0.4631,0,0.6696,1,7.36
XB-20241575,Mangoes,Jos,Lagos,9.92,8.89,6.52,3.38,3466.4,682743.0,965.7,17.46,1.11,18.56,96,0.193,1,21.4,28.2,20,8.2,60.7,fair,1.267,poor,2,0.3735,0,0.5932,1,6.75
XB-20241576,Strawberries,Jos,Kaduna,9.92,8.89,10.52,7.44,306.0,251128.0,214.0,4.38,1.81,6.19,36,0.172,0,35.9,43.9,8,35.9,75.3,fair,0.522,poor,0,0.4713,1,0.5511,1,6.41
XB-20241577,Leafy Greens,Zaria,Abuja,11.08,7.71,9.07,7.4,4599.7,1328823.0,300.0,8.28,0.02,8.31,48,0.173,1,10.9,17.9,10,7.9,66.6,fair,0.829,excellent,0,0.2456,0,0.0991,0,2.79
XB-20241578,Dairy,Port Harcourt,Zaria,4.82,7.04,11.08,7.71,4009.7,1556788.0,846.2,13.47,0.36,13.83,48,0.288,1,8.4,14.7,6,8.7,74.8,fair,1.47,fair,1,0.4053,0,0.5125,1,6.1
XB-20241579,Fresh Fish,Lagos,Ibadan,6.52,3.38,7.38,3.93,3720.4,2444449.0,167.3,3.25,1.8,5.05,24,0.211,1,3.5,6.3,4,2.3,81.2,good,0.0,good,0,0.1234,0,0.1274,0,3.02
XB-20241580,Tomatoes,Onitsha,Ibadan,6.14,6.79,7.38,3.93,1972.8,693843.0,514.8,9.93,1.38,11.31,72,0.157,0,29.7,32.9,25,7.9,82.4,fair,0.993,good,0,0.5174,1,0.4099,0,5.28
XB-20241581,Leafy Greens,Enugu,Port Harcourt,6.44,7.5,4.82,7.04,4076.4,1038760.0,234.2,3.81,1.32,5.13,48,0.107,0,28.9,36.2,10,26.2,59.4,poor,1.833,fair,1,0.4108,0,0.4791,0,5.83
XB-20241582,Peppers,Ibadan,Port Harcourt,7.38,3.93,4.82,7.04,1617.8,317580.0,656.0,12.96,0.3,13.26,96,0.138,1,22.3,25.4,22,3.4,56.1,fair,1.099,excellent,0,0.2248,0,0.1197,0,2.96
XB-20241583,Strawberries,Lagos,Ibadan,6.52,3.38,7.38,3.93,3174.2,2717488.0,171.0,4.08,0.98,5.05,36,0.14,0,27.9,35.9,8,27.9,72.6,fair,0.719,good,0,0.4883,1,0.2269,0,3.81
XB-20241584,Dairy,Enugu,Abuja,6.44,7.5,9.07,7.4,3987.5,1554183.0,356.2,8.28,0.52,8.8,48,0.183,1,7.4,15.0,6,9.0,64.1,poor,2.353,excellent,0,0.4874,0,0.2577,0,4.06
XB-20241585,Tomatoes,Enugu,Kaduna,6.44,7.5,10.52,7.44,3269.9,1207745.0,594.7,14.1,0.84,14.94,72,0.207,1,27.2,33.4,25,8.4,81.2,fair,1.162,good,1,0.3345,0,0.356,0,4.85
XB-20241586,Peppers,Abuja,Onitsha,9.07,7.4,6.14,6.79,4677.0,778908.0,514.6,9.93,3.42,13.35,96,0.139,1,25.2,32.6,22,10.6,74.0,good,0.0,good,0,0.3668,0,0.328,0,4.62
XB-20241587,Fresh Fish,Zaria,Kaduna,11.08,7.71,10.52,7.44,4950.8,3186974.0,97.2,1.92,0.56,2.48,24,0.103,0,36.8,40.8,4,36.8,83.5,good,0.0,excellent,0,0.5741,1,0.2866,0,4.29
XB-20241588,Peppers,Jos,Onitsha,9.92,8.89,6.14,6.79,4682.8,906119.0,758.3,13.28,0.31,13.59,96,0.142,1,23.5,30.2,22,8.2,63.4,good,0.0,excellent,0,0.3077,0,0.2586,0,4.07
XB-20241589,Mangoes,Kano,Port Harcourt,12.0,8.52,4.82,7.04,4209.8,857272.0,1083.8,22.49,0.5,22.99,96,0.24,1,19.2,24.7,20,4.7,73.8,poor,1.616,good,1,0.1919,0,0.2031,0,3.62
XB-20241590,Leafy Greens,Enugu,Onitsha,6.44,7.5,6.14,6.79,391.3,118207.0,109.2,2.5,0.22,2.72,48,0.057,0,30.2,35.3,10,25.3,58.3,fair,1.169,poor,1,0.4072,0,0.5579,0,6.46
XB-20241591,Tomatoes,Ibadan,Kaduna,7.38,3.93,10.52,7.44,233.0,82156.0,729.0,14.14,1.22,15.36,72,0.213,0,35.5,43.5,25,18.5,80.9,fair,0.641,good,0,0.6122,1,0.4474,1,5.58
XB-20241592,Mangoes,Enugu,Jos,6.44,7.5,9.92,8.89,3697.3,737688.0,630.8,12.93,0.33,13.26,96,0.138,1,22.4,25.6,20,5.6,77.8,fair,1.157,good,0,0.1827,0,0.2968,0,4.37
XB-20241593,Fresh Fish,Lagos,Kano,6.52,3.38,12.0,8.52,1192.9,778076.0,1271.5,26.24,7.92,34.16,24,1.423,1,4.7,11.9,4,7.9,75.5,poor,1.847,excellent,0,0.9303,1,0.5504,1,6.4
XB-20241594,Mangoes,Kano,Zaria,12.0,8.52,11.08,7.71,2160.0,391831.0,186.3,5.16,0.15,5.31,96,0.055,0,38.9,41.7,20,21.7,69.3,good,0.0,fair,3,0.4547,0,0.6095,0,6.88
XB-20241595,Leafy Greens,Kaduna,Ibadan,10.52,7.44,7.38,3.93,1800.7,511519.0,677.1,15.39,2.3,17.69,48,0.369,1,8.1,14.9,10,4.9,78.0,good,0.0,good,0,0.2675,0,0.29,0,4.32
XB-20241596,Strawberries,Kano,Port Harcourt,12.0,8.52,4.82,7.04,4200.2,3452870.0,1113.7,18.06,4.56,22.62,36,0.628,0,28.2,32.6,8,24.6,63.9,poor,1.244,good,0,0.9016,1,0.6123,0,6.9
XB-20241597,Mangoes,Kaduna,Jos,10.52,7.44,9.92,8.89,3025.7,575168.0,228.0,3.54,0.74,4.27,96,0.044,0,38.6,42.0,20,22.0,72.2,fair,1.047,fair,2,0.2827,0,0.5064,0,6.05
XB-20241598,Peppers,Abuja,Zaria,9.07,7.4,11.08,7.71,4631.3,872620.0,306.9,4.81,0.89,5.7,96,0.059,0,25.7,33.7,22,11.7,57.0,fair,0.798,good,1,0.4709,0,0.4501,0,5.6
XB-20241599,Tomatoes,Onitsha,Kano,6.14,6.79,12.0,8.52,1287.9,485773.0,936.4,21.57,1.78,23.35,72,0.324,1,23.9,31.7,25,6.7,74.3,good,0.0,good,0,0.2483,0,0.1747,0,3.4
XB-20241600,Dairy,Lagos,Jos,6.52,3.38,9.92,8.89,1034.7,454398.0,983.0,19.89,0.99,20.88,48,0.435,0,34.9,37.6,6,31.6,89.7,fair,0.593,good,1,0.6429,1,0.5036,1,6.03
XB-20241601,Peppers,Abuja,Port Harcourt,9.07,7.4,4.82,7.04,884.2,152452.0,703.6,12.75,0.18,12.93,96,0.135,1,20.0,22.9,22,0.9,86.2,good,0.0,excellent,0,0.054,0,0.0166,0,2.13
XB-20241602,Dairy,Enugu,Kano,6.44,7.5,12.0,8.52,4934.1,1947166.0,762.9,18.98,2.94,21.92,48,0.457,1,7.3,11.6,6,5.6,65.6,poor,1.259,good,0,0.409,0,0.3343,0,4.67
XB-20241603,Strawberries,Port Harcourt,Kaduna,4.82,7.04,10.52,7.44,1565.7,1222402.0,947.5,25.09,1.25,26.34,36,0.732,1,10.2,16.6,8,8.6,85.9,fair,1.469,poor,1,0.5116,1,0.6544,0,7.24
XB-20241604,Strawberries,Lagos,Abuja,6.52,3.38,9.07,7.4,4002.1,3118807.0,839.8,14.9,3.91,18.81,36,0.523,0,42.4,45.8,8,37.8,91.2,poor,1.215,good,1,0.9416,1,0.616,0,6.93
XB-20241605,Fresh Fish,Kano,Ibadan,12.0,8.52,7.38,3.93,2812.8,1813891.0,1048.7,18.97,0.82,19.79,24,0.825,0,36.0,41.2,4,37.2,68.8,poor,2.585,excellent,0,0.7883,1,0.3372,0,4.7
XB-20241606,Strawberries,Enugu,Port Harcourt,6.44,7.5,4.82,7.04,4311.1,3238712.0,277.7,4.39,2.37,6.77,36,0.188,0,32.2,37.1,8,29.1,77.0,poor,2.698,excellent,0,0.5057,0,0.2751,0,4.2
XB-20241607,Dairy,Port Harcourt,Kano,4.82,7.04,12.0,8.52,3113.7,1303347.0,1142.9,18.03,0.53,18.56,48,0.387,1,4.9,11.0,6,5.0,66.1,fair,1.116,good,1,0.1996,0,0.1489,0,3.19
XB-20241608,Fresh Fish,Enugu,Lagos,6.44,7.5,6.52,3.38,228.2,126294.0,718.9,13.93,0.65,14.57,24,0.607,0,39.3,44.5,4,40.5,69.5,poor,2.13,fair,0,0.6312,1,0.5117,1,6.09
XB-20241609,Fresh Fish,Abuja,Kaduna,9.07,7.4,10.52,7.44,3053.8,1854104.0,201.5,5.29,0.82,6.11,24,0.255,0,31.0,36.5,4,32.5,76.2,good,0.0,good,0,0.4727,1,0.4393,0,5.51
XB-20241610,Tomatoes,Kaduna,Ibadan,10.52,7.44,7.38,3.93,1129.0,415664.0,780.4,17.57,1.69,19.27,72,0.268,1,25.1,32.2,25,7.2,83.3,good,0.0,fair,0,0.3301,0,0.482,0,5.86
XB-20241611,Strawberries,Kaduna,Abuja,10.52,7.44,9.07,7.4,2247.8,1945762.0,217.4,4.96,0.2,5.16,36,0.143,1,11.1,15.4,8,7.4,88.8,good,0.0,fair,0,0.2946,0,0.3325,0,4.66
XB-20241612,Fresh Fish,Ibadan,Abuja,7.38,3.93,9.07,7.4,554.8,353020.0,513.0,9.91,1.72,11.63,24,0.484,0,33.2,37.9,4,33.9,85.6,fair,0.717,excellent,0,0.6423,1,0.2088,0,3.67
XB-20241613,Strawberries,Abuja,Kaduna,9.07,7.4,10.52,7.44,2543.3,1917099.0,217.9,6.12,0.04,6.15,36,0.171,0,35.8,40.8,8,32.8,59.9,poor,1.26,good,0,0.5351,0,0.5595,1,6.48
XB-20241614,Strawberries,Port Harcourt,Abuja,4.82,7.04,9.07,7.4,2173.5,1811836.0,733.1,17.3,0.03,17.33,36,0.481,0,27.7,35.0,8,27.0,61.4,good,0.0,poor,1,0.5497,1,0.5541,0,6.43
XB-20241615,Leafy Greens,Jos,Lagos,9.92,8.89,6.52,3.38,4242.2,1130755.0,959.5,17.58,0.19,17.77,48,0.37,1,13.0,16.9,10,6.9,84.6,fair,0.849,poor,2,0.378,0,0.5942,1,6.75
XB-20241616,Leafy Greens,Zaria,Lagos,11.08,7.71,6.52,3.38,2561.7,754228.0,936.2,18.27,1.09,19.37,48,0.403,0,32.1,36.8,10,26.8,60.5,fair,1.092,excellent,0,0.4871,1,0.2649,0,4.12
XB-20241617,Fresh Fish,Jos,Abuja,9.92,8.89,9.07,7.4,1426.3,872460.0,290.1,5.28,3.46,8.74,24,0.364,0,30.1,37.5,4,33.5,90.5,good,0.0,good,0,0.7905,1,0.6584,1,7.27
XB-20241618,Mangoes,Ibadan,Port Harcourt,7.38,3.93,4.82,7.04,2523.3,500576.0,646.8,11.6,0.0,11.61,96,0.121,0,35.5,42.0,20,22.0,87.9,fair,0.843,excellent,0,0.5084,0,0.2422,0,3.94
XB-20241619,Mangoes,Kano,Zaria,12.0,8.52,11.08,7.71,2050.8,403000.0,176.2,3.33,0.09,3.43,96,0.036,1,20.4,24.7,20,4.7,81.7,fair,0.557,excellent,0,0.2471,0,0.1706,0,3.36
XB-20241620,Peppers,Kaduna,Port Harcourt,10.52,7.44,4.82,7.04,1911.4,335562.0,781.2,12.94,1.87,14.82,96,0.154,0,32.7,37.1,22,15.1,83.3,good,0.0,good,0,0.4998,1,0.3477,0,4.78
XB-20241621,Strawberries,Zaria,Kaduna,11.08,7.71,10.52,7.44,3421.4,2478469.0,107.6,1.7,2.22,3.92,36,0.109,0,42.6,48.1,8,40.1,69.6,fair,1.277,fair,1,0.5595,1,0.6111,1,6.89
XB-20241622,Peppers,Zaria,Port Harcourt,11.08,7.71,4.82,7.04,304.0,51269.0,1098.2,27.04,2.93,29.97,96,0.312,1,20.5,28.0,22,6.0,64.5,fair,0.66,good,0,0.1952,0,0.2542,0,4.03
XB-20241623,Dairy,Port Harcourt,Kano,4.82,7.04,12.0,8.52,752.0,285960.0,1035.5,18.7,1.72,20.41,48,0.425,0,36.6,40.3,6,34.3,82.3,poor,2.379,fair,0,0.7827,1,0.6101,1,6.88
XB-20241624,Dairy,Abuja,Jos,9.07,7.4,9.92,8.89,3343.6,1275699.0,242.1,5.49,1.68,7.17,48,0.149,1,9.3,15.3,6,9.3,73.5,good,0.0,good,0,0.3851,0,0.254,0,4.03
XB-20241625,Leafy Greens,Enugu,Abuja,6.44,7.5,9.07,7.4,665.8,172965.0,464.0,11.39,0.68,12.07,48,0.251,0,23.8,28.5,10,18.5,56.7,fair,1.157,excellent,0,0.5856,1,0.3638,0,4.91
XB-20241626,Peppers,Jos,Ibadan,9.92,8.89,7.38,3.93,2055.5,395771.0,750.0,11.75,1.26,13.02,96,0.136,0,37.9,42.4,22,20.4,87.9,fair,1.134,fair,0,0.633,1,0.5116,1,6.09
XB-20241627,Dairy,Abuja,Kano,9.07,7.4,12.0,8.52,1831.0,815797.0,529.8,10.05,0.74,10.79,48,0.225,0,24.8,30.2,6,24.2,91.6,fair,1.24,excellent,0,0.5133,1,0.1976,0,3.58
XB-20241628,Tomatoes,Ibadan,Lagos,7.38,3.93,6.52,3.38,1109.6,371082.0,175.2,3.83,2.31,6.14,72,0.085,0,26.0,28.3,25,3.3,63.1,poor,2.686,excellent,0,0.3232,0,0.1116,0,2.89
XB-20241629,Strawberries,Zaria,Ibadan,11.08,7.71,7.38,3.93,547.4,447035.0,831.0,14.3,0.18,14.49,36,0.402,1,7.6,10.8,8,2.8,62.4,good,0.0,fair,1,0.1588,0,0.4023,0,5.22
XB-20241630,Mangoes,Lagos,Onitsha,6.52,3.38,6.14,6.79,4635.0,900498.0,558.6,10.41,0.29,10.7,96,0.111,0,37.0,43.7,20,23.7,77.8,fair,0.845,good,0,0.4936,0,0.3822,0,5.06
XB-20241631,Leafy Greens,Onitsha,Lagos,6.14,6.79,6.52,3.38,1969.6,557049.0,582.9,12.26,0.31,12.57,48,0.262,1,14.0,21.5,10,11.5,80.3,poor,1.511,fair,0,0.4688,0,0.5022,0,6.02
XB-20241632,Leafy Greens,Kano,Lagos,12.0,8.52,6.52,3.38,3110.2,879250.0,1259.7,28.78,0.47,29.25,48,0.609,0,29.5,37.3,10,27.3,86.9,poor,1.429,excellent,0,0.6787,1,0.3403,0,4.72
XB-20241633,Fresh Fish,Port Harcourt,Ibadan,4.82,7.04,7.38,3.93,3070.9,1994746.0,694.8,17.65,0.09,17.74,24,0.739,0,23.9,30.7,4,26.7,73.7,fair,0.862,good,0,0.5778,0,0.3899,0,5.12
XB-20241634,Leafy Greens,Kano,Ibadan,12.0,8.52,7.38,3.93,796.8,243906.0,930.4,14.34,1.4,15.74,48,0.328,0,40.6,45.9,10,35.9,74.6,poor,2.015,good,0,0.6559,1,0.35,0,4.8
XB-20241635,Mangoes,Kaduna,Port Harcourt,10.52,7.44,4.82,7.04,3758.1,803032.0,864.2,18.65,0.02,18.67,96,0.195,1,22.2,26.5,20,6.5,74.8,fair,0.665,fair,0,0.2526,0,0.2854,0,4.28
XB-20241636,Peppers,Onitsha,Port Harcourt,6.14,6.79,4.82,7.04,2894.3,493866.0,226.6,6.21,3.91,10.13,96,0.105,1,22.0,29.6,22,7.6,91.5,fair,1.091,fair,0,0.4461,0,0.3097,0,4.48
XB-20241637,Mangoes,Kano,Abuja,12.0,8.52,9.07,7.4,1270.9,249533.0,489.0,11.31,0.41,11.72,96,0.122,0,30.9,37.6,20,17.6,75.2,poor,1.426,fair,0,0.5544,0,0.4648,0,5.72
XB-20241638,Leafy Greens,Ibadan,Kaduna,7.38,3.93,10.52,7.44,1347.7,372841.0,703.7,16.07,0.37,16.44,48,0.342,1,10.4,13.7,10,3.7,64.8,good,0.0,good,2,0.2758,0,0.3025,0,4.42
XB-20241639,Tomatoes,Abuja,Lagos,9.07,7.4,6.52,3.38,4867.1,1691871.0,631.7,11.41,1.02,12.43,72,0.173,1,28.2,31.1,25,6.1,58.6,good,0.0,excellent,0,0.116,0,0.0993,0,2.79
XB-20241640,Peppers,Ibadan,Lagos,7.38,3.93,6.52,3.38,4179.3,750720.0,163.7,2.68,0.46,3.14,96,0.033,1,23.2,27.0,22,5.0,60.4,poor,2.801,fair,3,0.2561,0,0.5876,1,6.7
XB-20241641,Dairy,Kano,Port Harcourt,12.0,8.52,4.82,7.04,2232.8,1003003.0,1282.6,21.32,0.31,21.63,48,0.451,1,7.2,13.0,6,7.0,84.9,good,0.0,poor,0,0.3457,0,0.4459,0,5.57
XB-20241642,Tomatoes,Kano,Enugu,12.0,8.52,6.44,7.5,2835.1,994418.0,998.6,15.77,4.09,19.86,72,0.276,1,26.3,28.9,25,3.9,66.2,good,0.0,fair,0,0.2015,0,0.2921,0,4.34
XB-20241643,Leafy Greens,Jos,Abuja,9.92,8.89,9.07,7.4,4120.0,1206641.0,244.7,4.65,2.2,6.85,48,0.143,0,33.2,38.7,10,28.7,67.3,poor,2.223,fair,0,0.5576,1,0.5827,1,6.66
XB-20241644,Fresh Fish,Ibadan,Kano,7.38,3.93,12.0,8.52,4612.8,3041818.0,956.7,23.37,2.5,25.87,24,1.078,1,2.6,8.3,4,4.3,72.3,fair,1.178,fair,0,0.4771,0,0.4039,0,5.23
XB-20241645,Mangoes,Kano,Port Harcourt,12.0,8.52,4.82,7.04,1900.4,403003.0,1205.7,28.64,1.02,29.66,96,0.309,0,43.5,49.9,20,29.9,87.0,fair,1.207,fair,0,0.6994,1,0.4781,0,5.82
XB-20241646,Dairy,Abuja,Jos,9.07,7.4,9.92,8.89,1260.0,519460.0,273.9,5.7,1.98,7.69,48,0.16,0,28.0,34.5,6,28.5,82.5,fair,0.617,good,0,0.4146,0,0.2986,0,4.39
XB-20241647,Peppers,Onitsha,Zaria,6.14,6.79,11.08,7.71,530.7,99988.0,893.5,16.0,0.71,16.71,96,0.174,0,27.7,30.2,22,8.2,82.3,poor,2.297,good,0,0.5384,0,0.3954,0,5.16
XB-20241648,Leafy Greens,Kano,Abuja,12.0,8.52,9.07,7.4,2545.7,782372.0,442.7,10.83,1.15,11.98,48,0.25,0,39.2,46.1,10,36.1,67.3,poor,1.97,fair,0,0.6015,1,0.4984,1,5.99
XB-20241649,Mangoes,Jos,Onitsha,9.92,8.89,6.14,6.79,4220.9,918904.0,711.9,14.98,0.93,15.91,96,0.166,0,29.4,37.0,20,17.0,71.0,good,0.0,good,0,0.6159,1,0.4494,0,5.6
XB-20241650,Fresh Fish,Ibadan,Port Harcourt,7.38,3.93,4.82,7.04,1055.6,658702.0,630.6,15.27,2.27,17.54,24,0.731,1,5.9,10.9,4,6.9,91.9,fair,1.383,excellent,0,0.4915,0,0.2208,0,3.77
XB-20241651,Mangoes,Abuja,Onitsha,9.07,7.4,6.14,6.79,1449.6,289318.0,514.7,13.97,0.15,14.12,96,0.147,1,23.5,28.2,20,8.2,60.3,good,0.0,good,0,0.3192,0,0.3659,0,4.93
XB-20241652,Mangoes,Lagos,Abuja,6.52,3.38,9.07,7.4,1510.2,310928.0,824.2,18.11,4.87,22.98,96,0.239,1,18.1,22.8,20,2.8,64.3,fair,0.597,poor,0,0.2369,0,0.4235,0,5.39
XB-20241653,Fresh Fish,Kaduna,Lagos,10.52,7.44,6.52,3.38,1653.3,1023218.0,759.2,20.69,2.5,23.19,24,0.966,0,32.4,36.5,4,32.5,64.1,good,0.0,excellent,0,0.6072,1,0.2169,0,3.74
XB-20241654,Tomatoes,Ibadan,Lagos,7.38,3.93,6.52,3.38,1209.0,419798.0,157.6,2.43,0.68,3.11,72,0.043,0,35.6,42.3,25,17.3,81.3,good,0.0,poor,1,0.3794,0,0.497,0,5.98
XB-20241655,Fresh Fish,Port Harcourt,Zaria,4.82,7.04,11.08,7.71,561.2,331353.0,942.7,23.38,0.17,23.54,24,0.981,1,2.4,7.1,4,3.1,85.6,fair,0.802,poor,2,0.6516,1,0.8383,1,8.71
XB-20241656,Leafy Greens,Kaduna,Zaria,10.52,7.44,11.08,7.71,3636.1,1046608.0,107.5,2.57,2.87,5.44,48,0.113,0,41.5,48.4,10,38.4,82.5,poor,2.015,fair,1,0.6563,1,0.6388,1,7.11
XB-20241657,Mangoes,Onitsha,Zaria,6.14,6.79,11.08,7.71,1552.6,316113.0,777.5,12.63,1.52,14.15,96,0.147,1,21.8,25.1,20,5.1,68.4,poor,2.478,good,0,0.3142,0,0.3196,0,4.56
XB-20241658,Strawberries,Ibadan,Kano,7.38,3.93,12.0,8.52,1030.4,874730.0,900.4,17.61,2.37,19.98,36,0.555,1,11.7,15.9,8,7.9,65.5,fair,1.136,excellent,0,0.3936,0,0.292,0,4.34
XB-20241659,Strawberries,Zaria,Kaduna,11.08,7.71,10.52,7.44,4968.5,4100347.0,85.0,1.44,4.77,6.21,36,0.173,1,11.6,17.0,8,9.0,78.5,fair,1.314,good,2,0.4126,0,0.3698,0,4.96
XB-20241660,Mangoes,Enugu,Kaduna,6.44,7.5,10.52,7.44,4804.9,917220.0,547.8,8.64,1.42,10.06,96,0.105,0,28.2,33.2,20,13.2,76.1,fair,0.753,poor,0,0.4736,0,0.4837,0,5.87
XB-20241661,Peppers,Onitsha,Port Harcourt,6.14,6.79,4.82,7.04,328.5,53358.0,188.9,5.19,0.95,6.14,96,0.064,0,31.8,35.4,22,13.4,64.0,good,0.0,fair,0,0.4834,0,0.3539,0,4.83
XB-20241662,Fresh Fish,Kano,Enugu,12.0,8.52,6.44,7.5,4615.1,2998487.0,861.1,24.38,0.17,24.55,24,1.023,0,37.0,44.8,4,40.8,86.8,fair,0.701,excellent,0,0.8291,1,0.3837,0,5.07
XB-20241663,Fresh Fish,Kano,Zaria,12.0,8.52,11.08,7.71,1620.5,996364.0,163.5,3.76,0.75,4.51,24,0.188,0,36.2,41.3,4,37.3,57.8,fair,0.978,good,0,0.5709,1,0.3782,0,5.03
XB-20241664,Fresh Fish,Abuja,Kaduna,9.07,7.4,10.52,7.44,1260.6,772142.0,217.7,3.52,1.67,5.19,24,0.216,0,31.0,37.0,4,33.0,83.1,poor,1.016,poor,0,0.6149,1,0.6316,0,7.05
XB-20241665,Peppers,Zaria,Abuja,11.08,7.71,9.07,7.4,3287.1,593596.0,338.7,6.6,0.33,6.92,96,0.072,0,28.0,35.0,22,13.0,64.5,fair,0.518,excellent,0,0.4492,0,0.2612,0,4.09
XB-20241666,Leafy Greens,Onitsha,Ibadan,6.14,6.79,7.38,3.93,4746.0,1401191.0,434.8,11.29,1.05,12.34,48,0.257,0,29.5,36.5,10,26.5,73.3,good,0.0,excellent,0,0.503,0,0.2466,0,3.97
XB-20241667,Tomatoes,Zaria,Ibadan,11.08,7.71,7.38,3.93,4643.0,1629852.0,835.1,16.89,8.32,25.22,72,0.35,1,28.2,31.6,25,6.6,58.5,poor,1.852,excellent,0,0.6608,1,0.3292,0,4.63
XB-20241668,Tomatoes,Zaria,Kaduna,11.08,7.71,10.52,7.44,3168.7,1121711.0,102.3,1.61,0.27,1.87,72,0.026,0,36.5,43.3,25,18.3,81.4,good,0.0,excellent,0,0.4036,0,0.2184,0,3.75
XB-20241669,Tomatoes,Enugu,Jos,6.44,7.5,9.92,8.89,1948.8,674777.0,543.6,14.17,2.7,16.86,72,0.234,0,42.2,47.7,25,22.7,76.1,fair,0.731,good,1,0.6581,1,0.5034,0,6.03
XB-20241670,Tomatoes,Onitsha,Jos,6.14,6.79,9.92,8.89,4810.5,1545991.0,680.7,12.89,3.77,16.66,72,0.231,0,37.7,41.0,25,16.0,82.0,poor,2.052,good,0,0.7419,1,0.5114,0,6.09
XB-20241671,Dairy,Jos,Enugu,9.92,8.89,6.44,7.5,3192.6,1364001.0,550.2,12.19,0.53,12.72,48,0.265,1,9.8,16.4,6,10.4,86.5,fair,1.026,good,1,0.374,0,0.2991,0,4.39
XB-20241672,Peppers,Onitsha,Ibadan,6.14,6.79,7.38,3.93,748.7,125156.0,484.6,11.23,1.35,12.58,96,0.131,0,30.1,37.3,22,15.3,59.0,good,0.0,excellent,0,0.4888,1,0.2829,0,4.26
XB-20241673,Peppers,Enugu,Kano,6.44,7.5,12.0,8.52,3719.3,658849.0,988.2,28.13,0.46,28.59,96,0.298,0,38.7,41.3,22,19.3,75.1,fair,1.226,excellent,0,0.5116,1,0.286,0,4.29
XB-20241674,Tomatoes,Kaduna,Enugu,10.52,7.44,6.44,7.5,2155.3,744592.0,580.0,9.59,0.17,9.76,72,0.136,0,41.0,47.6,25,22.6,76.9,fair,0.761,poor,1,0.6075,1,0.5998,1,6.8
XB-20241675,Mangoes,Jos,Port Harcourt,9.92,8.89,4.82,7.04,3930.1,801738.0,785.7,15.65,1.2,16.85,96,0.175,0,32.1,37.6,20,17.6,69.1,fair,0.682,poor,1,0.5295,1,0.581,1,6.65
XB-20241676,Strawberries,Kaduna,Lagos,10.52,7.44,6.52,3.38,567.5,493778.0,819.6,17.9,4.26,22.16,36,0.616,0,39.7,46.5,8,38.5,56.0,good,0.0,excellent,0,0.7038,1,0.3488,0,4.79
XB-20241677,Strawberries,Kaduna,Abuja,10.52,7.44,9.07,7.4,4469.7,3654874.0,210.3,6.0,0.85,6.85,36,0.19,0,28.6,33.9,8,25.9,79.3,fair,0.648,good,1,0.6298,1,0.4506,0,5.6
XB-20241678,Mangoes,Abuja,Port Harcourt,9.07,7.4,4.82,7.04,1272.1,252919.0,645.8,18.14,1.06,19.2,96,0.2,1,19.9,22.4,20,2.4,68.3,fair,0.931,good,0,0.237,0,0.2533,0,4.03
XB-20241679,Tomatoes,Kano,Jos,12.0,8.52,9.92,8.89,4368.3,1385082.0,318.8,6.04,4.64,10.68,72,0.148,0,33.9,40.4,25,15.4,68.9,poor,1.573,good,1,0.6844,1,0.5076,1,6.06
XB-20241680,Fresh Fish,Lagos,Zaria,6.52,3.38,11.08,7.71,2031.3,1212815.0,916.4,22.98,0.14,23.12,24,0.963,0,32.3,35.5,4,31.5,88.6,good,0.0,good,0,0.8179,1,0.5098,0,6.08
XB-20241681,Peppers,Lagos,Ibadan,6.52,3.38,7.38,3.93,2240.9,430476.0,156.1,2.57,4.2,6.77,96,0.071,1,20.4,26.8,22,4.8,75.8,good,0.0,excellent,0,0.2586,0,0.2116,0,3.69
XB-20241682,Tomatoes,Port Harcourt,Kaduna,4.82,7.04,10.52,7.44,4002.7,1513340.0,808.3,16.21,1.84,18.06,72,0.251,0,29.6,32.6,25,7.6,74.2,poor,2.78,poor,1,0.5278,0,0.5634,1,6.51
XB-20241683,Leafy Greens,Onitsha,Ibadan,6.14,6.79,7.38,3.93,801.5,238179.0,512.4,9.08,0.21,9.29,48,0.193,1,9.6,17.5,10,7.5,75.0,good,0.0,good,0,0.3402,0,0.2265,0,3.81
XB-20241684,Fresh Fish,Zaria,Kaduna,11.08,7.71,10.52,7.44,1391.2,848076.0,105.5,1.88,2.51,4.39,24,0.183,1,4.8,7.4,4,3.4,86.3,fair,1.102,poor,1,0.2567,0,0.5358,1,6.29
XB-20241685,Mangoes,Port Harcourt,Kano,4.82,7.04,12.0,8.52,1091.1,213683.0,1201.5,31.03,0.95,31.98,96,0.333,0,31.1,37.7,20,17.7,57.8,good,0.0,good,0,0.4136,1,0.2868,0,4.29
XB-20241686,Leafy Greens,Kano,Onitsha,12.0,8.52,6.14,6.79,597.1,181063.0,932.4,21.81,1.92,23.72,48,0.494,1,8.8,14.9,10,4.9,74.7,poor,1.074,good,0,0.2877,0,0.297,0,4.38
XB-20241687,Dairy,Lagos,Ibadan,6.52,3.38,7.38,3.93,4267.0,1633190.0,170.9,2.89,0.16,3.05,48,0.064,0,39.9,47.9,6,41.9,69.4,poor,1.808,fair,1,0.4573,0,0.5357,0,6.29
XB-20241688,Fresh Fish,Kano,Zaria,12.0,8.52,11.08,7.71,2623.6,1673845.0,208.7,3.22,1.51,4.73,24,0.197,1,3.2,10.3,4,6.3,91.7,fair,1.456,good,0,0.1379,0,0.285,0,4.28
XB-20241689,Peppers,Port Harcourt,Zaria,4.82,7.04,11.08,7.71,3706.3,643089.0,851.5,17.55,0.19,17.74,96,0.185,1,20.6,26.0,22,4.0,69.4,good,0.0,good,0,0.0764,0,0.0758,0,2.61
XB-20241690,Peppers,Port Harcourt,Kano,4.82,7.04,12.0,8.52,4956.7,870068.0,1217.6,19.19,2.15,21.34,96,0.222,1,21.3,28.0,22,6.0,78.4,good,0.0,excellent,0,0.3083,0,0.1869,0,3.5
XB-20241691,Mangoes,Lagos,Ibadan,6.52,3.38,7.38,3.93,2448.5,502136.0,160.4,2.47,1.37,3.85,96,0.04,0,30.9,34.8,20,14.8,91.1,poor,1.958,fair,1,0.4139,0,0.4823,1,5.86
XB-20241692,Tomatoes,Jos,Zaria,9.92,8.89,11.08,7.71,1311.5,481910.0,250.9,4.97,0.37,5.34,72,0.074,0,28.1,35.3,25,10.3,55.5,good,0.0,poor,1,0.4682,0,0.529,1,6.23
XB-20241693,Dairy,Ibadan,Kano,7.38,3.93,12.0,8.52,3989.9,1725236.0,901.2,15.11,5.64,20.75,48,0.432,1,6.0,13.3,6,7.3,55.5,good,0.0,good,0,0.4495,0,0.38,0,5.04
XB-20241694,Peppers,Enugu,Ibadan,6.44,7.5,7.38,3.93,3816.1,651873.0,573.3,10.38,0.19,10.56,96,0.11,0,26.7,33.0,22,11.0,57.3,good,0.0,excellent,0,0.458,0,0.2383,0,3.91
XB-20241695,Leafy Greens,Jos,Kaduna,9.92,8.89,10.52,7.44,933.6,254236.0,275.1,4.88,0.05,4.92,48,0.103,0,34.4,41.7,10,31.7,88.8,good,0.0,good,1,0.454,1,0.3896,0,5.12
XB-20241696,Fresh Fish,Kaduna,Port Harcourt,10.52,7.44,4.82,7.04,3794.0,2204328.0,995.3,17.2,1.0,18.2,24,0.758,0,30.2,37.6,4,33.6,88.4,poor,2.102,good,0,0.7408,1,0.4158,0,5.33
XB-20241697,Dairy,Zaria,Port Harcourt,11.08,7.71,4.82,7.04,1720.9,736087.0,841.2,15.36,1.19,16.55,48,0.345,1,6.0,9.3,6,3.3,90.0,fair,0.836,poor,0,0.3938,0,0.4545,0,5.64
XB-20241698,Mangoes,Enugu,Abuja,6.44,7.5,9.07,7.4,1024.9,220082.0,408.1,8.58,4.95,13.53,96,0.141,0,32.0,37.3,20,17.3,91.8,fair,0.502,poor,0,0.6712,1,0.7535,1,8.03
XB-20241699,Leafy Greens,Lagos,Enugu,6.52,3.38,6.44,7.5,691.2,180254.0,617.3,12.18,0.55,12.74,48,0.265,1,12.5,19.8,10,9.8,76.7,poor,1.728,good,1,0.5486,0,0.3037,0,4.43
XB-20241700,Dairy,Lagos,Onitsha,6.52,3.38,6.14,6.79,3233.5,1443195.0,472.5,12.0,0.54,12.54,48,0.261,1,8.8,12.3,6,6.3,55.2,fair,1.187,fair,0,0.2762,0,0.2241,0,3.79
XB-20241701,Strawberries,Ibadan,Jos,7.38,3.93,9.92,8.89,200.9,163800.0,890.4,21.54,0.02,21.56,36,0.599,1,10.1,17.3,8,9.3,60.4,good,0.0,poor,0,0.23,0,0.3625,0,4.9
XB-20241702,Strawberries,Ibadan,Onitsha,7.38,3.93,6.14,6.79,2612.1,2216422.0,544.3,12.66,0.28,12.94,36,0.359,0,32.9,38.3,8,30.3,57.6,poor,2.372,fair,0,0.6674,1,0.4807,0,5.85
XB-20241703,Dairy,Ibadan,Onitsha,7.38,3.93,6.14,6.79,4850.0,1956546.0,542.5,13.31,5.94,19.25,48,0.401,0,27.4,33.9,6,27.9,65.7,poor,1.178,poor,0,0.5527,1,0.5931,1,6.74
XB-20241704,Leafy Greens,Lagos,Jos,6.52,3.38,9.92,8.89,306.6,80431.0,975.6,18.34,0.14,18.47,48,0.385,0,32.7,35.0,10,25.0,91.2,good,0.0,excellent,0,0.6721,1,0.3548,0,4.84
XB-20241705,Peppers,Enugu,Onitsha,6.44,7.5,6.14,6.79,2926.8,560700.0,128.4,3.55,1.03,4.58,96,0.048,1,22.3,30.2,22,8.2,81.8,fair,1.105,good,0,0.3304,0,0.365,0,4.92
XB-20241706,Fresh Fish,Enugu,Onitsha,6.44,7.5,6.14,6.79,4970.4,3176601.0,126.0,2.44,0.15,2.59,24,0.108,0,37.8,44.9,4,40.9,69.5,fair,0.62,poor,1,0.407,0,0.6088,1,6.87
XB-20241707,Dairy,Abuja,Onitsha,9.07,7.4,6.14,6.79,4386.2,1762212.0,445.1,10.51,1.03,11.54,48,0.24,1,6.1,9.1,6,3.1,86.8,fair,1.482,poor,0,0.4775,0,0.5464,0,6.37
XB-20241708,Peppers,Port Harcourt,Enugu,4.82,7.04,6.44,7.5,3052.3,533294.0,227.3,6.27,0.8,7.07,96,0.074,0,37.8,41.4,22,19.4,69.0,fair,1.495,good,0,0.4797,0,0.3639,0,4.91
XB-20241709,Strawberries,Zaria,Lagos,11.08,7.71,6.52,3.38,1691.6,1320235.0,1057.4,23.78,3.74,27.52,36,0.764,0,36.7,44.1,8,36.1,87.8,poor,1.444,fair,1,0.9268,1,0.6653,1,7.32
XB-20241710,Leafy Greens,Kaduna,Abuja,10.52,7.44,9.07,7.4,2502.4,762941.0,207.2,3.72,0.67,4.39,48,0.091,0,33.1,39.4,10,29.4,79.8,good,0.0,excellent,0,0.5107,0,0.2142,0,3.71
XB-20241711,Fresh Fish,Ibadan,Abuja,7.38,3.93,9.07,7.4,2962.5,1638990.0,574.9,12.62,2.51,15.13,24,0.63,1,2.7,5.7,4,1.7,72.7,poor,1.659,fair,1,0.333,0,0.4181,0,5.34
XB-20241712,Peppers,Jos,Enugu,9.92,8.89,6.44,7.5,848.2,143755.0,519.1,8.26,3.83,12.09,96,0.126,0,28.4,34.3,22,12.3,80.4,fair,1.249,excellent,0,0.6427,1,0.2817,0,4.25
XB-20241713,Dairy,Kaduna,Kano,10.52,7.44,12.0,8.52,3271.3,1360184.0,295.9,5.67,5.82,11.49,48,0.239,1,4.9,7.8,6,1.8,74.2,poor,2.129,poor,1,0.2124,0,0.5283,0,6.23
XB-20241714,Tomatoes,Onitsha,Port Harcourt,6.14,6.79,4.82,7.04,1500.7,537990.0,213.7,3.74,2.02,5.76,72,0.08,0,30.7,33.6,25,8.6,79.6,fair,1.21,good,0,0.542,0,0.4796,1,5.84
XB-20241715,Fresh Fish,Kano,Enugu,12.0,8.52,6.44,7.5,1084.0,608393.0,763.0,19.94,1.35,21.29,24,0.887,0,23.9,27.5,4,23.5,79.4,fair,1.205,fair,0,0.8758,1,0.5929,1,6.74
XB-20241716,Dairy,Onitsha,Abuja,6.14,6.79,9.07,7.4,1670.5,696860.0,466.6,11.09,0.28,11.36,48,0.237,0,35.9,38.9,6,32.9,75.7,poor,1.427,good,0,0.5697,0,0.3404,0,4.72
XB-20241717,Dairy,Lagos,Jos,6.52,3.38,9.92,8.89,2285.1,891821.0,909.2,19.1,0.5,19.59,48,0.408,0,28.0,30.6,6,24.6,89.0,fair,0.676,fair,1,0.7153,1,0.7141,1,7.71
XB-20241718,Tomatoes,Enugu,Kano,6.44,7.5,12.0,8.52,1299.1,492279.0,914.7,19.98,1.94,21.92,72,0.304,0,31.7,37.3,25,12.3,59.3,poor,1.407,poor,3,0.5768,1,0.8356,1,8.69
XB-20241719,Mangoes,Ibadan,Lagos,7.38,3.93,6.52,3.38,2411.1,444681.0,140.1,3.46,0.15,3.61,96,0.038,1,19.5,22.7,20,2.7,82.2,poor,1.654,good,1,0.1945,0,0.2075,0,3.66
XB-20241720,Fresh Fish,Lagos,Kaduna,6.52,3.38,10.52,7.44,2710.4,1766052.0,990.7,24.95,0.19,25.14,24,1.048,1,2.2,5.6,4,1.6,70.7,poor,1.599,good,0,0.562,1,0.3647,0,4.92
XB-20241721,Strawberries,Kano,Onitsha,12.0,8.52,6.14,6.79,4956.1,3812531.0,1035.2,20.79,1.58,22.38,36,0.622,1,10.0,14.2,8,6.2,65.5,poor,1.254,good,1,0.6027,0,0.5051,0,6.04
XB-20241722,Tomatoes,Zaria,Port Harcourt,11.08,7.71,4.82,7.04,1714.0,584075.0,1110.0,30.96,2.31,33.27,72,0.462,0,45.8,50.9,25,25.9,85.6,poor,2.089,poor,0,0.7214,1,0.6217,1,6.97
XB-20241723,Mangoes,Zaria,Onitsha,11.08,7.71,6.14,6.79,348.7,72334.0,756.2,12.47,2.1,14.57,96,0.152,1,22.5,26.1,20,6.1,74.5,fair,0.726,poor,2,0.2083,0,0.5895,1,6.72
XB-20241724,Strawberries,Onitsha,Jos,6.14,6.79,9.92,8.89,3102.0,2724379.0,594.3,9.2,1.41,10.61,36,0.295,0,31.3,35.7,8,27.7,80.3,good,0.0,good,0,0.4904,0,0.2803,0,4.24
XB-20241725,Tomatoes,Zaria,Lagos,11.08,7.71,6.52,3.38,1042.8,360908.0,968.6,21.89,0.85,22.74,72,0.316,1,24.8,30.8,25,5.8,60.1,poor,2.085,poor,1,0.4016,0,0.6175,0,6.94
XB-20241726,Leafy Greens,Kano,Enugu,12.0,8.52,6.44,7.5,717.9,184711.0,861.7,15.25,0.57,15.82,48,0.33,0,37.2,45.1,10,35.1,87.9,fair,0.762,good,1,0.6029,1,0.5544,1,6.44
XB-20241727,Strawberries,Lagos,Zaria,6.52,3.38,11.08,7.71,3505.0,2842533.0,1051.7,21.9,1.87,23.77,36,0.66,1,9.3,12.8,8,4.8,79.7,poor,1.62,fair,0,0.4801,0,0.504,0,6.03
XB-20241728,Tomatoes,Port Harcourt,Kaduna,4.82,7.04,10.52,7.44,2142.5,679695.0,860.8,15.79,0.74,16.53,72,0.23,1,24.3,29.4,25,4.4,61.9,fair,1.251,fair,2,0.2887,0,0.4817,0,5.85
XB-20241729,Fresh Fish,Jos,Enugu,9.92,8.89,6.44,7.5,2828.4,1697976.0,544.8,12.46,0.01,12.46,24,0.519,1,5.2,7.8,4,3.8,91.0,fair,0.816,good,0,0.3688,0,0.3549,0,4.84
XB-20241730,Peppers,Kano,Lagos,12.0,8.52,6.52,3.38,3064.6,574303.0,1036.8,18.05,0.77,18.81,96,0.196,0,27.0,30.5,22,8.5,76.6,poor,1.191,good,1,0.5442,1,0.4538,0,5.63
XB-20241731,Strawberries,Zaria,Abuja,11.08,7.71,9.07,7.4,1883.3,1564929.0,318.8,7.07,1.47,8.54,36,0.237,1,6.5,11.0,8,3.0,77.9,poor,2.621,poor,0,0.2417,0,0.5049,1,6.04
XB-20241732,Peppers,Onitsha,Ibadan,6.14,6.79,7.38,3.93,3718.3,607934.0,456.8,12.05,2.28,14.33,96,0.149,1,25.5,33.5,22,11.5,83.3,poor,1.417,excellent,0,0.4821,0,0.3062,0,4.45
XB-20241733,Leafy Greens,Kaduna,Enugu,10.52,7.44,6.44,7.5,527.9,145904.0,552.5,11.82,0.29,12.11,48,0.252,1,8.4,11.0,10,1.0,64.1,poor,1.171,fair,1,0.2964,0,0.4859,0,5.89
XB-20241734,Fresh Fish,Abuja,Port Harcourt,9.07,7.4,4.82,7.04,3141.9,1757580.0,722.3,19.37,0.32,19.69,24,0.821,1,5.2,11.7,4,7.7,61.4,good,0.0,good,0,0.5265,0,0.4038,1,5.23
XB-20241735,Strawberries,Enugu,Onitsha,6.44,7.5,6.14,6.79,4470.9,3690557.0,125.9,2.91,1.61,4.52,36,0.126,0,23.4,25.6,8,17.6,75.4,good,0.0,excellent,0,0.3278,0,0.0506,0,2.4
XB-20241736,Fresh Fish,Abuja,Ibadan,9.07,7.4,7.38,3.93,892.1,483718.0,518.0,8.6,5.34,13.94,24,0.581,0,31.9,36.7,4,32.7,70.5,fair,0.997,excellent,0,0.6291,1,0.267,0,4.14
XB-20241737,Fresh Fish,Port Harcourt,Onitsha,4.82,7.04,6.14,6.79,2108.1,1326628.0,228.0,3.58,3.77,7.35,24,0.306,0,31.0,33.8,4,29.8,91.0,poor,2.695,good,0,0.7914,1,0.4005,0,5.2
XB-20241738,Strawberries,Ibadan,Kano,7.38,3.93,12.0,8.52,2027.1,1491991.0,1095.5,18.81,0.56,19.37,36,0.538,1,11.5,18.9,8,10.9,64.2,poor,1.061,excellent,0,0.3957,0,0.1976,0,3.58
XB-20241739,Tomatoes,Jos,Kaduna,9.92,8.89,10.52,7.44,4481.0,1611391.0,245.3,5.74,2.29,8.04,72,0.112,1,23.0,28.5,25,3.5,58.3,fair,1.135,fair,2,0.2139,0,0.4457,0,5.57
XB-20241740,Tomatoes,Port Harcourt,Kano,4.82,7.04,12.0,8.52,3967.4,1486448.0,1185.4,20.71,1.16,21.87,72,0.304,0,28.4,34.9,25,9.9,63.4,poor,2.136,excellent,0,0.7207,1,0.3389,0,4.71
XB-20241741,Dairy,Jos,Port Harcourt,9.92,8.89,4.82,7.04,1062.1,428228.0,825.4,21.46,0.13,21.59,48,0.45,0,36.6,43.5,6,37.5,63.5,poor,2.179,excellent,0,0.5587,1,0.3251,0,4.6
XB-20241742,Fresh Fish,Port Harcourt,Onitsha,4.82,7.04,6.14,6.79,2111.5,1164159.0,222.1,4.31,1.31,5.63,24,0.234,0,35.1,37.7,4,33.7,83.8,fair,0.662,good,1,0.6075,1,0.5033,0,6.03
XB-20241743,Mangoes,Kano,Enugu,12.0,8.52,6.44,7.5,1894.2,384403.0,939.1,20.98,1.7,22.68,96,0.236,0,31.4,35.9,20,15.9,87.4,fair,0.808,good,0,0.7268,1,0.4687,0,5.75
XB-20241744,Dairy,Jos,Port Harcourt,9.92,8.89,4.82,7.04,4753.3,2043974.0,728.4,17.38,0.73,18.11,48,0.377,0,29.0,31.6,6,25.6,66.1,poor,1.189,good,0,0.5899,1,0.446,1,5.57
XB-20241745,Leafy Greens,Kano,Enugu,12.0,8.52,6.44,7.5,2020.2,599307.0,983.8,21.71,0.39,22.1,48,0.46,1,9.3,14.9,10,4.9,87.7,fair,0.947,fair,1,0.4477,0,0.4358,0,5.49
XB-20241746,Leafy Greens,Jos,Zaria,9.92,8.89,11.08,7.71,803.7,204377.0,291.0,7.62,1.38,9.0,48,0.188,0,37.2,41.4,10,31.4,69.5,fair,0.579,fair,1,0.5562,1,0.6442,1,7.15
XB-20241747,Dairy,Zaria,Lagos,11.08,7.71,6.52,3.38,853.6,326434.0,1002.5,17.21,3.53,20.73,48,0.432,0,39.0,44.0,6,38.0,91.6,good,0.0,fair,1,0.6893,1,0.5983,1,6.79
XB-20241748,Peppers,Onitsha,Zaria,6.14,6.79,11.08,7.71,3316.6,645860.0,699.7,18.2,1.33,19.54,96,0.204,1,25.5,31.2,22,9.2,80.5,good,0.0,excellent,0,0.3608,0,0.1575,0,3.26
XB-20241749,Peppers,Ibadan,Jos,7.38,3.93,9.92,8.89,682.6,124239.0,848.6,18.55,0.88,19.43,96,0.202,0,39.2,45.1,22,23.1,64.7,poor,2.835,good,0,0.5295,0,0.4197,0,5.36
XB-20241750,Leafy Greens,Port Harcourt,Enugu,4.82,7.04,6.44,7.5,4871.0,1290562.0,293.7,7.53,2.92,10.45,48,0.218,1,9.9,15.8,10,5.8,81.3,poor,2.082,good,0,0.4272,0,0.3577,0,4.86
XB-20241751,Peppers,Jos,Zaria,9.92,8.89,11.08,7.71,1983.3,370492.0,265.0,4.09,3.52,7.61,96,0.079,0,27.3,32.9,22,10.9,69.3,fair,1.206,poor,0,0.6301,1,0.5086,0,6.07
XB-20241752,Fresh Fish,Ibadan,Port Harcourt,7.38,3.93,4.82,7.04,2127.6,1311309.0,598.4,10.5,0.03,10.53,24,0.439,1,3.4,8.0,4,4.0,84.7,fair,0.517,good,1,0.2825,0,0.3085,0,4.47
XB-20241753,Dairy,Zaria,Port Harcourt,11.08,7.71,4.82,7.04,3116.5,1403568.0,1008.0,21.04,0.08,21.12,48,0.44,0,43.0,45.1,6,39.1,63.9,fair,1.266,good,0,0.5506,1,0.3833,0,5.07
XB-20241754,Mangoes,Port Harcourt,Onitsha,4.82,7.04,6.14,6.79,1932.0,409436.0,208.5,4.4,1.32,5.72,96,0.06,1,23.3,27.3,20,7.3,68.0,poor,2.416,fair,1,0.3779,0,0.419,0,5.35
XB-20241755,Dairy,Abuja,Lagos,9.07,7.4,6.52,3.38,3860.3,1568327.0,657.6,13.25,2.71,15.96,48,0.333,0,30.5,35.9,6,29.9,70.0,fair,0.734,good,3,0.5713,1,0.6902,1,7.52
XB-20241756,Fresh Fish,Kaduna,Lagos,10.52,7.44,6.52,3.38,1739.0,1130453.0,863.3,20.31,1.26,21.57,24,0.899,0,35.9,41.8,4,37.8,60.9,good,0.0,excellent,0,0.5688,1,0.188,0,3.5
XB-20241757,Fresh Fish,Ibadan,Zaria,7.38,3.93,11.08,7.71,1163.3,663307.0,703.8,12.84,0.19,13.03,24,0.543,1,2.3,5.0,4,1.0,86.9,poor,1.696,good,1,0.4961,0,0.5043,0,6.03
XB-20241758,Peppers,Port Harcourt,Zaria,4.82,7.04,11.08,7.71,4353.3,785147.0,962.6,16.0,1.21,17.22,96,0.179,1,22.6,24.8,22,2.8,77.3,fair,0.642,good,2,0.2239,0,0.3284,0,4.63
XB-20241759,Peppers,Enugu,Port Harcourt,6.44,7.5,4.82,7.04,2100.0,368488.0,251.4,4.4,1.84,6.24,96,0.065,0,37.5,42.4,22,20.4,62.2,poor,1.265,excellent,0,0.4954,0,0.29,0,4.32
XB-20241760,Peppers,Enugu,Lagos,6.44,7.5,6.52,3.38,4692.9,795913.0,677.9,11.21,1.78,12.99,96,0.135,1,25.6,31.3,22,9.3,74.6,fair,1.289,poor,2,0.405,0,0.6319,1,7.06
XB-20241761,Peppers,Onitsha,Lagos,6.14,6.79,6.52,3.38,2515.8,483808.0,539.7,8.91,2.8,11.71,96,0.122,0,28.3,32.2,22,10.2,55.1,poor,1.554,good,1,0.5776,1,0.4976,0,5.98
XB-20241762,Mangoes,Zaria,Kano,11.08,7.71,12.0,8.52,3495.1,635696.0,215.0,5.95,0.05,6.0,96,0.062,0,37.8,43.1,20,23.1,55.3,poor,1.7,good,1,0.433,1,0.3839,0,5.07
XB-20241763,Tomatoes,Abuja,Port Harcourt,9.07,7.4,4.82,7.04,3910.0,1242987.0,586.1,11.01,0.57,11.58,72,0.161,1,25.5,30.9,25,5.9,56.2,poor,1.574,fair,1,0.3772,0,0.4,0,5.2
XB-20241764,Dairy,Zaria,Onitsha,11.08,7.71,6.14,6.79,4529.0,1782219.0,692.5,11.7,0.03,11.72,48,0.244,0,35.3,38.7,6,32.7,55.1,fair,0.744,fair,0,0.5246,1,0.4095,0,5.28
XB-20241765,Tomatoes,Onitsha,Lagos,6.14,6.79,6.52,3.38,957.7,360186.0,544.5,9.76,0.85,10.61,72,0.147,0,37.3,40.6,25,15.6,86.3,fair,1.338,good,1,0.5323,0,0.491,0,5.93
XB-20241766,Fresh Fish,Onitsha,Abuja,6.14,6.79,9.07,7.4,937.4,578161.0,510.4,14.07,0.71,14.78,24,0.616,0,36.0,43.6,4,39.6,90.4,poor,2.975,good,0,0.7714,1,0.5613,0,6.49
XB-20241767,Strawberries,Port Harcourt,Kano,4.82,7.04,12.0,8.52,3779.5,3129130.0,1027.5,20.79,0.22,21.01,36,0.584,0,28.8,34.4,8,26.4,57.1,fair,0.777,good,0,0.633,1,0.2109,0,3.69
XB-20241768,Mangoes,Enugu,Ibadan,6.44,7.5,7.38,3.93,1678.2,340678.0,531.8,11.91,0.98,12.88,96,0.134,0,29.9,37.0,20,17.0,75.6,fair,0.556,fair,0,0.5745,1,0.4864,0,5.89
XB-20241769,Fresh Fish,Onitsha,Ibadan,6.14,6.79,7.38,3.93,3142.5,1856825.0,489.2,11.53,0.41,11.94,24,0.497,0,33.4,40.1,4,36.1,86.1,poor,2.822,fair,1,0.6781,1,0.5507,0,6.41
XB-20241770,Peppers,Jos,Kano,9.92,8.89,12.0,8.52,2828.2,553033.0,309.5,7.2,0.09,7.29,96,0.076,0,35.5,39.3,22,17.3,91.5,good,0.0,good,0,0.5059,0,0.3715,0,4.97
XB-20241771,Strawberries,Onitsha,Kaduna,6.14,6.79,10.52,7.44,875.8,674681.0,767.1,16.07,2.73,18.8,36,0.522,0,29.3,33.8,8,25.8,73.0,poor,2.784,good,0,0.7205,1,0.4376,0,5.5
XB-20241772,Fresh Fish,Enugu,Lagos,6.44,7.5,6.52,3.38,610.5,393416.0,640.0,12.12,6.85,18.97,24,0.79,1,6.8,9.5,4,5.5,67.4,poor,2.037,good,1,0.6316,1,0.5515,1,6.41
XB-20241773,Fresh Fish,Onitsha,Kaduna,6.14,6.79,10.52,7.44,2656.4,1712562.0,730.2,13.86,3.09,16.95,24,0.706,0,36.7,43.7,4,39.7,56.9,fair,0.868,good,0,0.8209,1,0.4957,0,5.97
XB-20241774,Leafy Greens,Kaduna,Zaria,10.52,7.44,11.08,7.71,2241.5,593895.0,85.7,1.56,1.04,2.6,48,0.054,0,26.0,33.6,10,23.6,74.3,good,0.0,excellent,0,0.4367,1,0.0935,0,2.75
XB-20241775,Tomatoes,Lagos,Onitsha,6.52,3.38,6.14,6.79,4854.3,1801805.0,503.0,9.33,1.79,11.12,72,0.154,0,34.9,37.5,25,12.5,57.4,fair,1.158,fair,0,0.5323,0,0.5057,1,6.05
XB-20241776,Peppers,Abuja,Ibadan,9.07,7.4,7.38,3.93,4660.9,792027.0,606.6,9.64,2.0,11.64,96,0.121,1,22.5,28.0,22,6.0,80.9,good,0.0,fair,3,0.2505,0,0.4984,0,5.99
XB-20241777,Strawberries,Zaria,Lagos,11.08,7.71,6.52,3.38,1723.3,1437193.0,981.5,26.22,5.09,31.31,36,0.87,1,8.9,16.2,8,8.2,81.7,good,0.0,good,1,0.7094,1,0.5064,0,6.05
XB-20241778,Leafy Greens,Enugu,Port Harcourt,6.44,7.5,4.82,7.04,1025.9,285667.0,277.6,4.29,1.55,5.84,48,0.122,1,10.8,17.6,10,7.6,88.9,good,0.0,good,1,0.3069,0,0.3797,0,5.04
XB-20241779,Peppers,Onitsha,Zaria,6.14,6.79,11.08,7.71,3529.3,623224.0,711.7,19.8,0.8,20.6,96,0.215,0,29.1,33.1,22,11.1,71.3,fair,0.64,excellent,0,0.4207,0,0.2387,0,3.91
XB-20241780,Mangoes,Lagos,Zaria,6.52,3.38,11.08,7.71,2559.0,461160.0,907.6,21.15,0.79,21.94,96,0.229,1,23.5,27.7,20,7.7,70.5,poor,2.588,excellent,0,0.2966,0,0.0815,0,2.65
XB-20241781,Tomatoes,Kano,Kaduna,12.0,8.52,10.52,7.44,2034.1,723373.0,244.7,4.3,1.39,5.69,72,0.079,0,36.5,43.7,25,18.7,86.8,good,0.0,good,0,0.474,0,0.2951,0,4.36
XB-20241782,Fresh Fish,Ibadan,Jos,7.38,3.93,9.92,8.89,4556.3,2927529.0,838.4,17.13,0.32,17.45,24,0.727,0,29.1,31.2,4,27.2,83.3,good,0.0,excellent,0,0.5247,1,0.2194,0,3.75
XB-20241783,Tomatoes,Jos,Ibadan,9.92,8.89,7.38,3.93,2793.8,1033549.0,826.3,22.29,0.8,23.09,72,0.321,1,24.1,28.0,25,3.0,88.2,fair,1.031,excellent,0,0.3619,0,0.2082,0,3.67
XB-20241784,Leafy Greens,Onitsha,Ibadan,6.14,6.79,7.38,3.93,3189.4,910567.0,488.6,8.12,0.5,8.62,48,0.18,0,39.1,44.0,10,34.0,85.7,good,0.0,poor,1,0.5342,1,0.5931,1,6.74
XB-20241785,Dairy,Zaria,Kano,11.08,7.71,12.0,8.52,2372.4,1071358.0,177.9,3.79,1.6,5.39,48,0.112,0,29.6,36.6,6,30.6,70.3,fair,0.962,good,0,0.2965,0,0.2886,0,4.31
XB-20241786,Mangoes,Port Harcourt,Abuja,4.82,7.04,9.07,7.4,498.8,101991.0,687.2,13.42,0.11,13.53,96,0.141,1,21.4,26.1,20,6.1,64.3,good,0.0,poor,0,0.1435,0,0.3467,0,4.77
XB-20241787,Leafy Greens,Kaduna,Zaria,10.52,7.44,11.08,7.71,2804.9,769366.0,85.0,1.49,0.04,1.53,48,0.032,0,25.1,29.7,10,19.7,84.3,good,0.0,poor,1,0.4832,1,0.6235,0,6.99
XB-20241788,Peppers,Abuja,Enugu,9.07,7.4,6.44,7.5,1016.9,191172.0,406.3,9.24,0.38,9.62,96,0.1,1,22.6,26.1,22,4.1,88.1,fair,1.244,good,0,0.1527,0,0.1765,0,3.41
XB-20241789,Dairy,Zaria,Kaduna,11.08,7.71,10.52,7.44,3015.9,1151313.0,84.0,2.23,1.0,3.22,48,0.067,0,33.5,39.2,6,33.2,73.2,poor,2.017,poor,0,0.5833,1,0.632,1,7.06
XB-20241790,Leafy Greens,Kano,Onitsha,12.0,8.52,6.14,6.79,2972.6,863355.0,987.1,16.57,1.51,18.08,48,0.377,0,37.3,39.6,10,29.6,69.1,poor,1.516,good,0,0.7327,1,0.4087,0,5.27
XB-20241791,Leafy Greens,Abuja,Jos,9.07,7.4,9.92,8.89,3124.7,912249.0,285.1,5.79,0.47,6.26,48,0.13,0,30.4,36.9,10,26.9,72.6,fair,1.332,poor,1,0.3867,0,0.5692,0,6.55
XB-20241792,Tomatoes,Onitsha,Kaduna,6.14,6.79,10.52,7.44,4213.1,1486716.0,625.1,10.15,0.83,10.99,72,0.153,1,27.0,31.6,25,6.6,87.5,fair,1.138,fair,1,0.3077,0,0.4201,0,5.36
XB-20241793,Strawberries,Zaria,Kaduna,11.08,7.71,10.52,7.44,736.3,641604.0,105.3,1.81,0.8,2.61,36,0.073,1,11.8,16.9,8,8.9,76.5,good,0.0,good,1,0.3356,0,0.3288,0,4.63
XB-20241794,Leafy Greens,Jos,Kano,9.92,8.89,12.0,8.52,4420.5,1360424.0,333.6,7.63,6.26,13.9,48,0.29,1,10.2,18.2,10,8.2,78.5,fair,0.738,excellent,0,0.4182,0,0.1539,0,3.23
XB-20241795,Strawberries,Ibadan,Port Harcourt,7.38,3.93,4.82,7.04,1705.0,1447436.0,703.3,14.78,0.44,15.22,36,0.423,1,10.1,13.3,8,5.3,74.9,fair,1.204,poor,1,0.2656,0,0.5402,1,6.32
XB-20241796,Strawberries,Port Harcourt,Abuja,4.82,7.04,9.07,7.4,2364.2,1802131.0,620.5,13.73,3.57,17.3,36,0.481,1,9.8,13.8,8,5.8,85.3,fair,0.509,excellent,0,0.4489,0,0.0954,0,2.76
XB-20241797,Tomatoes,Kaduna,Onitsha,10.52,7.44,6.14,6.79,3458.0,1113908.0,661.3,13.09,0.97,14.06,72,0.195,1,27.2,32.6,25,7.6,85.0,good,0.0,good,0,0.2181,0,0.2509,0,4.01
XB-20241798,Fresh Fish,Kaduna,Jos,10.52,7.44,9.92,8.89,3694.9,1998982.0,224.2,5.89,1.36,7.25,24,0.302,1,4.9,8.5,4,4.5,69.6,poor,2.854,excellent,0,0.2402,0,0.2272,0,3.82
XB-20241799,Leafy Greens,Onitsha,Jos,6.14,6.79,9.92,8.89,653.7,168569.0,588.6,15.06,1.43,16.49,48,0.343,1,11.5,19.0,10,9.0,78.2,poor,1.062,fair,0,0.5972,1,0.5882,1,6.71
XB-20241800,Tomatoes,Kaduna,Jos,10.52,7.44,9.92,8.89,883.3,308779.0,256.4,3.97,0.34,4.31,72,0.06,0,26.1,33.7,25,8.7,75.4,fair,0.508,fair,0,0.6831,1,0.6196,0,6.96
XB-20241801,Tomatoes,Abuja,Ibadan,9.07,7.4,7.38,3.93,3202.6,1089533.0,679.1,11.21,1.24,12.45,72,0.173,0,32.5,39.4,25,14.4,65.7,poor,2.217,good,0,0.5559,1,0.4301,0,5.44
XB-20241802,Mangoes,Port Harcourt,Ibadan,4.82,7.04,7.38,3.93,1258.3,227955.0,685.4,13.13,0.59,13.72,96,0.143,0,30.7,33.0,20,13.0,56.7,good,0.0,good,0,0.4403,1,0.3057,0,4.45
XB-20241803,Peppers,Ibadan,Onitsha,7.38,3.93,6.14,6.79,1213.5,203945.0,520.6,13.14,7.2,20.34,96,0.212,0,32.3,36.4,22,14.4,72.7,fair,1.434,fair,0,0.5234,1,0.4374,0,5.5
XB-20241804,Peppers,Abuja,Ibadan,9.07,7.4,7.38,3.93,2305.8,423547.0,666.2,13.33,0.11,13.44,96,0.14,0,27.3,32.4,22,10.4,64.1,good,0.0,excellent,0,0.4991,1,0.2251,0,3.8
XB-20241805,Dairy,Jos,Port Harcourt,9.92,8.89,4.82,7.04,995.4,450195.0,829.7,12.83,0.08,12.91,48,0.269,0,29.2,35.5,6,29.5,75.0,fair,1.358,good,1,0.613,1,0.4663,0,5.73
XB-20241806,Tomatoes,Lagos,Enugu,6.52,3.38,6.44,7.5,1278.6,414360.0,685.9,11.24,0.09,11.32,72,0.157,1,25.5,30.7,25,5.7,55.7,fair,0.894,fair,2,0.02,0,0.3174,0,4.54
XB-20241807,Strawberries,Port Harcourt,Lagos,4.82,7.04,6.52,3.38,4991.5,4287848.0,552.3,9.84,0.52,10.36,36,0.288,0,39.6,43.0,8,35.0,73.1,good,0.0,good,0,0.393,0,0.4081,0,5.26
XB-20241808,Mangoes,Onitsha,Zaria,6.14,6.79,11.08,7.71,2589.7,501433.0,802.7,16.1,2.52,18.62,96,0.194,1,19.2,23.3,20,3.3,87.7,poor,1.747,excellent,0,0.4627,1,0.2058,0,3.65
XB-20241809,Strawberries,Jos,Onitsha,9.92,8.89,6.14,6.79,2389.5,1809968.0,588.0,9.47,0.08,9.55,36,0.265,0,34.4,39.2,8,31.2,81.8,poor,1.646,good,0,0.5971,1,0.3821,0,5.06
XB-20241810,Peppers,Zaria,Enugu,11.08,7.71,6.44,7.5,607.6,113020.0,622.6,13.38,3.16,16.54,96,0.172,0,28.7,30.8,22,8.8,81.0,fair,0.788,good,0,0.4271,0,0.258,0,4.06
XB-20241811,Tomatoes,Zaria,Lagos,11.08,7.71,6.52,3.38,2488.8,897406.0,973.4,27.49,1.46,28.94,72,0.402,0,31.1,38.4,25,13.4,70.2,fair,0.624,excellent,0,0.589,1,0.2632,0,4.11
XB-20241812,Leafy Greens,Lagos,Port Harcourt,6.52,3.38,4.82,7.04,1308.5,356766.0,659.9,15.15,1.22,16.37,48,0.341,1,10.1,17.7,10,7.7,78.1,fair,0.691,good,1,0.4679,1,0.4006,0,5.2
XB-20241813,Mangoes,Port Harcourt,Ibadan,4.82,7.04,7.38,3.93,2947.3,568361.0,582.7,10.38,1.6,11.98,96,0.125,1,21.7,29.3,20,9.3,59.9,poor,2.086,good,1,0.4098,0,0.272,0,4.18
XB-20241814,Dairy,Kano,Jos,12.0,8.52,9.92,8.89,3024.5,1323110.0,296.6,5.58,0.15,5.74,48,0.12,0,28.5,32.8,6,26.8,70.4,good,0.0,excellent,0,0.3136,0,0.1374,0,3.1
XB-20241815,Strawberries,Abuja,Ibadan,9.07,7.4,7.38,3.93,4502.3,3370893.0,576.7,11.7,1.5,13.2,36,0.367,0,29.2,35.7,8,27.7,74.0,poor,2.372,excellent,0,0.7997,1,0.4435,0,5.55
XB-20241816,Dairy,Zaria,Ibadan,11.08,7.71,7.38,3.93,4872.9,2152447.0,901.4,13.98,0.71,14.69,48,0.306,1,4.7,10.8,6,4.8,73.4,poor,1.582,fair,2,0.3629,0,0.4893,0,5.91
XB-20241817,Dairy,Abuja,Lagos,9.07,7.4,6.52,3.38,3343.8,1339549.0,653.8,11.57,0.98,12.54,48,0.261,0,32.4,38.9,6,32.9,89.5,poor,1.812,good,0,0.591,0,0.4183,0,5.35
XB-20241818,Peppers,Port Harcourt,Lagos,4.82,7.04,6.52,3.38,2981.0,549478.0,664.8,18.6,0.13,18.73,96,0.195,0,31.3,34.0,22,12.0,88.9,good,0.0,fair,1,0.5079,1,0.6112,1,6.89
XB-20241819,Tomatoes,Port Harcourt,Abuja,4.82,7.04,9.07,7.4,2470.0,836415.0,605.1,9.51,1.0,10.5,72,0.146,1,25.6,31.6,25,6.6,75.8,poor,2.657,good,0,0.3162,0,0.3572,0,4.86
XB-20241820,Tomatoes,Jos,Zaria,9.92,8.89,11.08,7.71,4019.3,1391295.0,231.5,4.7,0.1,4.8,72,0.067,1,24.8,27.6,25,2.6,67.4,good,0.0,excellent,0,0.02,0,0.0855,0,2.68
XB-20241821,Tomatoes,Zaria,Kaduna,11.08,7.71,10.52,7.44,3830.7,1310489.0,95.0,1.88,1.05,2.94,72,0.041,0,29.5,37.1,25,12.1,75.8,poor,2.146,fair,2,0.6138,1,0.7336,1,7.87
XB-20241822,Tomatoes,Jos,Kano,9.92,8.89,12.0,8.52,2313.3,884113.0,350.9,6.04,1.9,7.94,72,0.11,0,26.9,34.3,25,9.3,84.4,poor,1.866,excellent,0,0.6131,1,0.3628,0,4.9
XB-20241823,Tomatoes,Zaria,Abuja,11.08,7.71,9.07,7.4,2927.1,1027348.0,294.3,7.03,0.4,7.44,72,0.103,0,27.2,33.9,25,8.9,74.5,poor,2.995,fair,0,0.3952,1,0.3903,0,5.12
XB-20241824,Peppers,Enugu,Zaria,6.44,7.5,11.08,7.71,2862.9,557364.0,676.8,17.28,0.41,17.69,96,0.184,0,32.1,36.4,22,14.4,72.3,poor,1.33,good,0,0.6733,1,0.4835,0,5.87
XB-20241825,Tomatoes,Port Harcourt,Jos,4.82,7.04,9.92,8.89,2109.7,730984.0,762.2,12.9,1.08,13.98,72,0.194,1,26.8,33.1,25,8.1,78.9,good,0.0,fair,1,0.3091,0,0.4629,1,5.7
XB-20241826,Strawberries,Ibadan,Kaduna,7.38,3.93,10.52,7.44,1046.4,839850.0,826.9,17.85,1.01,18.86,36,0.524,1,12.0,16.2,8,8.2,70.3,good,0.0,fair,1,0.5447,1,0.5206,0,6.16
XB-20241827,Tomatoes,Kano,Enugu,12.0,8.52,6.44,7.5,1129.7,421479.0,796.4,17.21,1.6,18.8,72,0.261,1,29.0,34.8,25,9.8,77.3,poor,2.032,poor,1,0.4047,0,0.5743,0,6.59
XB-20241828,Fresh Fish,Enugu,Lagos,6.44,7.5,6.52,3.38,4012.8,2404565.0,660.0,13.26,0.85,14.1,24,0.588,1,3.9,9.3,4,5.3,60.5,fair,1.404,poor,1,0.5173,1,0.6941,1,7.55
XB-20241829,Tomatoes,Enugu,Jos,6.44,7.5,9.92,8.89,4768.8,1791758.0,616.0,13.59,1.94,15.54,72,0.216,1,28.3,32.4,25,7.4,62.5,poor,1.062,good,0,0.2722,0,0.3295,0,4.64
XB-20241830,Dairy,Kaduna,Lagos,10.52,7.44,6.52,3.38,3356.1,1510549.0,828.1,19.13,1.52,20.65,48,0.43,0,29.7,36.6,6,30.6,55.1,fair,1.114,good,0,0.645,1,0.3677,0,4.94
XB-20241831,Peppers,Kaduna,Enugu,10.52,7.44,6.44,7.5,2010.2,394200.0,630.5,16.97,2.25,19.21,96,0.2,1,23.0,29.9,22,7.9,72.3,fair,1.464,good,1,0.3369,0,0.2933,0,4.35
XB-20241832,Dairy,Ibadan,Zaria,7.38,3.93,11.08,7.71,2804.0,1217516.0,863.9,24.06,0.2,24.26,48,0.505,1,5.6,10.8,6,4.8,59.2,poor,2.709,poor,0,0.4022,0,0.5257,0,6.21
XB-20241833,Fresh Fish,Kaduna,Kano,10.52,7.44,12.0,8.52,769.0,499647.0,277.0,7.52,0.16,7.68,24,0.32,0,30.0,32.2,4,28.2,55.8,fair,1.497,poor,1,0.5802,1,0.606,1,6.85
XB-20241834,Mangoes,Kano,Zaria,12.0,8.52,11.08,7.71,3992.3,812074.0,198.3,3.99,1.68,5.67,96,0.059,0,38.2,45.4,20,25.4,77.7,fair,1.114,good,0,0.6096,1,0.3407,0,4.73
XB-20241835,Dairy,Onitsha,Port Harcourt,6.14,6.79,4.82,7.04,1834.6,720110.0,222.0,4.93,0.74,5.67,48,0.118,1,6.7,13.5,6,7.5,78.7,good,0.0,excellent,0,0.2653,0,0.0839,0,2.67
XB-20241836,Tomatoes,Kaduna,Port Harcourt,10.52,7.44,4.82,7.04,3946.8,1389294.0,824.7,21.35,4.07,25.42,72,0.353,0,29.6,33.3,25,8.3,65.5,good,0.0,fair,0,0.4761,0,0.3697,0,4.96
XB-20241837,Strawberries,Zaria,Kaduna,11.08,7.71,10.52,7.44,1596.8,1248784.0,100.5,1.93,4.41,6.34,36,0.176,0,33.1,35.1,8,27.1,86.5,fair,0.815,fair,2,0.7457,1,0.671,0,7.37
XB-20241838,Fresh Fish,Port Harcourt,Enugu,4.82,7.04,6.44,7.5,903.1,543867.0,286.2,4.57,0.2,4.77,24,0.199,0,36.0,43.8,4,39.8,64.0,poor,2.242,good,0,0.574,0,0.4297,0,5.44
XB-20241839,Strawberries,Port Harcourt,Enugu,4.82,7.04,6.44,7.5,2067.3,1522841.0,256.2,4.21,3.84,8.05,36,0.224,0,32.3,37.6,8,29.6,63.4,fair,0.601,good,0,0.5908,1,0.4086,0,5.27
XB-20241840,Dairy,Port Harcourt,Kaduna,4.82,7.04,10.52,7.44,486.2,196859.0,999.3,22.98,0.81,23.79,48,0.496,0,25.5,28.3,6,22.3,81.2,good,0.0,excellent,0,0.6384,1,0.2109,0,3.69
XB-20241841,Peppers,Kano,Jos,12.0,8.52,9.92,8.89,318.9,60023.0,287.2,4.49,0.95,5.44,96,0.057,1,24.4,26.4,22,4.4,87.8,poor,2.083,excellent,0,0.342,0,0.1724,0,3.38
XB-20241842,Mangoes,Abuja,Jos,9.07,7.4,9.92,8.89,3433.2,697904.0,250.5,6.96,0.1,7.05,96,0.073,1,18.8,22.0,20,2.0,88.6,fair,1.121,good,0,0.1005,0,0.1022,0,2.82
XB-20241843,Leafy Greens,Ibadan,Zaria,7.38,3.93,11.08,7.71,1728.3,527140.0,766.0,12.48,0.4,12.88,48,0.268,0,43.9,51.8,10,41.8,80.1,poor,2.38,poor,2,0.6411,1,0.766,1,8.13
XB-20241844,Peppers,Zaria,Kaduna,11.08,7.71,10.52,7.44,4812.3,811750.0,87.3,2.28,1.38,3.66,96,0.038,1,24.4,27.3,22,5.3,83.8,fair,1.487,fair,1,0.112,0,0.2556,0,4.05
XB-20241845,Leafy Greens,Zaria,Kaduna,11.08,7.71,10.52,7.44,1579.8,399277.0,88.8,1.41,0.56,1.97,48,0.041,0,33.8,37.2,10,27.2,65.7,good,0.0,good,0,0.3527,0,0.3376,0,4.7
XB-20241846,Fresh Fish,Abuja,Ibadan,9.07,7.4,7.38,3.93,508.0,278569.0,542.3,10.26,0.43,10.69,24,0.445,1,3.2,9.5,4,5.5,73.7,poor,2.946,good,0,0.3031,0,0.1866,0,3.49
XB-20241847,Dairy,Kano,Zaria,12.0,8.52,11.08,7.71,3078.4,1207217.0,168.6,4.7,0.52,5.21,48,0.109,0,35.2,39.0,6,33.0,85.9,fair,1.154,good,0,0.5205,1,0.3513,0,4.81
XB-20241848,Leafy Greens,Jos,Abuja,9.92,8.89,9.07,7.4,2010.4,610678.0,299.4,4.64,0.76,5.4,48,0.112,0,31.6,35.8,10,25.8,57.3,fair,1.427,good,0,0.5346,0,0.4203,0,5.36
XB-20241849,Tomatoes,Ibadan,Abuja,7.38,3.93,9.07,7.4,1255.7,396359.0,544.2,9.82,0.18,10.0,72,0.139,1,27.5,33.2,25,8.2,61.8,fair,1.208,good,0,0.4117,0,0.2631,0,4.1
XB-20241850,Tomatoes,Jos,Ibadan,9.92,8.89,7.38,3.93,972.1,370383.0,921.9,19.18,1.43,20.62,72,0.286,1,27.5,32.5,25,7.5,86.3,poor,1.155,fair,1,0.4685,1,0.4957,0,5.97
XB-20241851,Fresh Fish,Kaduna,Zaria,10.52,7.44,11.08,7.71,3938.1,2353621.0,90.0,2.42,2.27,4.69,24,0.195,1,4.0,9.8,4,5.8,82.4,good,0.0,fair,3,0.2228,0,0.4668,0,5.73
XB-20241852,Mangoes,Abuja,Port Harcourt,9.07,7.4,4.82,7.04,4180.7,755959.0,719.8,14.84,2.23,17.07,96,0.178,1,19.9,22.8,20,2.8,80.1,good,0.0,good,3,0.3102,0,0.4056,0,5.24
XB-20241853,Leafy Greens,Onitsha,Lagos,6.14,6.79,6.52,3.38,899.4,259522.0,506.2,14.3,0.78,15.09,48,0.314,1,11.0,16.6,10,6.6,76.6,fair,1.345,poor,1,0.4531,0,0.5984,1,6.79
XB-20241854,Tomatoes,Port Harcourt,Enugu,4.82,7.04,6.44,7.5,3507.1,1223848.0,281.3,5.53,4.24,9.77,72,0.136,1,25.0,29.0,25,4.0,89.3,fair,1.429,poor,0,0.3473,0,0.4327,0,5.46
XB-20241855,Tomatoes,Kaduna,Abuja,10.52,7.44,9.07,7.4,1989.5,693617.0,198.3,4.32,0.63,4.95,72,0.069,0,35.0,38.6,25,13.6,68.1,fair,1.411,fair,3,0.3026,0,0.5027,0,6.02
XB-20241856,Peppers,Lagos,Onitsha,6.52,3.38,6.14,6.79,1693.4,295858.0,509.3,8.62,1.38,9.99,96,0.104,0,31.5,37.5,22,15.5,81.9,fair,0.73,good,0,0.5315,0,0.2795,0,4.24
XB-20241857,Leafy Greens,Jos,Kano,9.92,8.89,12.0,8.52,3148.6,899935.0,372.6,8.14,4.16,12.29,48,0.256,0,30.9,35.0,10,25.0,59.8,fair,1.108,excellent,0,0.6193,1,0.3681,0,4.94
XB-20241858,Strawberries,Port Harcourt,Enugu,4.82,7.04,6.44,7.5,3460.2,2688514.0,243.2,5.91,0.34,6.25,36,0.174,0,25.7,31.6,8,23.6,77.8,fair,0.629,good,0,0.4837,0,0.2925,0,4.34
XB-20241859,Fresh Fish,Onitsha,Kano,6.14,6.79,12.0,8.52,3397.4,2159728.0,954.8,17.93,2.15,20.09,24,0.837,1,6.9,14.1,4,10.1,60.1,fair,1.184,excellent,0,0.5382,0,0.4007,0,5.21
XB-20241860,Tomatoes,Ibadan,Port Harcourt,7.38,3.93,4.82,7.04,3282.2,1059641.0,557.3,9.29,0.23,9.52,72,0.132,0,31.8,35.4,25,10.4,85.4,fair,0.705,excellent,0,0.5406,1,0.2955,0,4.36
XB-20241861,Leafy Greens,Kaduna,Kano,10.52,7.44,12.0,8.52,2393.1,608007.0,254.2,7.02,1.61,8.63,48,0.18,0,33.7,36.0,10,26.0,60.8,poor,1.797,fair,1,0.5769,0,0.5397,0,6.32
XB-20241862,Leafy Greens,Kaduna,Port Harcourt,10.52,7.44,4.82,7.04,2188.5,591954.0,815.5,15.52,1.1,16.62,48,0.346,1,11.3,16.7,10,6.7,74.7,poor,1.063,good,1,0.2682,0,0.4077,0,5.26
XB-20241863,Peppers,Lagos,Zaria,6.52,3.38,11.08,7.71,2237.6,363620.0,1081.4,17.93,4.6,22.53,96,0.235,1,25.8,31.4,22,9.4,84.5,good,0.0,good,3,0.5207,0,0.5896,0,6.72
XB-20241864,Tomatoes,Jos,Port Harcourt,9.92,8.89,4.82,7.04,368.3,138307.0,737.0,16.6,0.69,17.29,72,0.24,0,41.4,43.5,25,18.5,59.4,fair,1.464,fair,0,0.5694,1,0.4858,0,5.89
XB-20241865,Mangoes,Ibadan,Zaria,7.38,3.93,11.08,7.71,2239.3,477420.0,869.1,13.81,0.03,13.84,96,0.144,1,18.7,23.5,20,3.5,83.3,poor,1.836,fair,1,0.3243,0,0.5239,1,6.19
XB-20241866,Peppers,Kano,Ibadan,12.0,8.52,7.38,3.93,3897.9,650186.0,935.1,20.9,0.41,21.31,96,0.222,1,25.5,27.6,22,5.6,55.6,poor,1.734,good,0,0.2593,0,0.1409,0,3.13
XB-20241867,Mangoes,Port Harcourt,Jos,4.82,7.04,9.92,8.89,2020.6,426821.0,733.4,18.79,0.55,19.34,96,0.201,0,41.8,48.1,20,28.1,71.9,good,0.0,fair,0,0.4864,0,0.3611,0,4.89
XB-20241868,Strawberries,Zaria,Onitsha,11.08,7.71,6.14,6.79,1433.0,1244575.0,777.9,18.45,0.19,18.64,36,0.518,1,8.3,15.9,8,7.9,64.0,fair,1.234,good,1,0.4525,1,0.3365,0,4.69
XB-20241869,Mangoes,Abuja,Zaria,9.07,7.4,11.08,7.71,4683.1,1022004.0,298.0,5.68,0.11,5.79,96,0.06,0,25.8,30.7,20,10.7,62.0,poor,1.161,poor,0,0.57,1,0.5995,0,6.8
XB-20241870,Mangoes,Kano,Enugu,12.0,8.52,6.44,7.5,680.6,137237.0,995.3,25.54,3.31,28.85,96,0.301,0,30.8,37.2,20,17.2,73.0,good,0.0,excellent,0,0.3901,0,0.2938,0,4.35
XB-20241871,Leafy Greens,Ibadan,Port Harcourt,7.38,3.93,4.82,7.04,3422.8,1007713.0,538.0,10.76,0.37,11.13,48,0.232,0,31.1,35.0,10,25.0,65.2,fair,0.707,poor,1,0.4628,0,0.5709,1,6.57
XB-20241872,Peppers,Zaria,Kano,11.08,7.71,12.0,8.52,2044.8,343719.0,213.4,3.36,0.57,3.93,96,0.041,0,32.3,39.9,22,17.9,84.6,fair,0.93,excellent,0,0.6406,1,0.4709,1,5.77
XB-20241873,Tomatoes,Port Harcourt,Ibadan,4.82,7.04,7.38,3.93,3075.2,999338.0,647.4,17.39,1.36,18.75,72,0.26,0,36.2,40.1,25,15.1,56.5,fair,1.469,fair,0,0.5444,1,0.5361,1,6.29
XB-20241874,Mangoes,Lagos,Ibadan,6.52,3.38,7.38,3.93,1434.7,306518.0,141.6,2.58,0.89,3.47,96,0.036,1,19.9,22.2,20,2.2,72.8,poor,1.571,fair,1,0.1023,0,0.3422,0,4.74
XB-20241875,Leafy Greens,Port Harcourt,Lagos,4.82,7.04,6.52,3.38,4224.3,1237181.0,637.6,12.53,1.1,13.63,48,0.284,1,11.1,16.0,10,6.0,83.7,good,0.0,fair,1,0.3394,0,0.3957,0,5.17
XB-20241876,Peppers,Enugu,Onitsha,6.44,7.5,6.14,6.79,3619.2,697834.0,116.3,2.14,1.75,3.89,96,0.041,0,35.2,38.0,22,16.0,73.0,good,0.0,good,3,0.3688,0,0.4142,0,5.31
XB-20241877,Strawberries,Lagos,Kano,6.52,3.38,12.0,8.52,4974.4,4207507.0,1094.5,18.04,1.35,19.39,36,0.539,1,7.5,14.7,8,6.7,88.7,poor,1.228,poor,3,0.5641,1,0.7259,1,7.81
XB-20241878,Dairy,Ibadan,Enugu,7.38,3.93,6.44,7.5,1503.2,616237.0,571.2,10.3,0.4,10.7,48,0.223,0,33.1,40.3,6,34.3,65.3,good,0.0,good,0,0.5179,1,0.4308,0,5.45
XB-20241879,Dairy,Abuja,Onitsha,9.07,7.4,6.14,6.79,921.5,410641.0,467.1,9.79,0.31,10.09,48,0.21,1,4.8,8.3,6,2.3,87.1,good,0.0,excellent,0,0.2579,0,0.1532,0,3.23
XB-20241880,Fresh Fish,Lagos,Kaduna,6.52,3.38,10.52,7.44,1860.7,1074733.0,901.0,23.41,0.1,23.52,24,0.98,1,2.1,8.2,4,4.2,83.4,fair,1.231,fair,1,0.4041,0,0.5022,0,6.02
XB-20241881,Tomatoes,Abuja,Kaduna,9.07,7.4,10.52,7.44,3465.7,1097547.0,217.8,3.74,0.36,4.09,72,0.057,0,29.7,33.9,25,8.9,84.1,fair,1.12,good,0,0.5549,1,0.3962,0,5.17
XB-20241882,Tomatoes,Kano,Kaduna,12.0,8.52,10.52,7.44,1432.7,475401.0,271.5,6.26,1.04,7.3,72,0.101,0,26.8,31.8,25,6.8,80.2,good,0.0,good,1,0.3902,0,0.3479,0,4.78
XB-20241883,Strawberries,Kaduna,Kano,10.52,7.44,12.0,8.52,1276.4,987661.0,286.4,6.05,1.35,7.4,36,0.206,0,35.5,38.0,8,30.0,74.0,good,0.0,fair,0,0.4691,0,0.3715,0,4.97
XB-20241884,Mangoes,Ibadan,Enugu,7.38,3.93,6.44,7.5,2851.1,601309.0,628.7,11.47,0.51,11.98,96,0.125,0,35.2,40.2,20,20.2,76.8,fair,0.782,fair,1,0.5172,1,0.4923,0,5.94
XB-20241885,Fresh Fish,Jos,Onitsha,9.92,8.89,6.14,6.79,764.5,440536.0,753.1,13.66,0.08,13.74,24,0.573,1,4.1,6.7,4,2.7,67.6,poor,2.227,fair,2,0.2789,0,0.4659,1,5.73
XB-20241886,Fresh Fish,Zaria,Abuja,11.08,7.71,9.07,7.4,4978.3,3150049.0,309.0,5.9,0.25,6.15,24,0.256,0,32.7,37.0,4,33.0,71.7,poor,1.176,good,0,0.5388,1,0.2301,0,3.84
XB-20241887,Tomatoes,Port Harcourt,Kano,4.82,7.04,12.0,8.52,2690.1,960109.0,1103.1,31.49,0.2,31.7,72,0.44,0,24.8,27.2,25,2.2,63.1,poor,2.083,excellent,0,0.5475,0,0.2256,0,3.81
XB-20241888,Peppers,Enugu,Abuja,6.44,7.5,9.07,7.4,4089.9,795280.0,425.5,7.91,0.61,8.52,96,0.089,1,25.3,30.1,22,8.1,89.9,poor,2.802,fair,2,0.407,0,0.5492,0,6.39
XB-20241889,Fresh Fish,Onitsha,Ibadan,6.14,6.79,7.38,3.93,3683.3,2085320.0,536.6,11.5,2.05,13.55,24,0.565,0,24.6,26.7,4,22.7,70.7,poor,2.847,good,0,0.7232,1,0.4731,0,5.79
XB-20241890,Leafy Greens,Ibadan,Enugu,7.38,3.93,6.44,7.5,1268.2,367211.0,547.6,13.63,2.27,15.9,48,0.331,0,36.4,38.4,10,28.4,90.5,poor,1.168,good,1,0.7549,1,0.5423,1,6.34
XB-20241891,Dairy,Lagos,Zaria,6.52,3.38,11.08,7.71,4767.2,1822370.0,852.2,21.18,5.31,26.48,48,0.552,1,9.5,17.2,6,11.2,91.2,fair,0.586,fair,1,0.5785,1,0.576,1,6.61
XB-20241892,Fresh Fish,Ibadan,Jos,7.38,3.93,9.92,8.89,3480.9,2171260.0,951.9,23.64,0.55,24.19,24,1.008,1,5.4,10.4,4,6.4,66.0,good,0.0,excellent,0,0.4227,0,0.1575,0,3.26
XB-20241893,Leafy Greens,Kano,Enugu,12.0,8.52,6.44,7.5,1428.0,384140.0,924.6,17.57,0.03,17.6,48,0.367,1,13.8,19.3,10,9.3,87.1,good,0.0,good,0,0.4657,0,0.3793,0,5.03
XB-20241894,Strawberries,Port Harcourt,Onitsha,4.82,7.04,6.14,6.79,2673.3,2278552.0,198.5,3.5,0.16,3.65,36,0.101,1,12.0,18.4,8,10.4,56.8,poor,2.856,good,0,0.4747,0,0.3919,0,5.14
XB-20241895,Peppers,Zaria,Port Harcourt,11.08,7.71,4.82,7.04,288.2,51130.0,979.3,22.67,3.38,26.06,96,0.271,0,35.2,39.7,22,17.7,66.5,good,0.0,fair,0,0.5966,1,0.4599,0,5.68
XB-20241896,Fresh Fish,Port Harcourt,Zaria,4.82,7.04,11.08,7.71,558.6,307556.0,1100.0,17.77,3.13,20.9,24,0.871,1,5.9,12.7,4,8.7,82.1,fair,0.732,good,1,0.6108,1,0.5063,0,6.05
XB-20241897,Leafy Greens,Port Harcourt,Ibadan,4.82,7.04,7.38,3.93,3369.6,873613.0,679.5,14.5,3.23,17.73,48,0.369,1,9.9,13.2,10,3.2,80.4,poor,2.467,fair,1,0.2926,0,0.3559,0,4.85
XB-20241898,Strawberries,Port Harcourt,Onitsha,4.82,7.04,6.14,6.79,2923.7,2248851.0,204.1,3.31,1.14,4.46,36,0.124,0,36.9,43.5,8,35.5,71.2,fair,1.148,good,0,0.5896,1,0.3524,0,4.82
XB-20241899,Fresh Fish,Onitsha,Enugu,6.14,6.79,6.44,7.5,1541.2,848059.0,125.5,2.2,1.42,3.62,24,0.151,0,35.8,38.3,4,34.3,84.9,good,0.0,good,0,0.5387,1,0.4679,0,5.74
XB-20241900,Strawberries,Jos,Kaduna,9.92,8.89,10.52,7.44,4186.6,3557131.0,208.2,3.31,0.73,4.04,36,0.112,0,31.7,39.5,8,31.5,91.4,poor,1.908,good,0,0.648,1,0.3128,0,4.5
XB-20241901,Mangoes,Zaria,Jos,11.08,7.71,9.92,8.89,1591.7,300649.0,287.0,4.42,2.22,6.64,96,0.069,1,22.2,26.0,20,6.0,63.2,poor,2.359,good,1,0.259,0,0.2774,0,4.22
XB-20241902,Leafy Greens,Enugu,Abuja,6.44,7.5,9.07,7.4,3378.5,864547.0,412.2,8.12,2.08,10.2,48,0.212,1,9.9,15.5,10,5.5,79.3,fair,0.519,excellent,0,0.4698,0,0.3145,0,4.52
XB-20241903,Fresh Fish,Onitsha,Zaria,6.14,6.79,11.08,7.71,4449.7,2638242.0,716.7,14.3,1.51,15.81,24,0.659,1,6.2,8.9,4,4.9,74.3,fair,1.057,excellent,0,0.3372,0,0.2,0,3.6
XB-20241904,Leafy Greens,Abuja,Enugu,9.07,7.4,6.44,7.5,314.3,87681.0,467.6,10.85,2.02,12.87,48,0.268,0,33.1,39.1,10,29.1,89.3,fair,1.411,good,1,0.5603,0,0.5067,1,6.05
XB-20241905,Strawberries,Enugu,Kano,6.44,7.5,12.0,8.52,1343.9,1049515.0,907.7,18.25,0.53,18.78,36,0.522,0,28.2,35.4,8,27.4,72.8,fair,1.122,excellent,0,0.4222,0,0.2375,0,3.9
XB-20241906,Dairy,Enugu,Ibadan,6.44,7.5,7.38,3.93,2376.6,1028589.0,495.6,12.34,0.04,12.38,48,0.258,0,28.4,32.7,6,26.7,70.7,poor,2.731,excellent,0,0.5721,1,0.2308,0,3.85
XB-20241907,Fresh Fish,Kaduna,Jos,10.52,7.44,9.92,8.89,3788.7,2416228.0,258.9,4.22,3.88,8.1,24,0.338,0,37.6,39.7,4,35.7,76.2,fair,1.462,poor,1,0.7519,1,0.6939,1,7.55
XB-20241908,Tomatoes,Jos,Enugu,9.92,8.89,6.44,7.5,2986.8,1138729.0,620.0,10.33,5.52,15.85,72,0.22,0,32.1,36.2,25,11.2,71.6,poor,2.835,good,0,0.7078,1,0.324,0,4.59
XB-20241909,Fresh Fish,Lagos,Kano,6.52,3.38,12.0,8.52,2559.0,1637568.0,1293.7,22.71,0.6,23.31,24,0.971,0,32.3,34.4,4,30.4,69.7,poor,2.275,good,0,0.7656,1,0.4033,0,5.23
XB-20241910,Peppers,Lagos,Enugu,6.52,3.38,6.44,7.5,366.2,62856.0,655.7,16.11,1.16,17.27,96,0.18,0,31.3,33.9,22,11.9,65.9,poor,2.954,good,0,0.6751,1,0.2845,0,4.28
XB-20241911,Leafy Greens,Lagos,Kano,6.52,3.38,12.0,8.52,4676.5,1214545.0,1030.3,18.35,0.86,19.21,48,0.4,1,10.7,16.2,10,6.2,71.4,good,0.0,good,0,0.2484,0,0.2511,0,4.01
XB-20241912,Tomatoes,Lagos,Kaduna,6.52,3.38,10.52,7.44,2797.8,1022000.0,869.7,14.77,1.65,16.42,72,0.228,1,26.4,31.5,25,6.5,56.7,poor,2.912,fair,0,0.3696,0,0.4653,1,5.72
XB-20241913,Tomatoes,Zaria,Port Harcourt,11.08,7.71,4.82,7.04,2681.1,911311.0,1052.2,23.23,0.46,23.69,72,0.329,0,26.2,29.4,25,4.4,55.5,good,0.0,good,0,0.222,0,0.1609,0,3.29
XB-20241914,Peppers,Ibadan,Kaduna,7.38,3.93,10.52,7.44,2239.8,366476.0,630.7,14.07,3.27,17.34,96,0.181,1,25.1,32.1,22,10.1,87.0,good,0.0,excellent,0,0.3924,0,0.152,0,3.22
XB-20241915,Dairy,Jos,Port Harcourt,9.92,8.89,4.82,7.04,1618.0,726783.0,963.0,19.09,1.56,20.65,48,0.43,1,5.9,12.2,6,6.2,90.3,fair,1.008,excellent,0,0.5202,1,0.2405,0,3.92
XB-20241916,Strawberries,Onitsha,Abuja,6.14,6.79,9.07,7.4,2047.3,1773918.0,428.1,9.3,1.11,10.41,36,0.289,1,9.4,14.0,8,6.0,90.0,poor,2.319,poor,2,0.3898,0,0.5871,1,6.7
XB-20241917,Strawberries,Jos,Lagos,9.92,8.89,6.52,3.38,1055.4,781266.0,1029.2,28.35,0.53,28.88,36,0.802,0,37.8,45.2,8,37.2,64.3,fair,1.324,fair,0,0.697,1,0.4923,0,5.94
XB-20241918,Tomatoes,Enugu,Ibadan,6.44,7.5,7.38,3.93,2887.5,959049.0,519.5,13.17,0.39,13.55,72,0.188,1,25.3,27.8,25,2.8,74.8,poor,2.148,poor,0,0.2404,0,0.6248,1,7.0
XB-20241919,Dairy,Abuja,Enugu,9.07,7.4,6.44,7.5,828.0,316730.0,389.2,8.98,3.95,12.93,48,0.269,0,36.5,42.2,6,36.2,67.3,good,0.0,fair,1,0.5046,1,0.5178,1,6.14
XB-20241920,Mangoes,Port Harcourt,Lagos,4.82,7.04,6.52,3.38,3874.5,835893.0,626.4,16.92,0.35,17.28,96,0.18,0,42.0,44.4,20,24.4,86.4,poor,2.387,poor,0,0.6172,1,0.547,0,6.38
XB-20241921,Tomatoes,Abuja,Onitsha,9.07,7.4,6.14,6.79,623.0,221526.0,502.1,8.21,0.82,9.03,72,0.125,0,34.8,37.2,25,12.2,70.2,fair,0.922,good,0,0.4788,1,0.2726,0,4.18
XB-20241922,Peppers,Kaduna,Abuja,10.52,7.44,9.07,7.4,4079.2,760821.0,230.6,3.75,1.97,5.72,96,0.06,0,35.9,40.2,22,18.2,82.4,good,0.0,poor,1,0.5712,1,0.7105,1,7.68
XB-20241923,Strawberries,Enugu,Kano,6.44,7.5,12.0,8.52,1415.9,1056015.0,791.4,15.96,0.15,16.1,36,0.447,0,30.4,35.1,8,27.1,55.1,poor,1.986,good,1,0.7226,1,0.4145,0,5.32
XB-20241924,Dairy,Enugu,Kaduna,6.44,7.5,10.52,7.44,1184.9,529759.0,615.2,12.91,0.88,13.79,48,0.287,0,32.6,39.5,6,33.5,62.2,fair,0.673,fair,1,0.5579,1,0.5269,0,6.22
XB-20241925,Dairy,Jos,Kano,9.92,8.89,12.0,8.52,4629.9,1823067.0,363.4,8.84,1.37,10.21,48,0.213,0,27.9,30.8,6,24.8,59.3,poor,2.309,poor,0,0.7197,1,0.6437,1,7.15
XB-20241926,Strawberries,Enugu,Jos,6.44,7.5,9.92,8.89,945.8,784373.0,651.8,11.07,0.07,11.14,36,0.309,0,32.3,36.7,8,28.7,63.2,fair,1.282,fair,0,0.508,1,0.5063,0,6.05
XB-20241927,Dairy,Abuja,Onitsha,9.07,7.4,6.14,6.79,1000.0,427102.0,465.5,13.11,0.33,13.43,48,0.28,1,6.8,11.2,6,5.2,68.7,poor,2.35,poor,1,0.2132,0,0.5287,1,6.23
XB-20241928,Leafy Greens,Zaria,Onitsha,11.08,7.71,6.14,6.79,4437.6,1219996.0,690.8,12.42,2.93,15.35,48,0.32,1,9.0,14.7,10,4.7,64.3,fair,0.817,good,0,0.3484,0,0.245,0,3.96
XB-20241929,Fresh Fish,Enugu,Onitsha,6.44,7.5,6.14,6.79,713.2,465850.0,110.3,2.26,1.22,3.49,24,0.145,1,6.2,9.0,4,5.0,76.1,fair,0.502,fair,0,0.1707,0,0.3145,0,4.52
XB-20241930,Leafy Greens,Onitsha,Zaria,6.14,6.79,11.08,7.71,2792.7,750069.0,819.7,14.9,1.2,16.09,48,0.335,0,31.5,36.3,10,26.3,62.1,fair,1.354,poor,2,0.4702,1,0.5773,0,6.62
XB-20241931,Tomatoes,Onitsha,Port Harcourt,6.14,6.79,4.82,7.04,1332.9,434476.0,208.5,4.96,0.39,5.35,72,0.074,0,34.3,37.4,25,12.4,77.4,fair,0.696,good,1,0.389,0,0.3915,0,5.13
XB-20241932,Leafy Greens,Kaduna,Kano,10.52,7.44,12.0,8.52,2500.1,769500.0,316.6,7.02,0.14,7.15,48,0.149,0,33.3,38.5,10,28.5,58.5,fair,1.444,fair,0,0.4902,0,0.2727,0,4.18
XB-20241933,Dairy,Kaduna,Onitsha,10.52,7.44,6.14,6.79,4688.2,2004410.0,753.8,13.09,0.41,13.5,48,0.281,0,41.8,49.6,6,43.6,86.3,fair,1.165,fair,0,0.4571,0,0.4701,0,5.76
XB-20241934,Leafy Greens,Zaria,Ibadan,11.08,7.71,7.38,3.93,4750.1,1200537.0,915.2,14.18,2.54,16.72,48,0.348,1,13.2,18.1,10,8.1,56.9,poor,2.034,good,0,0.3606,0,0.2597,0,4.08
XB-20241935,Tomatoes,Jos,Kano,9.92,8.89,12.0,8.52,4526.2,1514585.0,370.9,9.94,1.47,11.41,72,0.158,1,26.7,32.3,25,7.3,56.5,fair,0.936,good,1,0.4207,0,0.3736,0,4.99
XB-20241936,Dairy,Zaria,Kaduna,11.08,7.71,10.52,7.44,1695.4,664036.0,83.9,1.81,0.51,2.32,48,0.048,0,33.6,36.7,6,30.7,88.3,good,0.0,good,0,0.4858,1,0.2191,0,3.75
XB-20241937,Dairy,Enugu,Kano,6.44,7.5,12.0,8.52,4210.3,1605453.0,967.4,17.77,0.17,17.94,48,0.374,1,6.0,9.0,6,3.0,75.6,fair,1.293,fair,1,0.0891,0,0.2312,0,3.85
XB-20241938,Fresh Fish,Enugu,Zaria,6.44,7.5,11.08,7.71,4541.5,2773904.0,763.3,13.3,0.85,14.15,24,0.589,1,6.4,9.0,4,5.0,83.3,good,0.0,poor,1,0.3489,0,0.5949,1,6.76
XB-20241939,Tomatoes,Zaria,Onitsha,11.08,7.71,6.14,6.79,1044.0,344995.0,796.8,21.24,0.9,22.14,72,0.308,0,33.2,37.0,25,12.0,72.6,good,0.0,excellent,0,0.4671,1,0.1333,0,3.07
XB-20241940,Strawberries,Abuja,Zaria,9.07,7.4,11.08,7.71,1463.0,1224722.0,337.7,6.53,2.03,8.57,36,0.238,1,10.8,17.9,8,9.9,67.7,poor,1.603,poor,1,0.4121,0,0.5019,0,6.02
XB-20241941,Strawberries,Port Harcourt,Zaria,4.82,7.04,11.08,7.71,1819.2,1594467.0,874.2,20.16,4.45,24.62,36,0.684,1,6.8,8.8,8,0.8,64.6,good,0.0,fair,0,0.2802,0,0.2809,0,4.25
XB-20241942,Mangoes,Abuja,Enugu,9.07,7.4,6.44,7.5,2199.9,421487.0,378.1,6.12,0.63,6.76,96,0.07,1,22.7,26.9,20,6.9,79.1,fair,1.22,fair,1,0.4075,1,0.4828,0,5.86
XB-20241943,Dairy,Onitsha,Abuja,6.14,6.79,9.07,7.4,907.0,413050.0,524.9,13.75,1.11,14.86,48,0.31,0,40.8,43.6,6,37.6,77.7,fair,0.757,poor,4,0.6991,1,0.8001,1,8.4
XB-20241944,Fresh Fish,Abuja,Jos,9.07,7.4,9.92,8.89,4266.6,2740260.0,276.0,5.27,3.02,8.29,24,0.346,0,33.5,38.6,4,34.6,85.7,poor,2.459,fair,0,0.8601,1,0.6446,1,7.16
XB-20241945,Dairy,Port Harcourt,Lagos,4.82,7.04,6.52,3.38,4900.2,2241503.0,640.2,13.69,2.37,16.06,48,0.335,0,31.4,39.0,6,33.0,64.6,poor,2.275,fair,1,0.653,1,0.6621,1,7.3
XB-20241946,Leafy Greens,Enugu,Onitsha,6.44,7.5,6.14,6.79,4999.5,1405119.0,119.7,1.92,5.13,7.05,48,0.147,0,34.7,41.5,10,31.5,56.8,fair,1.423,poor,0,0.6937,1,0.6578,1,7.26
XB-20241947,Leafy Greens,Port Harcourt,Enugu,4.82,7.04,6.44,7.5,868.4,265949.0,276.7,5.61,0.69,6.3,48,0.131,1,11.5,19.4,10,9.4,61.4,fair,0.61,good,1,0.3219,0,0.2964,0,4.37
XB-20241948,Strawberries,Kano,Zaria,12.0,8.52,11.08,7.71,4344.3,3616981.0,207.4,4.72,0.33,5.05,36,0.14,0,34.2,38.3,8,30.3,56.6,good,0.0,good,1,0.3795,0,0.3432,0,4.75
XB-20241949,Dairy,Lagos,Kano,6.52,3.38,12.0,8.52,4658.8,1765567.0,1010.0,21.98,2.15,24.13,48,0.503,1,7.8,9.8,6,3.8,84.7,good,0.0,fair,0,0.3668,0,0.4296,0,5.44
XB-20241950,Strawberries,Abuja,Kaduna,9.07,7.4,10.52,7.44,4351.3,3443750.0,257.9,4.16,0.14,4.31,36,0.12,1,10.9,14.7,8,6.7,77.1,fair,0.51,excellent,0,0.2775,0,0.1029,0,2.82
XB-20241951,Tomatoes,Kano,Onitsha,12.0,8.52,6.14,6.79,1191.3,434948.0,997.4,26.61,2.22,28.83,72,0.4,0,25.0,31.1,25,6.1,81.2,poor,2.79,fair,1,0.6084,0,0.558,0,6.46
XB-20241952,Leafy Greens,Abuja,Enugu,9.07,7.4,6.44,7.5,2333.9,715023.0,434.5,6.78,3.53,10.32,48,0.215,1,13.1,19.5,10,9.5,81.1,fair,1.333,good,0,0.3356,0,0.366,0,4.93
XB-20241953,Dairy,Lagos,Jos,6.52,3.38,9.92,8.89,2829.8,1294067.0,869.0,15.93,3.2,19.13,48,0.399,1,9.6,11.8,6,5.8,74.2,fair,1.146,excellent,0,0.2791,0,0.1108,0,2.89
XB-20241954,Peppers,Onitsha,Lagos,6.14,6.79,6.52,3.38,3127.5,608941.0,538.6,12.81,1.7,14.5,96,0.151,0,28.9,34.3,22,12.3,81.2,fair,0.604,poor,0,0.6024,1,0.5196,1,6.16
XB-20241955,Peppers,Zaria,Ibadan,11.08,7.71,7.38,3.93,3417.6,629938.0,869.9,23.29,2.06,25.35,96,0.264,0,36.3,43.8,22,21.8,82.5,fair,0.618,poor,1,0.7041,1,0.7794,1,8.24
XB-20241956,Dairy,Ibadan,Onitsha,7.38,3.93,6.14,6.79,4082.5,1876987.0,454.6,7.44,0.59,8.03,48,0.167,0,40.7,48.3,6,42.3,91.1,fair,1.301,poor,0,0.6355,1,0.5973,1,6.78
XB-20241957,Strawberries,Kaduna,Ibadan,10.52,7.44,7.38,3.93,216.1,161592.0,761.7,12.39,0.12,12.51,36,0.347,1,10.7,14.2,8,6.2,66.5,good,0.0,fair,0,0.338,0,0.2492,0,3.99
XB-20241958,Fresh Fish,Lagos,Onitsha,6.52,3.38,6.14,6.79,2273.5,1408339.0,570.0,14.44,0.03,14.47,24,0.603,1,4.5,12.1,4,8.1,81.2,fair,0.679,fair,1,0.4401,0,0.3851,0,5.08
XB-20241959,Leafy Greens,Enugu,Onitsha,6.44,7.5,6.14,6.79,581.2,158637.0,129.5,2.38,2.21,4.59,48,0.096,0,42.3,45.8,10,35.8,75.7,good,0.0,good,2,0.325,0,0.4037,0,5.23
XB-20241960,Tomatoes,Kano,Onitsha,12.0,8.52,6.14,6.79,1909.8,632407.0,1047.6,24.4,0.45,24.85,72,0.345,0,34.4,40.3,25,15.3,74.0,good,0.0,good,0,0.5469,0,0.3432,0,4.75
XB-20241961,Dairy,Onitsha,Kaduna,6.14,6.79,10.52,7.44,4420.6,1877378.0,683.8,15.79,0.07,15.86,48,0.33,1,5.0,9.9,6,3.9,80.9,fair,1.169,good,0,0.3004,0,0.2884,0,4.31
XB-20241962,Peppers,Abuja,Jos,9.07,7.4,9.92,8.89,2091.3,369596.0,255.2,4.65,0.49,5.13,96,0.053,0,31.5,34.7,22,12.7,84.9,poor,2.749,good,0,0.6057,0,0.4536,1,5.63
XB-20241963,Peppers,Enugu,Ibadan,6.44,7.5,7.38,3.93,507.9,98489.0,608.6,9.96,5.59,15.55,96,0.162,0,31.3,37.9,22,15.9,61.7,good,0.0,poor,1,0.5893,1,0.7244,1,7.79
XB-20241964,Fresh Fish,Port Harcourt,Kano,4.82,7.04,12.0,8.52,2497.1,1456300.0,1281.5,24.76,0.1,24.86,24,1.036,0,23.1,26.4,4,22.4,66.5,good,0.0,excellent,0,0.6354,1,0.5048,0,6.04
XB-20241965,Strawberries,Kano,Jos,12.0,8.52,9.92,8.89,3936.6,2916039.0,311.0,5.87,4.29,10.16,36,0.282,0,24.8,27.8,8,19.8,56.0,fair,1.058,good,0,0.6039,1,0.396,0,5.17
XB-20241966,Dairy,Lagos,Abuja,6.52,3.38,9.07,7.4,1865.3,804288.0,637.9,10.53,0.51,11.04,48,0.23,1,6.6,11.7,6,5.7,89.9,good,0.0,excellent,0,0.3127,0,0.1195,0,2.96
XB-20241967,Mangoes,Port Harcourt,Ibadan,4.82,7.04,7.38,3.93,4667.4,856263.0,690.8,11.71,0.21,11.91,96,0.124,1,20.9,23.9,20,3.9,76.1,fair,0.964,fair,1,0.1789,0,0.3489,0,4.79
XB-20241968,Mangoes,Onitsha,Jos,6.14,6.79,9.92,8.89,4270.3,778623.0,581.3,15.07,0.57,15.64,96,0.163,0,28.0,33.9,20,13.9,87.9,fair,1.119,good,1,0.5743,1,0.4035,0,5.23
XB-20241969,Tomatoes,Zaria,Jos,11.08,7.71,9.92,8.89,1991.8,714466.0,232.8,5.68,0.18,5.86,72,0.081,0,33.1,37.3,25,12.3,66.5,fair,1.295,good,1,0.493,1,0.4398,1,5.52
XB-20241970,Fresh Fish,Lagos,Ibadan,6.52,3.38,7.38,3.93,2232.3,1224353.0,179.8,4.05,0.56,4.61,24,0.192,1,5.6,12.0,4,8.0,56.9,fair,0.855,poor,1,0.1005,0,0.3896,0,5.12
XB-20241971,Strawberries,Enugu,Port Harcourt,6.44,7.5,4.82,7.04,1974.8,1593205.0,228.2,4.29,2.72,7.01,36,0.195,1,11.4,15.3,8,7.3,71.4,good,0.0,excellent,0,0.1758,0,0.175,0,3.4
XB-20241972,Leafy Greens,Kaduna,Abuja,10.52,7.44,9.07,7.4,2639.2,704558.0,229.8,6.03,2.41,8.44,48,0.176,0,30.8,35.2,10,25.2,85.4,poor,2.941,poor,1,0.7004,1,0.6817,1,7.45
XB-20241973,Leafy Greens,Kano,Lagos,12.0,8.52,6.52,3.38,4443.3,1162889.0,1139.3,22.72,0.83,23.55,48,0.491,1,8.0,10.8,10,0.8,82.1,fair,1.223,fair,0,0.3424,0,0.3502,0,4.8
XB-20241974,Peppers,Kano,Lagos,12.0,8.52,6.52,3.38,1417.8,270750.0,996.9,20.89,0.41,21.3,96,0.222,0,35.0,39.7,22,17.7,72.3,poor,2.543,poor,1,0.4012,1,0.6219,1,6.97
XB-20241975,Mangoes,Ibadan,Port Harcourt,7.38,3.93,4.82,7.04,2871.8,597227.0,550.3,10.43,0.73,11.16,96,0.116,0,30.5,35.5,20,15.5,87.7,poor,2.502,fair,0,0.6417,1,0.5797,0,6.64
XB-20241976,Dairy,Ibadan,Port Harcourt,7.38,3.93,4.82,7.04,1056.8,473326.0,612.9,11.1,1.4,12.5,48,0.26,1,8.7,13.9,6,7.9,77.5,good,0.0,excellent,0,0.2493,0,0.0578,0,2.46
XB-20241977,Dairy,Onitsha,Port Harcourt,6.14,6.79,4.82,7.04,4642.7,1776678.0,192.3,3.83,0.33,4.16,48,0.087,0,37.6,40.2,6,34.2,77.8,poor,2.056,good,0,0.5479,1,0.3872,0,5.1
XB-20241978,Tomatoes,Port Harcourt,Ibadan,4.82,7.04,7.38,3.93,440.5,149118.0,647.6,13.14,2.69,15.83,72,0.22,1,28.5,31.0,25,6.0,75.4,fair,0.557,excellent,0,0.2345,0,0.0984,0,2.79
XB-20241979,Peppers,Port Harcourt,Ibadan,4.82,7.04,7.38,3.93,822.8,140631.0,654.9,13.76,3.87,17.63,96,0.184,1,24.4,30.6,22,8.6,90.7,good,0.0,good,0,0.4881,0,0.3508,0,4.81
XB-20241980,Peppers,Onitsha,Abuja,6.14,6.79,9.07,7.4,4633.6,873457.0,415.7,6.41,3.07,9.49,96,0.099,1,22.8,26.2,22,4.2,63.9,fair,0.611,excellent,0,0.2863,0,0.1432,0,3.15
XB-20241981,Dairy,Kano,Zaria,12.0,8.52,11.08,7.71,2114.5,897092.0,193.6,3.44,0.09,3.53,48,0.074,1,8.1,10.4,6,4.4,63.8,fair,0.771,fair,0,0.1357,0,0.2163,0,3.73
XB-20241982,Mangoes,Ibadan,Abuja,7.38,3.93,9.07,7.4,564.2,106038.0,572.9,9.78,2.41,12.18,96,0.127,0,30.0,33.1,20,13.1,81.3,poor,1.546,good,0,0.5894,0,0.4184,0,5.35
XB-20241983,Dairy,Ibadan,Onitsha,7.38,3.93,6.14,6.79,3214.7,1355611.0,491.0,10.53,0.12,10.65,48,0.222,1,10.0,16.7,6,10.7,84.5,poor,1.968,excellent,0,0.4713,1,0.2919,0,4.34
XB-20241984,Fresh Fish,Ibadan,Enugu,7.38,3.93,6.44,7.5,3439.2,2259338.0,596.1,9.46,0.21,9.67,24,0.403,1,3.4,7.6,4,3.6,78.2,fair,1.141,fair,3,0.3973,1,0.6395,1,7.12
XB-20241985,Tomatoes,Enugu,Lagos,6.44,7.5,6.52,3.38,4657.2,1722993.0,557.5,14.69,0.04,14.73,72,0.205,1,24.4,28.7,25,3.7,60.3,poor,2.691,good,1,0.2337,0,0.3284,0,4.63
XB-20241986,Dairy,Kano,Onitsha,12.0,8.52,6.14,6.79,4190.4,1601634.0,1079.0,20.27,2.71,22.98,48,0.479,1,4.8,7.9,6,1.9,78.8,fair,0.718,good,0,0.2932,0,0.2352,0,3.88
XB-20241987,Mangoes,Jos,Zaria,9.92,8.89,11.08,7.71,552.1,114898.0,288.5,6.14,2.56,8.7,96,0.091,0,22.5,28.5,20,8.5,89.3,good,0.0,fair,0,0.4702,0,0.4438,0,5.55
XB-20241988,Leafy Greens,Ibadan,Abuja,7.38,3.93,9.07,7.4,462.9,124199.0,581.9,13.98,2.19,16.17,48,0.337,0,30.0,37.9,10,27.9,68.5,good,0.0,good,0,0.3916,0,0.3291,0,4.63
XB-20241989,Tomatoes,Jos,Abuja,9.92,8.89,9.07,7.4,745.6,277754.0,272.5,4.86,0.36,5.22,72,0.073,1,24.0,30.3,25,5.3,80.5,poor,2.135,good,0,0.3084,0,0.299,0,4.39
XB-20241990,Tomatoes,Jos,Enugu,9.92,8.89,6.44,7.5,3460.0,1327256.0,652.3,10.06,0.11,10.18,72,0.141,0,38.8,42.0,25,17.0,85.4,fair,0.998,good,0,0.459,1,0.3066,0,4.45
XB-20241991,Strawberries,Kaduna,Port Harcourt,10.52,7.44,4.82,7.04,3251.4,2559823.0,795.0,16.68,1.28,17.96,36,0.499,0,32.3,37.3,8,29.3,55.8,good,0.0,good,0,0.5715,1,0.3137,0,4.51
XB-20241992,Peppers,Abuja,Kaduna,9.07,7.4,10.52,7.44,4814.4,906829.0,214.1,4.77,1.41,6.18,96,0.064,0,32.3,39.2,22,17.2,73.9,poor,1.501,poor,0,0.3881,0,0.4756,0,5.81
XB-20241993,Dairy,Enugu,Zaria,6.44,7.5,11.08,7.71,888.4,354670.0,672.0,16.38,1.84,18.22,48,0.38,0,31.1,37.4,6,31.4,77.4,good,0.0,excellent,0,0.6387,1,0.3946,0,5.16
XB-20241994,Tomatoes,Abuja,Ibadan,9.07,7.4,7.38,3.93,2542.0,960493.0,571.2,11.74,0.11,11.84,72,0.164,1,24.4,28.8,25,3.8,67.3,fair,0.591,poor,2,0.1995,0,0.4655,0,5.72
XB-20241995,Peppers,Jos,Ibadan,9.92,8.89,7.38,3.93,2981.3,501123.0,827.3,15.78,0.91,16.69,96,0.174,0,39.3,44.2,22,22.2,72.6,fair,1.123,good,1,0.5761,1,0.3551,0,4.84
XB-20241996,Fresh Fish,Kaduna,Enugu,10.52,7.44,6.44,7.5,4305.3,2614171.0,546.4,8.86,2.45,11.32,24,0.471,1,3.8,7.2,4,3.2,78.0,fair,1.098,excellent,0,0.3014,0,0.2345,0,3.88
XB-20241997,Leafy Greens,Kano,Enugu,12.0,8.52,6.44,7.5,4426.0,1146771.0,862.0,15.11,3.76,18.87,48,0.393,1,12.1,15.5,10,5.5,69.2,poor,2.181,excellent,0,0.5077,1,0.1649,0,3.32
XB-20241998,Leafy Greens,Onitsha,Port Harcourt,6.14,6.79,4.82,7.04,4590.4,1172190.0,207.7,4.83,0.54,5.37,48,0.112,1,10.5,12.9,10,2.9,59.7,good,0.0,good,0,0.02,0,0.1492,0,3.19
XB-20241999,Mangoes,Onitsha,Enugu,6.14,6.79,6.44,7.5,1664.3,350933.0,110.5,3.1,1.44,4.54,96,0.047,1,20.6,22.9,20,2.9,81.4,fair,1.381,fair,2,0.2443,0,0.5322,1,6.26
XB-20242000,Leafy Greens,Port Harcourt,Onitsha,4.82,7.04,6.14,6.79,1245.7,316930.0,194.8,3.81,0.2,4.01,48,0.084,0,31.0,34.7,10,24.7,64.1,poor,1.3,excellent,0,0.4845,1,0.3288,0,4.63
XB-20242001,Mangoes,Enugu,Port Harcourt,6.44,7.5,4.82,7.04,530.6,98715.0,279.0,4.31,3.07,7.38,96,0.077,1,20.3,25.5,20,5.5,72.4,good,0.0,excellent,0,0.1707,0,0.1248,0,3.0
XB-20242002,Peppers,Onitsha,Abuja,6.14,6.79,9.07,7.4,2714.8,496349.0,462.2,7.55,0.42,7.96,96,0.083,0,29.5,36.2,22,14.2,83.8,poor,1.894,excellent,0,0.5133,1,0.2012,0,3.61
XB-20242003,Leafy Greens,Zaria,Kaduna,11.08,7.71,10.52,7.44,4433.8,1308985.0,86.7,1.6,1.08,2.67,48,0.056,1,9.8,17.4,10,7.4,88.6,good,0.0,fair,2,0.2249,0,0.4477,1,5.58
XB-20242004,Tomatoes,Zaria,Abuja,11.08,7.71,9.07,7.4,1689.9,643322.0,353.1,6.61,1.03,7.64,72,0.106,0,36.6,43.0,25,18.0,91.9,poor,2.369,fair,4,0.5781,0,0.7137,1,7.71
XB-20242005,Strawberries,Ibadan,Kaduna,7.38,3.93,10.52,7.44,3268.7,2496086.0,802.1,19.75,1.56,21.32,36,0.592,0,25.6,30.8,8,22.8,79.6,poor,2.607,good,1,0.6971,1,0.4639,0,5.71
XB-20242006,Leafy Greens,Ibadan,Zaria,7.38,3.93,11.08,7.71,3685.9,1125440.0,850.4,16.14,0.01,16.15,48,0.336,1,11.3,18.7,10,8.7,86.0,good,0.0,fair,1,0.3973,0,0.464,0,5.71
XB-20242007,Peppers,Kano,Port Harcourt,12.0,8.52,4.82,7.04,4368.1,806049.0,1169.0,32.87,0.35,33.23,96,0.346,0,31.8,35.1,22,13.1,88.0,poor,1.774,excellent,0,0.5954,1,0.2743,0,4.19
XB-20242008,Tomatoes,Zaria,Port Harcourt,11.08,7.71,4.82,7.04,404.0,145367.0,992.3,18.56,0.35,18.91,72,0.263,1,24.6,31.9,25,6.9,86.7,good,0.0,poor,0,0.2568,0,0.4805,0,5.84
XB-20242009,Dairy,Jos,Kaduna,9.92,8.89,10.52,7.44,1817.9,779406.0,224.1,5.44,0.89,6.34,48,0.132,0,29.5,32.7,6,26.7,72.1,fair,1.465,fair,0,0.475,1,0.4256,0,5.4
XB-20242010,Peppers,Zaria,Kano,11.08,7.71,12.0,8.52,802.8,138086.0,188.2,3.38,0.4,3.79,96,0.039,1,23.0,30.1,22,8.1,57.2,fair,1.151,good,2,0.3822,0,0.3559,0,4.85
XB-20242011,Leafy Greens,Zaria,Onitsha,11.08,7.71,6.14,6.79,2463.1,696187.0,857.9,16.1,0.16,16.27,48,0.339,0,43.4,49.3,10,39.3,62.0,good,0.0,poor,1,0.4594,0,0.7373,1,7.9
XB-20242012,Leafy Greens,Enugu,Kaduna,6.44,7.5,10.52,7.44,246.9,72050.0,623.1,10.75,2.53,13.28,48,0.277,0,20.9,27.7,10,17.7,88.3,fair,0.775,excellent,0,0.6574,1,0.37,0,4.96
XB-20242013,Leafy Greens,Kano,Onitsha,12.0,8.52,6.14,6.79,3272.6,858145.0,1083.6,19.3,1.83,21.13,48,0.44,1,13.0,18.1,10,8.1,77.9,fair,0.65,poor,1,0.4968,1,0.7031,1,7.63
XB-20242014,Leafy Greens,Zaria,Port Harcourt,11.08,7.71,4.82,7.04,1727.4,515230.0,900.2,16.46,2.14,18.6,48,0.387,1,10.1,15.3,10,5.3,89.5,good,0.0,poor,3,0.3206,0,0.5645,1,6.52
XB-20242015,Tomatoes,Jos,Port Harcourt,9.92,8.89,4.82,7.04,4931.6,1779197.0,838.8,17.41,0.13,17.54,72,0.244,1,26.0,28.1,25,3.1,58.2,fair,0.641,poor,0,0.2048,0,0.4069,0,5.25
XB-20242016,Leafy Greens,Onitsha,Zaria,6.14,6.79,11.08,7.71,2737.2,700719.0,815.4,18.63,3.92,22.55,48,0.47,0,34.9,37.6,10,27.6,89.0,poor,1.753,fair,3,0.777,1,0.9003,1,9.2
XB-20242017,Dairy,Jos,Lagos,9.92,8.89,6.52,3.38,3354.3,1335684.0,913.3,22.97,1.65,24.61,48,0.513,0,39.4,43.3,6,37.3,67.2,good,0.0,fair,0,0.5285,0,0.436,0,5.49
XB-20242018,Peppers,Kano,Zaria,12.0,8.52,11.08,7.71,3453.2,629800.0,207.0,3.19,0.37,3.56,96,0.037,1,21.1,27.4,22,5.4,55.2,poor,2.266,good,0,0.1744,0,0.2622,0,4.1
XB-20242019,Strawberries,Port Harcourt,Lagos,4.82,7.04,6.52,3.38,2976.0,2250295.0,664.9,13.66,0.02,13.68,36,0.38,0,33.1,38.6,8,30.6,67.1,good,0.0,poor,1,0.5313,1,0.5992,1,6.79
XB-20242020,Mangoes,Lagos,Onitsha,6.52,3.38,6.14,6.79,3148.2,652241.0,483.2,12.88,0.57,13.45,96,0.14,1,20.0,25.8,20,5.8,62.4,good,0.0,fair,0,0.3036,0,0.4499,0,5.6
XB-20242021,Dairy,Enugu,Abuja,6.44,7.5,9.07,7.4,3535.6,1553508.0,375.3,6.36,2.55,8.91,48,0.186,1,9.9,17.8,6,11.8,76.7,fair,0.957,good,0,0.3905,0,0.3027,0,4.42
XB-20242022,Strawberries,Enugu,Lagos,6.44,7.5,6.52,3.38,3841.1,3180254.0,600.6,13.62,0.92,14.54,36,0.404,1,11.8,18.2,8,10.2,86.4,good,0.0,good,0,0.4813,1,0.4569,1,5.66
XB-20242023,Dairy,Kano,Port Harcourt,12.0,8.52,4.82,7.04,1282.0,568395.0,1225.7,31.19,0.84,32.03,48,0.667,0,36.1,41.4,6,35.4,60.8,good,0.0,excellent,0,0.5854,1,0.3458,0,4.77
XB-20242024,Dairy,Zaria,Kano,11.08,7.71,12.0,8.52,2704.9,1188722.0,196.8,3.07,0.85,3.92,48,0.082,0,32.8,36.4,6,30.4,91.1,fair,1.356,poor,0,0.598,0,0.5968,0,6.77
XB-20242025,Mangoes,Enugu,Jos,6.44,7.5,9.92,8.89,2225.2,403721.0,572.6,16.21,0.2,16.4,96,0.171,1,18.3,24.1,20,4.1,62.0,fair,0.603,fair,1,0.2392,0,0.4154,0,5.32
XB-20242026,Peppers,Kaduna,Zaria,10.52,7.44,11.08,7.71,4341.7,798220.0,83.1,1.97,1.03,3.0,96,0.031,1,25.4,30.2,22,8.2,68.4,poor,1.798,good,0,0.2924,0,0.2271,0,3.82
XB-20242027,Leafy Greens,Jos,Kaduna,9.92,8.89,10.52,7.44,2766.2,845863.0,249.0,5.81,1.15,6.96,48,0.145,1,13.9,21.2,10,11.2,67.5,fair,0.931,fair,0,0.3658,0,0.4745,1,5.8
XB-20242028,Peppers,Kano,Port Harcourt,12.0,8.52,4.82,7.04,3232.7,599477.0,1064.7,25.85,0.37,26.22,96,0.273,0,32.7,40.3,22,18.3,85.7,fair,0.622,fair,0,0.4507,0,0.319,0,4.55
XB-20242029,Tomatoes,Abuja,Kaduna,9.07,7.4,10.52,7.44,365.9,124551.0,239.0,3.82,1.04,4.86,72,0.068,0,30.9,37.9,25,12.9,91.6,poor,2.108,fair,1,0.5901,0,0.5993,0,6.79
XB-20242030,Fresh Fish,Enugu,Jos,6.44,7.5,9.92,8.89,2712.5,1590434.0,558.2,11.3,1.08,12.38,24,0.516,0,35.6,43.5,4,39.5,71.2,good,0.0,good,1,0.5253,1,0.5559,0,6.45
XB-20242031,Fresh Fish,Abuja,Ibadan,9.07,7.4,7.38,3.93,1606.9,973480.0,593.5,13.07,1.26,14.33,24,0.597,1,3.9,11.9,4,7.9,86.6,poor,2.027,good,0,0.564,1,0.3773,0,5.02
XB-20242032,Tomatoes,Onitsha,Jos,6.14,6.79,9.92,8.89,1979.5,643797.0,609.0,14.05,1.56,15.61,72,0.217,1,25.7,28.2,25,3.2,69.5,fair,0.891,good,0,0.06,0,0.0795,0,2.64
XB-20242033,Tomatoes,Lagos,Ibadan,6.52,3.38,7.38,3.93,416.7,134013.0,166.2,3.1,2.73,5.83,72,0.081,0,33.2,40.5,25,15.5,59.2,fair,1.034,good,0,0.4754,0,0.2838,0,4.27
XB-20242034,Leafy Greens,Abuja,Zaria,9.07,7.4,11.08,7.71,2651.6,713473.0,359.3,5.8,5.18,10.98,48,0.229,1,12.0,16.2,10,6.2,91.5,good,0.0,fair,1,0.3763,0,0.39,0,5.12
XB-20242035,Fresh Fish,Ibadan,Zaria,7.38,3.93,11.08,7.71,1220.4,738984.0,716.3,14.42,1.08,15.5,24,0.646,1,6.5,14.2,4,10.2,73.8,fair,1.403,poor,2,0.4103,0,0.6601,1,7.28
XB-20242036,Mangoes,Jos,Ibadan,9.92,8.89,7.38,3.93,4890.0,945041.0,797.5,12.48,0.53,13.01,96,0.136,0,31.5,38.5,20,18.5,68.1,good,0.0,good,1,0.3201,0,0.434,0,5.47
XB-20242037,Dairy,Jos,Lagos,9.92,8.89,6.52,3.38,3271.7,1500689.0,963.8,17.64,0.62,18.26,48,0.38,1,5.6,9.8,6,3.8,86.2,poor,2.256,good,0,0.4682,0,0.3649,0,4.92
XB-20242038,Strawberries,Port Harcourt,Enugu,4.82,7.04,6.44,7.5,4143.8,3106037.0,242.8,6.76,0.27,7.02,36,0.195,0,34.5,42.5,8,34.5,57.9,good,0.0,good,0,0.5209,0,0.228,0,3.82
XB-20242039,Mangoes,Enugu,Jos,6.44,7.5,9.92,8.89,474.4,92472.0,583.1,9.96,0.78,10.74,96,0.112,0,32.8,37.9,20,17.9,82.3,poor,2.586,fair,1,0.6037,1,0.4385,0,5.51
XB-20242040,Strawberries,Jos,Kaduna,9.92,8.89,10.52,7.44,2813.2,2227852.0,242.3,6.36,2.6,8.96,36,0.249,1,12.0,18.0,8,10.0,57.7,poor,2.501,good,0,0.5957,1,0.3969,0,5.18
XB-20242041,Peppers,Kaduna,Port Harcourt,10.52,7.44,4.82,7.04,4111.0,801966.0,866.7,17.7,2.33,20.02,96,0.209,1,23.9,30.4,22,8.4,76.1,fair,0.733,excellent,0,0.4452,1,0.2129,0,3.7
XB-20242042,Fresh Fish,Lagos,Abuja,6.52,3.38,9.07,7.4,1735.9,1041330.0,700.7,13.99,0.69,14.67,24,0.611,0,31.1,37.5,4,33.5,70.0,fair,1.115,fair,1,0.6882,1,0.695,1,7.56
XB-20242043,Peppers,Port Harcourt,Lagos,4.82,7.04,6.52,3.38,3052.8,524425.0,628.7,10.11,0.63,10.74,96,0.112,0,29.2,34.8,22,12.8,59.8,poor,1.4,poor,1,0.6431,1,0.652,1,7.22
XB-20242044,Tomatoes,Kaduna,Kano,10.52,7.44,12.0,8.52,451.7,158026.0,297.1,5.92,0.14,6.05,72,0.084,1,26.2,28.5,25,3.5,55.4,good,0.0,excellent,0,0.0601,0,0.0581,0,2.46
XB-20242045,Strawberries,Jos,Onitsha,9.92,8.89,6.14,6.79,964.5,752603.0,667.6,14.05,1.97,16.02,36,0.445,1,10.5,17.2,8,9.2,58.9,fair,1.446,good,0,0.509,1,0.3529,0,4.82
XB-20242046,Strawberries,Jos,Ibadan,9.92,8.89,7.38,3.93,3076.2,2646170.0,748.9,21.26,2.14,23.39,36,0.65,1,9.5,14.7,8,6.7,86.2,fair,1.327,good,0,0.4151,0,0.2813,0,4.25
XB-20242047,Leafy Greens,Kaduna,Zaria,10.52,7.44,11.08,7.71,4879.0,1332279.0,94.3,2.25,3.05,5.3,48,0.11,1,8.2,10.3,10,0.3,71.7,fair,0.642,fair,0,0.02,0,0.2302,0,3.84
XB-20242048,Strawberries,Enugu,Port Harcourt,6.44,7.5,4.82,7.04,1635.1,1348978.0,239.0,4.25,0.49,4.74,36,0.132,1,10.4,17.5,8,9.5,71.1,fair,0.844,good,0,0.2959,0,0.2764,0,4.21
XB-20242049,Fresh Fish,Jos,Onitsha,9.92,8.89,6.14,6.79,3975.8,2413435.0,745.7,17.78,0.21,18.0,24,0.75,1,6.7,12.6,4,8.6,58.3,poor,1.611,fair,1,0.5239,1,0.5334,0,6.27
XB-20242050,Peppers,Onitsha,Zaria,6.14,6.79,11.08,7.71,3177.1,538433.0,725.7,11.78,0.43,12.21,96,0.127,1,22.9,26.1,22,4.1,67.3,fair,0.823,excellent,0,0.2447,0,0.087,0,2.7
XB-20242051,Leafy Greens,Jos,Onitsha,9.92,8.89,6.14,6.79,2608.4,689494.0,633.0,13.54,1.43,14.97,48,0.312,1,12.8,16.0,10,6.0,70.0,poor,1.5,good,0,0.2776,0,0.1506,0,3.21
XB-20242052,Peppers,Kaduna,Kano,10.52,7.44,12.0,8.52,4718.2,880702.0,267.3,7.16,0.17,7.33,96,0.076,0,36.9,44.0,22,22.0,58.8,good,0.0,excellent,0,0.2615,0,0.1806,0,3.44
XB-20242053,Mangoes,Abuja,Zaria,9.07,7.4,11.08,7.71,972.0,204596.0,300.0,8.57,0.87,9.44,96,0.098,1,20.1,22.2,20,2.2,72.1,fair,0.748,fair,0,0.0867,0,0.3055,0,4.44
XB-20242054,Dairy,Lagos,Jos,6.52,3.38,9.92,8.89,1267.4,506882.0,1092.5,21.04,0.6,21.63,48,0.451,0,29.8,33.3,6,27.3,87.1,fair,1.047,good,0,0.654,1,0.5236,1,6.19
XB-20242055,Peppers,Port Harcourt,Enugu,4.82,7.04,6.44,7.5,2422.8,412695.0,250.5,4.13,0.14,4.28,96,0.045,0,31.2,33.3,22,11.3,61.2,fair,1.054,excellent,0,0.3777,0,0.2035,0,3.63
XB-20242056,Fresh Fish,Lagos,Zaria,6.52,3.38,11.08,7.71,4567.1,2818166.0,1037.8,23.83,0.95,24.78,24,1.032,0,39.6,46.8,4,42.8,80.3,fair,1.029,excellent,0,0.7419,1,0.3094,0,4.48
XB-20242057,Leafy Greens,Kaduna,Zaria,10.52,7.44,11.08,7.71,4192.5,1230486.0,99.1,1.72,0.81,2.53,48,0.053,0,29.3,37.0,10,27.0,58.0,fair,0.816,fair,1,0.4781,0,0.4215,0,5.37
XB-20242058,Peppers,Ibadan,Jos,7.38,3.93,9.92,8.89,4636.1,763626.0,781.2,15.16,1.27,16.44,96,0.171,0,39.1,43.6,22,21.6,82.5,poor,2.773,good,0,0.6898,1,0.4773,1,5.82
XB-20242059,Fresh Fish,Lagos,Kano,6.52,3.38,12.0,8.52,926.6,573965.0,1235.4,20.29,0.59,20.88,24,0.87,1,2.7,4.7,4,0.7,67.1,fair,0.61,fair,2,0.2827,0,0.532,0,6.26
XB-20242060,Mangoes,Kano,Lagos,12.0,8.52,6.52,3.38,2990.5,597840.0,1327.8,37.87,0.65,38.52,96,0.401,1,23.1,27.4,20,7.4,74.4,good,0.0,excellent,0,0.2584,0,0.159,0,3.27
XB-20242061,Mangoes,Enugu,Ibadan,6.44,7.5,7.38,3.93,456.8,85355.0,536.6,8.55,1.01,9.56,96,0.1,0,38.3,40.9,20,20.9,87.4,fair,1.427,poor,2,0.5104,1,0.6679,1,7.34
XB-20242062,Mangoes,Kaduna,Enugu,10.52,7.44,6.44,7.5,4015.5,882270.0,672.8,13.23,1.28,14.51,96,0.151,0,32.2,37.6,20,17.6,69.0,fair,0.581,fair,1,0.4666,1,0.5438,0,6.35
XB-20242063,Fresh Fish,Ibadan,Port Harcourt,7.38,3.93,4.82,7.04,4680.0,3056040.0,618.4,11.71,1.02,12.73,24,0.53,1,7.3,10.1,4,6.1,65.7,poor,2.41,fair,1,0.4159,0,0.531,1,6.25
XB-20242064,Tomatoes,Kano,Onitsha,12.0,8.52,6.14,6.79,2255.1,775748.0,1012.9,20.72,0.19,20.9,72,0.29,1,25.8,32.9,25,7.9,62.1,fair,0.538,good,0,0.3449,0,0.2254,0,3.8
XB-20242065,Leafy Greens,Enugu,Jos,6.44,7.5,9.92,8.89,3705.7,990263.0,540.0,12.21,1.46,13.67,48,0.285,0,34.5,41.6,10,31.6,63.9,poor,1.595,fair,2,0.6208,0,0.6387,0,7.11
XB-20242066,Mangoes,Kaduna,Zaria,10.52,7.44,11.08,7.71,1272.9,230843.0,106.9,2.44,0.06,2.5,96,0.026,1,22.5,27.3,20,7.3,77.2,good,0.0,fair,0,0.2371,0,0.3422,0,4.74
XB-20242067,Strawberries,Onitsha,Lagos,6.14,6.79,6.52,3.38,2464.3,1877229.0,597.7,9.47,2.01,11.48,36,0.319,0,30.9,36.1,8,28.1,60.5,poor,1.985,fair,0,0.6505,1,0.4611,0,5.69
XB-20242068,Peppers,Lagos,Ibadan,6.52,3.38,7.38,3.93,1768.3,344601.0,138.6,3.83,1.76,5.59,96,0.058,1,23.9,31.0,22,9.0,81.8,fair,0.996,good,0,0.3714,0,0.2177,0,3.74
XB-20242069,Mangoes,Port Harcourt,Ibadan,4.82,7.04,7.38,3.93,3389.1,690402.0,713.1,12.84,0.47,13.31,96,0.139,1,23.1,29.4,20,9.4,73.1,fair,1.259,poor,0,0.2938,0,0.4749,0,5.8
XB-20242070,Mangoes,Jos,Abuja,9.92,8.89,9.07,7.4,3109.3,635703.0,229.3,4.63,1.43,6.06,96,0.063,0,37.0,40.7,20,20.7,70.2,poor,1.85,good,1,0.3706,0,0.3175,0,4.54
XB-20242071,Fresh Fish,Ibadan,Jos,7.38,3.93,9.92,8.89,3861.9,2487422.0,960.0,26.1,0.57,26.67,24,1.111,1,4.7,11.4,4,7.4,69.2,good,0.0,excellent,0,0.4619,1,0.1874,0,3.5
XB-20242072,Leafy Greens,Abuja,Kaduna,9.07,7.4,10.52,7.44,4821.4,1269488.0,197.6,4.52,1.81,6.33,48,0.132,0,40.9,46.3,10,36.3,58.2,fair,0.586,good,0,0.6085,1,0.3822,0,5.06
XB-20242073,Mangoes,Ibadan,Lagos,7.38,3.93,6.52,3.38,1372.7,298840.0,138.0,2.9,0.18,3.08,96,0.032,0,27.7,30.5,20,10.5,81.7,poor,1.789,fair,0,0.4717,1,0.5059,1,6.05
XB-20242074,Mangoes,Zaria,Ibadan,11.08,7.71,7.38,3.93,693.3,124796.0,793.3,21.33,3.87,25.19,96,0.262,0,30.0,35.1,20,15.1,74.5,fair,1.343,fair,0,0.6882,1,0.4931,0,5.94
XB-20242075,Tomatoes,Onitsha,Zaria,6.14,6.79,11.08,7.71,3299.6,1100806.0,678.5,10.72,6.44,17.16,72,0.238,0,31.4,39.0,25,14.0,64.1,good,0.0,good,1,0.8004,1,0.6829,1,7.46
XB-20242076,Fresh Fish,Zaria,Lagos,11.08,7.71,6.52,3.38,4200.0,2601647.0,1088.6,21.02,3.05,24.07,24,1.003,0,35.4,41.5,4,37.5,67.5,poor,2.309,good,2,0.8618,1,0.6636,1,7.31
XB-20242077,Peppers,Lagos,Enugu,6.52,3.38,6.44,7.5,3341.3,624955.0,707.5,16.28,0.44,16.73,96,0.174,1,21.8,27.1,22,5.1,88.3,fair,1.466,good,0,0.2905,0,0.2188,0,3.75
XB-20242078,Dairy,Jos,Kano,9.92,8.89,12.0,8.52,2998.9,1289279.0,322.6,6.9,4.14,11.03,48,0.23,0,31.8,38.2,6,32.2,63.5,fair,0.902,excellent,0,0.6676,1,0.2925,0,4.34
XB-20242079,Leafy Greens,Kano,Onitsha,12.0,8.52,6.14,6.79,3822.0,967060.0,1070.4,20.82,0.98,21.8,48,0.454,0,32.5,35.4,10,25.4,69.4,fair,0.546,poor,0,0.5658,1,0.698,1,7.58
XB-20242080,Leafy Greens,Port Harcourt,Abuja,4.82,7.04,9.07,7.4,4648.4,1368738.0,631.0,11.13,0.07,11.19,48,0.233,0,29.1,36.2,10,26.2,55.9,fair,0.894,fair,0,0.4398,1,0.4385,0,5.51
XB-20242081,Fresh Fish,Onitsha,Ibadan,6.14,6.79,7.38,3.93,2384.8,1305716.0,516.7,14.42,0.07,14.49,24,0.604,0,32.6,39.7,4,35.7,66.3,poor,1.156,fair,0,0.7487,1,0.5391,0,6.31
XB-20242082,Dairy,Kano,Onitsha,12.0,8.52,6.14,6.79,2131.6,964181.0,1032.8,15.91,0.41,16.32,48,0.34,0,29.6,33.7,6,27.7,57.8,fair,1.202,good,0,0.5857,1,0.3856,0,5.08
XB-20242083,Leafy Greens,Jos,Kaduna,9.92,8.89,10.52,7.44,2666.6,782140.0,238.1,4.9,1.56,6.46,48,0.135,0,30.2,35.3,10,25.3,67.3,poor,1.135,good,0,0.5441,1,0.3411,0,4.73
XB-20242084,Fresh Fish,Abuja,Zaria,9.07,7.4,11.08,7.71,4351.1,2420398.0,272.8,6.04,0.48,6.52,24,0.272,1,4.0,9.7,4,5.7,78.3,fair,1.359,fair,0,0.4171,0,0.4221,0,5.38
XB-20242085,Mangoes,Onitsha,Abuja,6.14,6.79,9.07,7.4,1785.2,342299.0,416.5,7.42,0.76,8.18,96,0.085,1,18.9,21.8,20,1.8,85.3,fair,0.828,fair,0,0.2408,0,0.2966,0,4.37
XB-20242086,Leafy Greens,Zaria,Kano,11.08,7.71,12.0,8.52,4751.0,1412801.0,183.4,3.3,1.91,5.21,48,0.109,1,13.6,15.9,10,5.9,65.8,good,0.0,excellent,0,0.3554,0,0.1675,0,3.34
XB-20242087,Leafy Greens,Jos,Zaria,9.92,8.89,11.08,7.71,636.7,187073.0,239.4,3.71,0.87,4.59,48,0.096,1,8.2,14.8,10,4.8,80.7,fair,1.266,poor,1,0.1207,0,0.3521,0,4.82
XB-20242088,Fresh Fish,Kano,Enugu,12.0,8.52,6.44,7.5,4712.0,2891897.0,867.6,18.53,0.44,18.96,24,0.79,1,2.0,5.6,4,1.6,79.8,fair,1.153,poor,1,0.3251,0,0.6019,1,6.82
XB-20242089,Mangoes,Jos,Ibadan,9.92,8.89,7.38,3.93,3229.0,634792.0,834.1,14.95,1.02,15.97,96,0.166,1,20.0,25.9,20,5.9,82.4,good,0.0,excellent,0,0.2639,0,0.0411,0,2.33
XB-20242090,Tomatoes,Zaria,Onitsha,11.08,7.71,6.14,6.79,3617.4,1281956.0,703.5,17.51,2.19,19.7,72,0.274,0,39.3,45.6,25,20.6,61.3,good,0.0,good,0,0.5111,1,0.3433,0,4.75
XB-20242091,Strawberries,Port Harcourt,Lagos,4.82,7.04,6.52,3.38,3816.1,3012364.0,540.3,14.75,0.18,14.92,36,0.415,0,29.1,31.9,8,23.9,67.6,good,0.0,excellent,0,0.5861,1,0.3407,0,4.73
XB-20242092,Peppers,Zaria,Ibadan,11.08,7.71,7.38,3.93,3198.0,570554.0,741.6,18.82,0.24,19.07,96,0.199,0,33.5,37.3,22,15.3,61.7,fair,0.763,excellent,0,0.3824,0,0.2971,0,4.38
XB-20242093,Leafy Greens,Jos,Kano,9.92,8.89,12.0,8.52,2467.1,683415.0,328.4,7.95,3.51,11.46,48,0.239,0,34.4,38.8,10,28.8,68.7,poor,2.216,fair,0,0.6946,1,0.5616,1,6.49
XB-20242094,Leafy Greens,Ibadan,Kaduna,7.38,3.93,10.52,7.44,447.4,122954.0,805.7,13.33,0.16,13.5,48,0.281,0,31.9,38.1,10,28.1,82.4,good,0.0,excellent,0,0.5851,1,0.2415,0,3.93
XB-20242095,Tomatoes,Zaria,Enugu,11.08,7.71,6.44,7.5,1448.9,512459.0,806.7,15.57,0.28,15.84,72,0.22,1,24.0,26.3,25,1.3,64.1,fair,0.507,poor,0,0.1604,0,0.3276,0,4.62
XB-20242096,Leafy Greens,Enugu,Kano,6.44,7.5,12.0,8.52,719.2,197611.0,964.4,15.68,0.73,16.42,48,0.342,1,12.0,14.1,10,4.1,71.9,fair,1.128,good,0,0.3346,0,0.2163,0,3.73
XB-20242097,Fresh Fish,Enugu,Kano,6.44,7.5,12.0,8.52,1238.7,800288.0,971.3,19.9,0.2,20.1,24,0.837,1,4.0,11.1,4,7.1,73.3,poor,1.204,fair,1,0.4674,1,0.5333,0,6.27
XB-20242098,Peppers,Jos,Enugu,9.92,8.89,6.44,7.5,2339.1,385469.0,621.2,13.97,2.59,16.55,96,0.172,0,37.8,40.8,22,18.8,69.7,poor,1.431,excellent,0,0.4403,0,0.148,0,3.18
XB-20242099,Dairy,Zaria,Onitsha,11.08,7.71,6.14,6.79,1405.1,590316.0,705.5,18.97,2.73,21.7,48,0.452,1,6.3,11.9,6,5.9,82.5,fair,1.019,fair,1,0.2582,0,0.4613,1,5.69
XB-20242100,Mangoes,Onitsha,Kaduna,6.14,6.79,10.52,7.44,2699.6,557775.0,607.7,15.21,1.38,16.59,96,0.173,0,38.6,41.2,20,21.2,62.5,good,0.0,poor,0,0.5253,0,0.6247,1,7.0
XB-20242101,Fresh Fish,Kaduna,Abuja,10.52,7.44,9.07,7.4,245.7,134238.0,214.4,4.31,0.6,4.91,24,0.205,1,6.7,13.9,4,9.9,68.6,good,0.0,fair,3,0.4284,1,0.6314,1,7.05
XB-20242102,Mangoes,Abuja,Onitsha,9.07,7.4,6.14,6.79,3707.9,739503.0,491.5,8.41,5.13,13.55,96,0.141,1,19.9,24.6,20,4.6,55.8,good,0.0,excellent,0,0.2438,0,0.0774,0,2.62
XB-20242103,Mangoes,Lagos,Jos,6.52,3.38,9.92,8.89,3196.2,632017.0,1107.7,22.04,1.92,23.97,96,0.25,1,18.5,25.7,20,5.7,89.9,poor,2.436,poor,0,0.454,1,0.5127,0,6.1
XB-20242104,Tomatoes,Abuja,Zaria,9.07,7.4,11.08,7.71,1459.6,470677.0,299.3,4.73,0.42,5.16,72,0.072,1,25.5,32.5,25,7.5,86.0,poor,2.608,good,0,0.3716,0,0.1721,0,3.38
XB-20242105,Peppers,Jos,Lagos,9.92,8.89,6.52,3.38,2030.0,383220.0,910.0,14.9,1.17,16.07,96,0.167,0,28.5,33.2,22,11.2,59.9,fair,1.421,excellent,0,0.6066,1,0.3409,0,4.73
XB-20242106,Strawberries,Lagos,Jos,6.52,3.38,9.92,8.89,2255.9,1734917.0,884.4,20.81,0.3,21.11,36,0.586,0,30.0,32.4,8,24.4,61.1,poor,2.206,excellent,0,0.8049,1,0.3712,0,4.97
XB-20242107,Peppers,Kaduna,Abuja,10.52,7.44,9.07,7.4,2145.3,375804.0,216.3,4.43,0.57,5.01,96,0.052,0,31.6,38.5,22,16.5,61.4,fair,0.95,fair,1,0.3946,1,0.4985,0,5.99
XB-20242108,Leafy Greens,Port Harcourt,Lagos,4.82,7.04,6.52,3.38,4463.7,1245174.0,559.6,12.59,3.47,16.06,48,0.335,0,32.7,38.8,10,28.8,61.9,fair,1.238,fair,3,0.4856,1,0.6813,1,7.45
XB-20242109,Leafy Greens,Ibadan,Onitsha,7.38,3.93,6.14,6.79,2317.2,644112.0,482.7,11.98,2.27,14.25,48,0.297,0,32.8,38.0,10,28.0,86.0,poor,2.665,poor,1,0.6466,1,0.7583,1,8.07
XB-20242110,Strawberries,Jos,Kaduna,9.92,8.89,10.52,7.44,1442.0,1181174.0,208.4,4.53,1.73,6.25,36,0.174,0,32.1,35.7,8,27.7,70.6,good,0.0,good,0,0.4996,1,0.3451,0,4.76
XB-20242111,Leafy Greens,Abuja,Kano,9.07,7.4,12.0,8.52,419.8,110068.0,513.4,9.21,6.93,16.14,48,0.336,1,13.2,15.5,10,5.5,88.9,fair,1.464,good,0,0.4215,0,0.3393,0,4.71
XB-20242112,Mangoes,Jos,Lagos,9.92,8.89,6.52,3.38,3920.5,822999.0,975.0,23.27,1.54,24.81,96,0.258,1,22.7,26.8,20,6.8,84.8,poor,1.38,good,0,0.3959,0,0.331,0,4.65
XB-20242113,Mangoes,Lagos,Onitsha,6.52,3.38,6.14,6.79,1786.1,388025.0,554.5,10.36,0.86,11.22,96,0.117,0,23.8,31.2,20,11.2,71.9,good,0.0,fair,2,0.4384,0,0.4205,0,5.36
XB-20242114,Mangoes,Kano,Onitsha,12.0,8.52,6.14,6.79,1445.5,281462.0,1048.1,29.15,0.26,29.42,96,0.306,1,19.7,23.1,20,3.1,82.7,fair,1.207,good,1,0.2989,0,0.2623,0,4.1
XB-20242115,Fresh Fish,Kaduna,Lagos,10.52,7.44,6.52,3.38,1401.8,913303.0,858.0,14.52,0.63,15.15,24,0.631,0,34.3,39.5,4,35.5,76.2,poor,1.305,fair,1,0.6721,1,0.6556,0,7.24
XB-20242116,Leafy Greens,Jos,Zaria,9.92,8.89,11.08,7.71,4416.4,1223088.0,257.6,7.2,0.05,7.24,48,0.151,1,10.0,12.0,10,2.0,86.4,poor,1.693,excellent,0,0.2871,0,0.1555,0,3.24
XB-20242117,Peppers,Zaria,Onitsha,11.08,7.71,6.14,6.79,1339.7,228346.0,696.0,14.09,0.58,14.67,96,0.153,0,35.7,42.5,22,20.5,90.2,fair,0.549,good,0,0.6824,1,0.3601,0,4.88
XB-20242118,Leafy Greens,Kaduna,Enugu,10.52,7.44,6.44,7.5,2952.4,787802.0,585.9,11.2,0.83,12.04,48,0.251,1,11.4,17.7,10,7.7,76.1,good,0.0,excellent,0,0.3118,0,0.1813,0,3.45
XB-20242119,Tomatoes,Enugu,Onitsha,6.44,7.5,6.14,6.79,4235.7,1436861.0,135.7,2.41,1.15,3.55,72,0.049,0,33.3,39.8,25,14.8,90.7,good,0.0,good,0,0.5626,1,0.4083,0,5.27
XB-20242120,Mangoes,Ibadan,Kaduna,7.38,3.93,10.52,7.44,2643.1,559412.0,625.3,16.84,1.52,18.36,96,0.191,1,23.4,31.1,20,11.1,58.9,fair,0.665,fair,0,0.3455,0,0.4296,0,5.44
XB-20242121,Fresh Fish,Jos,Onitsha,9.92,8.89,6.14,6.79,2780.6,1517288.0,627.4,10.05,4.64,14.69,24,0.612,0,36.3,43.0,4,39.0,82.0,fair,0.67,good,0,0.7774,1,0.4499,0,5.6
XB-20242122,Mangoes,Lagos,Kaduna,6.52,3.38,10.52,7.44,277.1,51036.0,830.2,13.41,2.72,16.14,96,0.168,0,35.6,43.0,20,23.0,65.7,fair,0.601,fair,0,0.5757,1,0.4921,1,5.94
XB-20242123,Dairy,Zaria,Jos,11.08,7.71,9.92,8.89,2728.4,1220370.0,276.4,6.69,0.21,6.9,48,0.144,0,28.9,32.4,6,26.4,88.6,good,0.0,poor,0,0.6301,1,0.5985,0,6.79
XB-20242124,Tomatoes,Zaria,Lagos,11.08,7.71,6.52,3.38,2253.0,781482.0,853.4,21.98,0.05,22.03,72,0.306,1,25.9,28.8,25,3.8,60.1,poor,2.843,poor,3,0.2133,0,0.5792,0,6.63
XB-20242125,Mangoes,Ibadan,Zaria,7.38,3.93,11.08,7.71,2659.5,525034.0,884.1,19.91,1.4,21.31,96,0.222,0,37.0,40.9,20,20.9,73.9,fair,0.7,fair,2,0.5001,1,0.6505,1,7.2
XB-20242126,Dairy,Abuja,Onitsha,9.07,7.4,6.14,6.79,4570.3,1934278.0,515.6,11.3,1.9,13.21,48,0.275,0,34.3,38.1,6,32.1,69.6,good,0.0,excellent,0,0.5573,0,0.2114,0,3.69
XB-20242127,Leafy Greens,Abuja,Lagos,9.07,7.4,6.52,3.38,4089.9,1086427.0,745.4,12.26,1.16,13.42,48,0.28,0,30.6,36.3,10,26.3,70.6,poor,1.888,good,1,0.6366,1,0.458,0,5.66
XB-20242128,Mangoes,Kaduna,Port Harcourt,10.52,7.44,4.82,7.04,3974.6,843396.0,899.4,18.17,0.74,18.91,96,0.197,1,21.8,25.1,20,5.1,84.4,poor,1.118,fair,2,0.372,0,0.5763,0,6.61
XB-20242129,Peppers,Jos,Abuja,9.92,8.89,9.07,7.4,3318.5,596850.0,239.8,5.58,0.31,5.89,96,0.061,0,43.6,49.3,22,27.3,84.0,good,0.0,excellent,0,0.4176,0,0.2344,0,3.88
XB-20242130,Peppers,Ibadan,Zaria,7.38,3.93,11.08,7.71,768.9,137636.0,809.2,19.22,8.41,27.63,96,0.288,0,26.7,30.5,22,8.5,58.4,good,0.0,fair,2,0.7297,1,0.642,1,7.14
XB-20242131,Mangoes,Jos,Onitsha,9.92,8.89,6.14,6.79,1033.4,208557.0,638.7,14.0,3.57,17.57,96,0.183,0,45.2,52.6,20,32.6,91.5,poor,2.921,fair,1,0.7346,1,0.6459,1,7.17
XB-20242132,Leafy Greens,Jos,Onitsha,9.92,8.89,6.14,6.79,2713.8,716904.0,585.8,9.33,2.23,11.56,48,0.241,1,10.1,14.0,10,4.0,86.9,poor,1.797,excellent,0,0.3594,0,0.2355,0,3.88
XB-20242133,Peppers,Abuja,Jos,9.07,7.4,9.92,8.89,2426.7,463713.0,238.0,4.09,3.84,7.93,96,0.083,0,32.5,35.9,22,13.9,59.9,good,0.0,poor,2,0.6856,1,0.9021,1,9.22
XB-20242134,Tomatoes,Ibadan,Port Harcourt,7.38,3.93,4.82,7.04,2734.8,936906.0,684.2,18.4,0.32,18.72,72,0.26,1,23.9,31.2,25,6.2,75.2,poor,1.55,excellent,0,0.4097,0,0.1651,0,3.32
XB-20242135,Fresh Fish,Ibadan,Jos,7.38,3.93,9.92,8.89,1467.2,913293.0,843.9,18.95,1.06,20.0,24,0.834,1,8.0,10.9,4,6.9,55.9,good,0.0,excellent,0,0.5176,0,0.3622,0,4.9
XB-20242136,Tomatoes,Enugu,Ibadan,6.44,7.5,7.38,3.93,3317.7,1141210.0,608.2,17.15,1.75,18.9,72,0.262,0,24.6,29.2,25,4.2,61.0,fair,1.286,fair,0,0.4409,0,0.3955,0,5.16
XB-20242137,Peppers,Port Harcourt,Enugu,4.82,7.04,6.44,7.5,476.0,78714.0,287.6,4.83,1.22,6.05,96,0.063,1,25.3,31.8,22,9.8,80.6,poor,2.043,excellent,0,0.3422,0,0.1618,0,3.29
XB-20242138,Strawberries,Kano,Onitsha,12.0,8.52,6.14,6.79,1696.3,1296359.0,1037.8,22.58,0.17,22.75,36,0.632,1,6.6,11.7,8,3.7,83.0,good,0.0,good,2,0.5231,0,0.4275,0,5.42
XB-20242139,Peppers,Onitsha,Abuja,6.14,6.79,9.07,7.4,2305.9,412874.0,475.4,8.89,0.39,9.28,96,0.097,1,23.8,26.2,22,4.2,90.6,fair,0.652,poor,2,0.3037,0,0.5267,1,6.21
XB-20242140,Fresh Fish,Port Harcourt,Ibadan,4.82,7.04,7.38,3.93,2244.3,1447212.0,701.6,14.76,1.13,15.89,24,0.662,1,3.9,7.2,4,3.2,58.0,good,0.0,fair,0,0.3442,0,0.3552,0,4.84
XB-20242141,Dairy,Zaria,Abuja,11.08,7.71,9.07,7.4,4091.4,1680180.0,277.0,7.1,1.76,8.85,48,0.184,1,5.2,10.9,6,4.9,87.0,fair,1.454,excellent,0,0.4303,1,0.2416,0,3.93
XB-20242142,Peppers,Jos,Onitsha,9.92,8.89,6.14,6.79,4746.2,933080.0,636.9,10.72,3.2,13.92,96,0.145,0,33.1,40.7,22,18.7,76.1,poor,2.41,good,0,0.6401,1,0.3743,0,4.99
XB-20242143,Strawberries,Kaduna,Port Harcourt,10.52,7.44,4.82,7.04,1411.6,1160203.0,987.3,16.49,1.16,17.65,36,0.49,1,10.9,14.5,8,6.5,57.0,fair,0.542,good,0,0.3163,0,0.2048,0,3.64
XB-20242144,Strawberries,Kano,Ibadan,12.0,8.52,7.38,3.93,2915.2,2173760.0,874.6,18.96,0.16,19.13,36,0.531,0,29.4,32.5,8,24.5,59.0,poor,2.279,excellent,0,0.829,1,0.393,0,5.14
XB-20242145,Leafy Greens,Enugu,Port Harcourt,6.44,7.5,4.82,7.04,1907.5,489725.0,227.9,4.24,0.43,4.67,48,0.097,0,44.3,49.3,10,39.3,85.2,good,0.0,poor,1,0.542,0,0.6777,0,7.42
XB-20242146,Tomatoes,Onitsha,Jos,6.14,6.79,9.92,8.89,4355.5,1667329.0,586.0,16.43,0.04,16.47,72,0.229,0,33.6,38.6,25,13.6,86.1,poor,1.997,good,0,0.6734,1,0.4115,0,5.29
XB-20242147,Tomatoes,Zaria,Ibadan,11.08,7.71,7.38,3.93,1568.0,574178.0,707.3,13.15,1.32,14.47,72,0.201,0,34.4,38.6,25,13.6,64.8,fair,0.561,fair,0,0.5548,1,0.5124,0,6.1
XB-20242148,Mangoes,Onitsha,Jos,6.14,6.79,9.92,8.89,2216.9,410176.0,727.7,17.14,4.38,21.52,96,0.224,0,29.5,31.6,20,11.6,61.5,poor,2.16,fair,1,0.6343,1,0.5552,0,6.44
XB-20242149,Strawberries,Jos,Port Harcourt,9.92,8.89,4.82,7.04,1291.5,940239.0,906.1,15.91,1.73,17.64,36,0.49,0,41.5,43.6,8,35.6,70.2,poor,1.942,poor,3,0.7116,1,0.8844,1,9.08
XB-20242150,Dairy,Onitsha,Port Harcourt,6.14,6.79,4.82,7.04,2771.5,1105737.0,236.7,4.24,5.54,9.78,48,0.204,0,39.7,45.1,6,39.1,73.1,good,0.0,good,1,0.6139,1,0.4828,1,5.86
XB-20242151,Strawberries,Enugu,Lagos,6.44,7.5,6.52,3.38,3540.9,2921108.0,614.7,11.03,0.84,11.87,36,0.33,1,7.1,13.8,8,5.8,60.1,fair,1.06,good,3,0.3151,0,0.3669,0,4.93
XB-20242152,Dairy,Lagos,Onitsha,6.52,3.38,6.14,6.79,1562.9,709649.0,560.4,13.0,1.52,14.52,48,0.302,0,32.7,36.8,6,30.8,59.6,poor,1.979,good,0,0.6558,1,0.4889,1,5.91
XB-20242153,Strawberries,Kano,Jos,12.0,8.52,9.92,8.89,3893.0,2855124.0,329.7,6.72,4.16,10.88,36,0.302,1,9.1,16.5,8,8.5,67.3,poor,2.436,good,0,0.3601,0,0.3155,0,4.52
XB-20242154,Mangoes,Lagos,Port Harcourt,6.52,3.38,4.82,7.04,4777.8,1019531.0,611.6,16.47,4.02,20.49,96,0.213,0,33.8,37.0,20,17.0,81.0,poor,2.646,good,0,0.5893,1,0.3911,0,5.13
XB-20242155,Fresh Fish,Enugu,Kano,6.44,7.5,12.0,8.52,2927.4,1791019.0,848.6,20.03,0.09,20.12,24,0.839,0,40.2,44.0,4,40.0,71.7,good,0.0,good,0,0.476,1,0.2643,0,4.11
XB-20242156,Mangoes,Jos,Enugu,9.92,8.89,6.44,7.5,929.8,173714.0,640.8,12.69,4.02,16.71,96,0.174,1,22.2,28.9,20,8.9,89.7,fair,1.142,good,1,0.5047,0,0.4638,1,5.71
XB-20242157,Dairy,Ibadan,Port Harcourt,7.38,3.93,4.82,7.04,591.2,259229.0,631.9,13.79,2.0,15.79,48,0.329,0,39.0,41.4,6,35.4,90.8,good,0.0,good,0,0.7238,1,0.5295,1,6.24
XB-20242158,Fresh Fish,Ibadan,Kaduna,7.38,3.93,10.52,7.44,231.7,139337.0,675.6,11.35,1.59,12.94,24,0.539,1,7.8,11.5,4,7.5,62.7,fair,0.563,poor,3,0.5433,0,0.6891,1,7.51
XB-20242159,Strawberries,Enugu,Jos,6.44,7.5,9.92,8.89,3809.6,3048552.0,648.2,14.25,1.84,16.09,36,0.447,0,31.0,36.7,8,28.7,71.6,good,0.0,good,0,0.4654,1,0.2844,0,4.28
XB-20242160,Dairy,Kaduna,Lagos,10.52,7.44,6.52,3.38,3823.8,1666748.0,760.9,16.24,0.72,16.96,48,0.353,1,7.6,10.1,6,4.1,69.0,poor,1.905,good,0,0.4207,1,0.4334,0,5.47
XB-20242161,Strawberries,Ibadan,Lagos,7.38,3.93,6.52,3.38,4512.3,3593802.0,163.0,4.64,3.19,7.83,36,0.218,1,7.8,12.1,8,4.1,84.6,fair,0.549,fair,2,0.3425,0,0.4431,1,5.55
XB-20242162,Dairy,Jos,Kano,9.92,8.89,12.0,8.52,210.6,84748.0,331.0,8.25,1.05,9.3,48,0.194,1,9.3,16.4,6,10.4,91.3,poor,1.56,good,0,0.5188,1,0.3562,0,4.85
XB-20242163,Peppers,Ibadan,Enugu,7.38,3.93,6.44,7.5,1657.5,280274.0,625.0,10.31,3.63,13.94,96,0.145,0,35.8,39.8,22,17.8,73.7,poor,1.27,good,0,0.6908,1,0.5316,1,6.25
XB-20242164,Dairy,Kano,Kaduna,12.0,8.52,10.52,7.44,4639.4,2035777.0,306.3,8.42,1.2,9.61,48,0.2,1,6.1,11.9,6,5.9,61.1,fair,0.794,excellent,0,0.3999,0,0.2784,0,4.23
XB-20242165,Leafy Greens,Kaduna,Port Harcourt,10.52,7.44,4.82,7.04,4721.5,1352975.0,950.6,16.85,0.14,16.99,48,0.354,0,28.2,32.8,10,22.8,62.3,good,0.0,excellent,0,0.6417,1,0.3349,0,4.68
XB-20242166,Tomatoes,Zaria,Kaduna,11.08,7.71,10.52,7.44,4918.8,1565454.0,109.4,2.45,2.34,4.79,72,0.066,1,25.0,32.1,25,7.1,85.2,good,0.0,good,0,0.2444,0,0.2426,0,3.94
XB-20242167,Tomatoes,Abuja,Kano,9.07,7.4,12.0,8.52,3043.2,1018755.0,450.5,7.27,0.27,7.54,72,0.105,0,31.9,39.1,25,14.1,90.1,poor,2.607,excellent,0,0.6234,1,0.3476,0,4.78
XB-20242168,Dairy,Kaduna,Lagos,10.52,7.44,6.52,3.38,2551.8,1020277.0,792.3,17.85,1.43,19.28,48,0.402,1,4.8,7.8,6,1.8,62.3,poor,1.894,good,0,0.3161,0,0.2076,0,3.66
XB-20242169,Fresh Fish,Lagos,Enugu,6.52,3.38,6.44,7.5,3004.0,1849693.0,579.3,9.45,0.1,9.55,24,0.398,1,5.4,7.6,4,3.6,62.0,poor,2.031,good,1,0.4511,0,0.5128,1,6.1
XB-20242170,Mangoes,Kano,Onitsha,12.0,8.52,6.14,6.79,1871.9,399433.0,845.3,19.61,0.05,19.66,96,0.205,0,31.2,37.8,20,17.8,55.3,poor,2.731,good,0,0.557,1,0.3495,0,4.8
XB-20242171,Leafy Greens,Kano,Port Harcourt,12.0,8.52,4.82,7.04,3720.2,955136.0,1153.3,29.68,1.71,31.39,48,0.654,0,30.7,35.2,10,25.2,77.9,poor,2.256,excellent,0,0.8197,1,0.4166,0,5.33
XB-20242172,Peppers,Ibadan,Kaduna,7.38,3.93,10.52,7.44,877.0,172782.0,723.7,15.86,0.65,16.51,96,0.172,1,23.5,28.0,22,6.0,62.2,poor,1.124,fair,0,0.1218,0,0.256,0,4.05
XB-20242173,Tomatoes,Zaria,Abuja,11.08,7.71,9.07,7.4,2436.8,937999.0,286.0,4.83,0.76,5.59,72,0.078,0,32.3,40.1,25,15.1,75.9,fair,0.946,fair,0,0.5277,0,0.4845,0,5.88
XB-20242174,Leafy Greens,Jos,Kano,9.92,8.89,12.0,8.52,2520.3,749297.0,315.7,5.34,1.06,6.41,48,0.133,0,36.8,43.2,10,33.2,74.1,fair,0.723,good,0,0.4748,0,0.3215,0,4.57
XB-20242175,Mangoes,Jos,Zaria,9.92,8.89,11.08,7.71,437.1,91226.0,238.0,6.2,0.97,7.17,96,0.075,0,34.2,41.4,20,21.4,87.6,fair,1.452,fair,0,0.5231,0,0.4699,0,5.76
XB-20242176,Tomatoes,Lagos,Onitsha,6.52,3.38,6.14,6.79,4805.4,1652932.0,474.1,12.57,1.58,14.15,72,0.196,1,25.5,29.0,25,4.0,90.7,fair,1.395,good,1,0.2309,0,0.2215,0,3.77
XB-20242177,Strawberries,Ibadan,Lagos,7.38,3.93,6.52,3.38,1976.4,1613040.0,167.0,3.18,1.4,4.58,36,0.127,1,11.6,19.4,8,11.4,66.5,fair,0.741,good,1,0.3945,0,0.4492,1,5.59
XB-20242178,Peppers,Onitsha,Abuja,6.14,6.79,9.07,7.4,1925.2,364015.0,420.3,6.71,0.59,7.3,96,0.076,1,20.8,25.1,22,3.1,74.1,fair,1.191,excellent,0,0.274,0,0.0864,0,2.69
XB-20242179,Mangoes,Jos,Zaria,9.92,8.89,11.08,7.71,752.5,152094.0,265.4,7.34,2.2,9.54,96,0.099,0,28.7,32.2,20,12.2,71.6,fair,0.689,fair,0,0.5172,1,0.4467,0,5.57
XB-20242180,Leafy Greens,Jos,Enugu,9.92,8.89,6.44,7.5,2918.1,765861.0,598.9,15.2,1.5,16.7,48,0.348,1,10.9,14.3,10,4.3,84.4,poor,1.864,poor,1,0.3756,0,0.4766,0,5.81
XB-20242181,Tomatoes,Onitsha,Jos,6.14,6.79,9.92,8.89,2026.3,734800.0,658.4,17.76,1.03,18.79,72,0.261,0,24.6,28.6,25,3.6,79.1,fair,1.297,excellent,0,0.3175,0,0.1392,0,3.11
XB-20242182,Peppers,Kano,Kaduna,12.0,8.52,10.52,7.44,3952.4,647343.0,294.3,5.67,0.91,6.58,96,0.068,0,36.1,40.6,22,18.6,75.5,fair,0.941,fair,0,0.3899,0,0.3393,0,4.71
XB-20242183,Dairy,Kano,Zaria,12.0,8.52,11.08,7.71,4374.2,1730973.0,183.7,4.19,2.31,6.5,48,0.135,0,30.6,33.9,6,27.9,83.0,poor,1.284,good,1,0.7097,1,0.4997,1,6.0
XB-20242184,Strawberries,Onitsha,Kano,6.14,6.79,12.0,8.52,3558.4,2616107.0,1068.8,16.8,2.05,18.85,36,0.524,0,30.6,33.7,8,25.7,90.6,good,0.0,good,1,0.8047,1,0.5768,1,6.61
XB-20242185,Fresh Fish,Port Harcourt,Kaduna,4.82,7.04,10.52,7.44,3180.2,1930483.0,920.7,14.76,0.38,15.14,24,0.631,0,33.9,38.5,4,34.5,58.1,fair,0.759,good,0,0.5716,1,0.4114,0,5.29
XB-20242186,Strawberries,Port Harcourt,Kaduna,4.82,7.04,10.52,7.44,1197.5,942921.0,918.9,21.52,0.02,21.54,36,0.598,0,30.9,37.5,8,29.5,67.8,fair,1.441,fair,2,0.4972,0,0.6095,1,6.88
XB-20242187,Fresh Fish,Ibadan,Jos,7.38,3.93,9.92,8.89,365.5,237300.0,785.1,12.35,1.24,13.59,24,0.566,1,3.6,9.1,4,5.1,59.7,poor,1.352,fair,0,0.4421,0,0.3317,0,4.65
XB-20242188,Fresh Fish,Onitsha,Lagos,6.14,6.79,6.52,3.38,1060.2,666117.0,538.8,11.52,2.03,13.55,24,0.565,1,2.2,5.1,4,1.1,88.0,fair,1.008,poor,2,0.3276,0,0.5579,1,6.46
XB-20242189,Dairy,Kano,Onitsha,12.0,8.52,6.14,6.79,1262.4,556519.0,886.1,17.33,0.9,18.23,48,0.38,0,36.0,39.8,6,33.8,65.8,good,0.0,fair,0,0.5609,0,0.4544,0,5.63
XB-20242190,Dairy,Enugu,Zaria,6.44,7.5,11.08,7.71,2370.2,1083710.0,687.4,10.99,2.49,13.48,48,0.281,0,39.5,44.6,6,38.6,61.7,fair,1.421,excellent,0,0.508,1,0.2002,0,3.6
XB-20242191,Tomatoes,Enugu,Zaria,6.44,7.5,11.08,7.71,240.2,77244.0,813.9,12.92,2.36,15.28,72,0.212,0,38.8,44.5,25,19.5,86.4,fair,1.264,poor,1,0.5353,0,0.6671,1,7.34
XB-20242192,Fresh Fish,Enugu,Zaria,6.44,7.5,11.08,7.71,4910.3,3192526.0,792.5,16.79,0.26,17.05,24,0.71,1,6.6,9.6,4,5.6,66.8,fair,0.961,fair,1,0.332,0,0.4954,1,5.96
XB-20242193,Leafy Greens,Kano,Ibadan,12.0,8.52,7.38,3.93,1429.7,408396.0,927.8,18.78,2.35,21.12,48,0.44,0,39.1,42.8,10,32.8,81.1,fair,0.957,good,0,0.6549,1,0.4301,0,5.44
XB-20242194,Strawberries,Lagos,Port Harcourt,6.52,3.38,4.82,7.04,1029.3,847298.0,698.6,16.23,3.48,19.72,36,0.548,1,8.4,15.5,8,7.5,85.2,good,0.0,fair,0,0.4954,0,0.3318,0,4.65
XB-20242195,Strawberries,Port Harcourt,Kano,4.82,7.04,12.0,8.52,1536.2,1140022.0,991.9,23.08,2.93,26.01,36,0.723,0,28.8,33.3,8,25.3,60.5,fair,1.012,fair,0,0.8437,1,0.6338,1,7.07
XB-20242196,Dairy,Abuja,Ibadan,9.07,7.4,7.38,3.93,4227.5,1876847.0,513.8,12.68,1.6,14.28,48,0.298,0,26.0,33.6,6,27.6,55.8,fair,0.756,good,1,0.5687,0,0.4258,1,5.41
XB-20242197,Strawberries,Onitsha,Enugu,6.14,6.79,6.44,7.5,1490.7,1155275.0,126.1,2.71,0.72,3.43,36,0.095,1,10.8,18.6,8,10.6,68.7,good,0.0,good,3,0.3727,0,0.5883,1,6.71
XB-20242198,Strawberries,Jos,Ibadan,9.92,8.89,7.38,3.93,4969.2,3696351.0,932.1,17.85,0.63,18.48,36,0.513,1,9.5,16.1,8,8.1,79.9,fair,1.292,poor,3,0.3729,0,0.6644,1,7.32
XB-20242199,Mangoes,Kaduna,Lagos,10.52,7.44,6.52,3.38,2322.6,471477.0,788.0,15.83,3.61,19.44,96,0.203,0,28.9,33.0,20,13.0,82.2,fair,0.814,good,1,0.6343,1,0.4661,0,5.73
XB-20242200,Leafy Greens,Port Harcourt,Abuja,4.82,7.04,9.07,7.4,3162.7,891068.0,599.3,9.36,0.58,9.95,48,0.207,1,8.4,15.3,10,5.3,76.8,good,0.0,excellent,0,0.0649,0,0.0588,0,2.47
XB-20242201,Leafy Greens,Port Harcourt,Enugu,4.82,7.04,6.44,7.5,4837.7,1324854.0,246.6,5.82,0.29,6.12,48,0.127,0,26.7,34.0,10,24.0,84.0,fair,1.221,excellent,0,0.5787,1,0.2152,0,3.72
XB-20242202,Fresh Fish,Ibadan,Zaria,7.38,3.93,11.08,7.71,1177.9,766773.0,853.5,23.98,1.21,25.19,24,1.05,1,5.2,10.4,4,6.4,62.5,fair,0.519,excellent,0,0.7646,1,0.2981,0,4.38
XB-20242203,Tomatoes,Enugu,Kano,6.44,7.5,12.0,8.52,2555.9,945726.0,976.4,23.01,2.15,25.17,72,0.35,0,33.6,37.8,25,12.8,58.1,poor,2.688,good,0,0.6708,1,0.4228,0,5.38
XB-20242204,Strawberries,Enugu,Kaduna,6.44,7.5,10.52,7.44,3847.5,2842291.0,702.7,18.61,1.01,19.62,36,0.545,1,10.1,13.4,8,5.4,80.9,poor,2.52,excellent,0,0.4109,0,0.2045,0,3.64
XB-20242205,Fresh Fish,Kaduna,Jos,10.52,7.44,9.92,8.89,2755.5,1657682.0,222.4,3.43,0.03,3.47,24,0.144,1,3.9,8.7,4,4.7,67.7,poor,2.361,fair,3,0.2397,0,0.5163,0,6.13
XB-20242206,Leafy Greens,Port Harcourt,Onitsha,4.82,7.04,6.14,6.79,3041.6,853244.0,217.0,4.58,3.34,7.92,48,0.165,0,29.1,34.0,10,24.0,71.4,fair,0.812,fair,0,0.5386,0,0.5261,0,6.21
XB-20242207,Leafy Greens,Enugu,Onitsha,6.44,7.5,6.14,6.79,1091.7,290762.0,114.7,1.77,3.35,5.12,48,0.107,0,28.6,33.3,10,23.3,70.3,fair,0.83,excellent,0,0.4377,0,0.1713,0,3.37
XB-20242208,Leafy Greens,Kaduna,Enugu,10.52,7.44,6.44,7.5,1539.1,431624.0,698.4,15.7,2.3,17.99,48,0.375,1,11.7,15.4,10,5.4,67.7,good,0.0,fair,0,0.2383,0,0.249,0,3.99
XB-20242209,Dairy,Onitsha,Kano,6.14,6.79,12.0,8.52,851.4,347573.0,975.4,20.9,2.15,23.04,48,0.48,0,29.0,34.8,6,28.8,72.4,fair,1.302,excellent,0,0.6095,1,0.3427,0,4.74
XB-20242210,Peppers,Onitsha,Jos,6.14,6.79,9.92,8.89,2559.4,470664.0,686.6,11.99,0.34,12.33,96,0.128,0,28.8,35.0,22,13.0,91.2,poor,2.377,good,0,0.6139,0,0.3974,0,5.18
XB-20242211,Strawberries,Ibadan,Enugu,7.38,3.93,6.44,7.5,1320.7,1070021.0,551.4,12.35,2.7,15.05,36,0.418,1,11.0,17.5,8,9.5,64.7,poor,1.878,fair,0,0.3691,0,0.3877,0,5.1
XB-20242212,Peppers,Lagos,Onitsha,6.52,3.38,6.14,6.79,2671.5,464475.0,575.2,16.37,0.06,16.43,96,0.171,0,28.5,36.0,22,14.0,71.4,poor,1.251,poor,0,0.5498,0,0.5172,1,6.14
XB-20242213,Mangoes,Enugu,Port Harcourt,6.44,7.5,4.82,7.04,916.9,170011.0,282.6,7.31,0.67,7.98,96,0.083,0,34.7,38.7,20,18.7,68.5,good,0.0,fair,3,0.3244,0,0.6049,1,6.84
XB-20242214,Strawberries,Zaria,Kano,11.08,7.71,12.0,8.52,2888.6,2294012.0,177.3,3.63,1.21,4.84,36,0.135,1,10.0,16.7,8,8.7,72.7,fair,1.035,excellent,0,0.4018,0,0.136,0,3.09
XB-20242215,Leafy Greens,Jos,Abuja,9.92,8.89,9.07,7.4,4186.6,1071281.0,299.0,6.03,0.41,6.43,48,0.134,1,8.5,11.2,10,1.2,58.0,poor,1.078,good,0,0.1783,0,0.2069,0,3.66
XB-20242216,Tomatoes,Ibadan,Jos,7.38,3.93,9.92,8.89,1453.9,544646.0,938.5,24.59,0.18,24.77,72,0.344,0,30.6,36.9,25,11.9,55.3,good,0.0,excellent,0,0.5036,1,0.2236,0,3.79
XB-20242217,Strawberries,Abuja,Port Harcourt,9.07,7.4,4.82,7.04,2415.8,2010824.0,637.3,17.19,0.61,17.79,36,0.494,0,29.7,36.4,8,28.4,58.7,poor,1.213,poor,1,0.6778,1,0.6926,1,7.54
XB-20242218,Fresh Fish,Jos,Ibadan,9.92,8.89,7.38,3.93,2583.2,1485723.0,903.4,14.05,2.06,16.11,24,0.671,0,32.2,35.9,4,31.9,77.4,poor,2.862,fair,0,0.712,1,0.5678,0,6.54
XB-20242219,Dairy,Lagos,Jos,6.52,3.38,9.92,8.89,2797.9,1249406.0,1132.7,27.58,0.79,28.37,48,0.591,0,31.8,39.7,6,33.7,87.2,good,0.0,excellent,0,0.6009,1,0.229,0,3.83
XB-20242220,Mangoes,Zaria,Kano,11.08,7.71,12.0,8.52,1229.7,243295.0,175.7,3.44,0.93,4.36,96,0.045,1,23.7,27.5,20,7.5,81.1,fair,1.47,poor,2,0.23,0,0.5725,1,6.58
XB-20242221,Strawberries,Kaduna,Zaria,10.52,7.44,11.08,7.71,217.4,170328.0,103.1,1.74,4.32,6.07,36,0.168,1,11.2,15.6,8,7.6,55.2,poor,1.574,fair,1,0.4113,0,0.4632,0,5.71
XB-20242222,Peppers,Zaria,Enugu,11.08,7.71,6.44,7.5,3871.8,657713.0,822.3,23.45,1.02,24.46,96,0.255,1,22.4,29.6,22,7.6,58.5,fair,1.434,excellent,0,0.4599,0,0.2434,0,3.95
XB-20242223,Leafy Greens,Port Harcourt,Abuja,4.82,7.04,9.07,7.4,776.7,223574.0,746.9,12.16,0.8,12.96,48,0.27,0,28.9,33.7,10,23.7,57.2,fair,0.637,good,1,0.6706,1,0.4752,1,5.8
XB-20242224,Leafy Greens,Port Harcourt,Lagos,4.82,7.04,6.52,3.38,2004.0,584163.0,676.4,13.63,2.01,15.64,48,0.326,0,33.2,39.5,10,29.5,77.1,poor,2.021,good,0,0.6629,1,0.4219,0,5.38
XB-20242225,Peppers,Onitsha,Jos,6.14,6.79,9.92,8.89,1216.7,219883.0,640.7,12.73,2.51,15.25,96,0.159,1,20.5,28.0,22,6.0,60.3,fair,0.599,good,0,0.1684,0,0.0675,0,2.54
XB-20242226,Strawberries,Kano,Port Harcourt,12.0,8.52,4.82,7.04,324.9,255455.0,1255.2,31.64,1.55,33.19,36,0.922,0,40.7,46.9,8,38.9,69.7,fair,1.044,fair,4,0.8265,1,0.8143,1,8.51
XB-20242227,Fresh Fish,Kaduna,Lagos,10.52,7.44,6.52,3.38,4446.1,2898143.0,770.1,15.36,0.03,15.39,24,0.641,0,34.1,37.9,4,33.9,59.7,poor,2.913,excellent,0,0.6242,1,0.246,0,3.97
XB-20242228,Dairy,Enugu,Abuja,6.44,7.5,9.07,7.4,1873.6,737270.0,463.8,7.88,0.21,8.09,48,0.169,0,34.4,36.4,6,30.4,63.9,fair,0.83,good,0,0.4477,1,0.3518,0,4.81
XB-20242229,Fresh Fish,Onitsha,Jos,6.14,6.79,9.92,8.89,1784.7,1070670.0,699.9,11.37,0.31,11.68,24,0.487,1,4.2,8.7,4,4.7,66.8,poor,2.327,good,1,0.4312,0,0.3702,0,4.96
XB-20242230,Mangoes,Zaria,Abuja,11.08,7.71,9.07,7.4,2600.0,469436.0,281.6,5.24,1.61,6.85,96,0.071,0,37.0,43.6,20,23.6,77.7,good,0.0,good,1,0.4492,0,0.4459,1,5.57
XB-20242231,Dairy,Enugu,Lagos,6.44,7.5,6.52,3.38,2942.3,1357174.0,583.8,11.43,6.71,18.14,48,0.378,0,28.6,35.4,6,29.4,61.0,fair,1.113,poor,0,0.6378,1,0.6079,1,6.86
XB-20242232,Dairy,Zaria,Kano,11.08,7.71,12.0,8.52,2976.8,1320604.0,192.0,5.25,1.29,6.55,48,0.136,1,5.5,11.5,6,5.5,79.8,fair,1.424,poor,0,0.2022,0,0.3172,0,4.54
XB-20242233,Fresh Fish,Ibadan,Abuja,7.38,3.93,9.07,7.4,353.3,226127.0,662.9,15.57,0.13,15.7,24,0.654,1,6.5,11.5,4,7.5,75.4,poor,2.569,excellent,0,0.4217,1,0.1776,0,3.42
XB-20242234,Dairy,Ibadan,Port Harcourt,7.38,3.93,4.82,7.04,3243.3,1436304.0,651.2,18.33,1.12,19.45,48,0.405,1,4.9,9.6,6,3.6,90.9,good,0.0,good,0,0.2539,0,0.17,0,3.36
XB-20242235,Strawberries,Jos,Onitsha,9.92,8.89,6.14,6.79,1038.5,887439.0,694.7,15.5,6.42,21.92,36,0.609,1,11.4,16.8,8,8.8,81.7,fair,1.387,poor,1,0.6178,1,0.6834,0,7.47
XB-20242236,Peppers,Kano,Enugu,12.0,8.52,6.44,7.5,2302.5,427267.0,782.2,13.72,0.28,14.01,96,0.146,1,20.6,24.2,22,2.2,76.6,good,0.0,good,0,0.0879,0,0.0294,0,2.23
XB-20242237,Mangoes,Jos,Enugu,9.92,8.89,6.44,7.5,1781.0,390788.0,631.6,17.36,1.03,18.39,96,0.192,1,23.9,27.4,20,7.4,64.9,poor,2.779,fair,1,0.4691,1,0.5595,0,6.48
XB-20242238,Peppers,Ibadan,Zaria,7.38,3.93,11.08,7.71,1755.2,315905.0,910.9,22.92,4.62,27.53,96,0.287,1,22.0,27.5,22,5.5,56.7,good,0.0,fair,1,0.338,0,0.3929,0,5.14
XB-20242239,Leafy Greens,Lagos,Kano,6.52,3.38,12.0,8.52,4696.2,1392880.0,1025.5,16.49,1.24,17.73,48,0.369,1,11.2,18.7,10,8.7,78.4,good,0.0,fair,1,0.3048,0,0.3925,0,5.14
XB-20242240,Leafy Greens,Enugu,Abuja,6.44,7.5,9.07,7.4,1423.4,435204.0,360.8,5.68,0.01,5.69,48,0.118,1,13.1,20.4,10,10.4,74.2,poor,2.407,good,0,0.3132,0,0.2037,0,3.63
XB-20242241,Dairy,Onitsha,Jos,6.14,6.79,9.92,8.89,4972.9,2251182.0,676.4,12.04,2.31,14.35,48,0.299,1,6.2,8.7,6,2.7,78.5,good,0.0,excellent,0,0.2127,0,0.048,0,2.38
XB-20242242,Leafy Greens,Port Harcourt,Abuja,4.82,7.04,9.07,7.4,2072.2,613719.0,688.7,16.9,0.89,17.79,48,0.371,0,40.6,46.8,10,36.8,80.9,fair,0.519,fair,1,0.6699,1,0.6428,1,7.14
XB-20242243,Peppers,Jos,Ibadan,9.92,8.89,7.38,3.93,4478.2,849704.0,884.2,16.7,0.28,16.98,96,0.177,1,23.9,30.0,22,8.0,67.1,fair,1.129,poor,1,0.2706,0,0.5537,0,6.43
XB-20242244,Tomatoes,Port Harcourt,Enugu,4.82,7.04,6.44,7.5,3571.4,1285806.0,264.8,4.32,1.21,5.53,72,0.077,1,25.8,30.9,25,5.9,85.6,good,0.0,good,1,0.2149,0,0.2323,0,3.86
XB-20242245,Mangoes,Lagos,Kano,6.52,3.38,12.0,8.52,4767.8,985446.0,1128.2,25.39,4.64,30.03,96,0.313,0,37.8,45.4,20,25.4,82.8,good,0.0,good,1,0.6413,1,0.4174,0,5.34
XB-20242246,Tomatoes,Kaduna,Jos,10.52,7.44,9.92,8.89,2820.4,932828.0,266.6,5.66,1.01,6.67,72,0.093,1,28.9,35.4,25,10.4,72.8,good,0.0,good,0,0.2733,0,0.1946,0,3.56
XB-20242247,Fresh Fish,Kaduna,Zaria,10.52,7.44,11.08,7.71,1960.7,1152919.0,93.5,1.48,0.38,1.86,24,0.078,1,5.5,9.2,4,5.2,71.0,fair,1.092,fair,0,0.2835,0,0.3713,0,4.97
XB-20242248,Leafy Greens,Enugu,Kano,6.44,7.5,12.0,8.52,3994.1,1137140.0,827.4,12.83,0.87,13.69,48,0.285,0,32.0,36.7,10,26.7,86.6,poor,1.672,excellent,0,0.6564,1,0.2765,0,4.21
XB-20242249,Strawberries,Kaduna,Abuja,10.52,7.44,9.07,7.4,4331.4,3630922.0,236.3,5.07,1.49,6.55,36,0.182,1,10.8,17.5,8,9.5,60.7,good,0.0,excellent,0,0.3129,0,0.0494,0,2.4
XB-20242250,Tomatoes,Ibadan,Kaduna,7.38,3.93,10.52,7.44,1797.5,615382.0,808.7,18.42,4.09,22.51,72,0.313,0,34.8,42.0,25,17.0,82.9,fair,1.366,fair,0,0.6692,1,0.666,1,7.33
XB-20242251,Strawberries,Zaria,Enugu,11.08,7.71,6.44,7.5,3065.0,2304386.0,674.3,11.38,0.54,11.92,36,0.331,0,33.7,40.8,8,32.8,59.2,good,0.0,good,0,0.5174,1,0.4335,0,5.47
XB-20242252,Tomatoes,Kaduna,Lagos,10.52,7.44,6.52,3.38,388.4,133404.0,959.0,17.45,0.28,17.73,72,0.246,1,24.7,30.6,25,5.6,90.9,good,0.0,good,0,0.2799,0,0.1871,0,3.5
XB-20242253,Dairy,Onitsha,Lagos,6.14,6.79,6.52,3.38,4922.4,2185650.0,489.8,10.39,0.94,11.33,48,0.236,0,33.6,37.8,6,31.8,67.9,good,0.0,good,1,0.423,0,0.4458,0,5.57
XB-20242254,Tomatoes,Enugu,Kano,6.44,7.5,12.0,8.52,766.2,278076.0,945.1,16.46,0.1,16.55,72,0.23,0,34.9,41.9,25,16.9,76.2,poor,1.045,fair,0,0.4782,1,0.3403,0,4.72
XB-20242255,Strawberries,Abuja,Kaduna,9.07,7.4,10.52,7.44,4804.4,3965533.0,225.8,5.22,0.3,5.52,36,0.153,1,7.9,10.5,8,2.5,88.1,poor,2.23,excellent,0,0.3206,0,0.1169,0,2.94
XB-20242256,Peppers,Abuja,Lagos,9.07,7.4,6.52,3.38,1943.3,330102.0,830.5,16.74,0.06,16.8,96,0.175,0,25.0,30.5,22,8.5,77.7,poor,1.46,good,3,0.4138,0,0.548,0,6.38
XB-20242257,Leafy Greens,Zaria,Kaduna,11.08,7.71,10.52,7.44,2561.3,709652.0,101.9,1.82,0.92,2.74,48,0.057,0,36.6,43.5,10,33.5,86.4,good,0.0,fair,0,0.5254,1,0.5323,0,6.26
XB-20242258,Mangoes,Enugu,Port Harcourt,6.44,7.5,4.82,7.04,1734.5,329013.0,297.0,7.49,0.92,8.41,96,0.088,1,19.4,25.8,20,5.8,65.7,fair,1.138,fair,0,0.2445,0,0.3497,0,4.8
XB-20242259,Mangoes,Onitsha,Kaduna,6.14,6.79,10.52,7.44,3156.1,661556.0,614.0,14.4,0.53,14.93,96,0.156,0,33.1,36.4,20,16.4,79.2,poor,1.924,good,0,0.5698,1,0.3677,0,4.94
XB-20242260,Peppers,Zaria,Port Harcourt,11.08,7.71,4.82,7.04,4117.8,710142.0,1044.7,24.35,5.33,29.68,96,0.309,0,38.1,43.3,22,21.3,62.5,fair,0.965,good,1,0.5219,1,0.4828,0,5.86
XB-20242261,Dairy,Jos,Zaria,9.92,8.89,11.08,7.71,2029.5,877421.0,271.2,6.16,1.89,8.05,48,0.168,0,33.4,36.0,6,30.0,78.2,poor,1.342,excellent,0,0.637,1,0.3628,0,4.9
XB-20242262,Leafy Greens,Ibadan,Lagos,7.38,3.93,6.52,3.38,564.3,153184.0,155.3,4.08,2.34,6.42,48,0.134,1,12.4,19.1,10,9.1,73.3,fair,0.736,excellent,0,0.2127,0,0.01,0,2.08
XB-20242263,Tomatoes,Ibadan,Lagos,7.38,3.93,6.52,3.38,3649.7,1234249.0,166.3,4.33,0.93,5.25,72,0.073,1,25.2,30.6,25,5.6,90.1,fair,0.858,excellent,0,0.2489,0,0.057,0,2.46
XB-20242264,Strawberries,Jos,Zaria,9.92,8.89,11.08,7.71,4050.7,3522179.0,219.2,3.68,0.07,3.75,36,0.104,1,6.2,12.9,8,4.9,86.4,fair,0.855,excellent,0,0.3391,0,0.1301,0,3.04
XB-20242265,Mangoes,Jos,Lagos,9.92,8.89,6.52,3.38,1988.8,400515.0,866.0,13.42,2.41,15.83,96,0.165,1,19.3,22.2,20,2.2,59.4,poor,2.813,good,0,0.2803,0,0.3005,0,4.4
XB-20242266,Leafy Greens,Onitsha,Port Harcourt,6.14,6.79,4.82,7.04,1165.8,343070.0,216.8,4.4,0.98,5.38,48,0.112,0,27.7,32.2,10,22.2,70.9,fair,0.501,poor,0,0.4548,1,0.5078,0,6.06
XB-20242267,Fresh Fish,Jos,Kaduna,9.92,8.89,10.52,7.44,1432.4,931899.0,211.6,4.53,2.17,6.7,24,0.279,1,5.3,12.3,4,8.3,88.2,fair,0.794,excellent,0,0.4043,0,0.2478,0,3.98
XB-20242268,Peppers,Ibadan,Zaria,7.38,3.93,11.08,7.71,1612.7,290457.0,833.6,23.43,1.4,24.83,96,0.259,0,34.1,40.5,22,18.5,78.2,good,0.0,excellent,0,0.5094,0,0.3392,0,4.71
XB-20242269,Dairy,Enugu,Lagos,6.44,7.5,6.52,3.38,1420.0,622585.0,700.6,17.17,1.92,19.09,48,0.398,1,8.9,15.8,6,9.8,80.6,poor,1.312,good,0,0.4373,0,0.2459,0,3.97
XB-20242270,Dairy,Ibadan,Onitsha,7.38,3.93,6.14,6.79,3354.5,1408068.0,443.2,7.24,1.37,8.61,48,0.179,1,5.4,8.4,6,2.4,90.3,fair,1.151,poor,1,0.3092,0,0.5513,0,6.41
XB-20242271,Fresh Fish,Enugu,Lagos,6.44,7.5,6.52,3.38,622.6,407654.0,687.8,11.69,0.21,11.91,24,0.496,0,31.5,38.6,4,34.6,79.4,good,0.0,excellent,0,0.6219,1,0.3856,0,5.08
XB-20242272,Dairy,Jos,Zaria,9.92,8.89,11.08,7.71,727.4,306914.0,244.9,6.37,1.73,8.1,48,0.169,0,33.7,39.6,6,33.6,71.8,good,0.0,good,1,0.4926,1,0.425,0,5.4
XB-20242273,Fresh Fish,Kaduna,Port Harcourt,10.52,7.44,4.82,7.04,1485.3,806105.0,781.4,14.99,0.76,15.74,24,0.656,1,4.7,10.3,4,6.3,91.0,fair,0.526,fair,0,0.6092,1,0.5003,1,6.0
XB-20242274,Leafy Greens,Onitsha,Lagos,6.14,6.79,6.52,3.38,1669.7,498814.0,490.5,9.85,0.42,10.28,48,0.214,0,28.2,30.7,10,20.7,82.8,fair,1.23,fair,0,0.5196,1,0.525,1,6.2
XB-20242275,Fresh Fish,Enugu,Kaduna,6.44,7.5,10.52,7.44,2965.5,1710201.0,641.8,13.09,2.57,15.66,24,0.653,0,33.3,37.0,4,33.0,84.3,poor,1.468,good,1,0.6486,1,0.418,0,5.34
XB-20242276,Peppers,Kaduna,Enugu,10.52,7.44,6.44,7.5,2768.9,513333.0,633.6,14.51,0.97,15.48,96,0.161,0,30.4,35.6,22,13.6,61.6,poor,2.837,good,1,0.5327,1,0.4083,0,5.27
XB-20242277,Fresh Fish,Kaduna,Enugu,10.52,7.44,6.44,7.5,4670.4,2652150.0,554.4,14.74,5.85,20.59,24,0.858,1,4.9,8.3,4,4.3,91.7,good,0.0,good,0,0.5648,1,0.4123,1,5.3
XB-20242278,Peppers,Kano,Zaria,12.0,8.52,11.08,7.71,1261.2,238322.0,209.2,4.71,3.9,8.61,96,0.09,1,23.8,31.6,22,9.6,82.5,poor,1.53,good,0,0.3216,0,0.2021,0,3.62
XB-20242279,Mangoes,Onitsha,Enugu,6.14,6.79,6.44,7.5,1821.9,333894.0,109.1,2.13,0.03,2.16,96,0.023,0,40.0,43.8,20,23.8,64.6,good,0.0,good,0,0.4478,0,0.3605,0,4.88
XB-20242280,Fresh Fish,Port Harcourt,Ibadan,4.82,7.04,7.38,3.93,1977.0,1172455.0,535.8,9.63,0.67,10.31,24,0.429,0,28.7,31.6,4,27.6,86.7,good,0.0,good,1,0.6437,1,0.4821,1,5.86
XB-20242281,Mangoes,Port Harcourt,Kaduna,4.82,7.04,10.52,7.44,1302.3,280310.0,851.7,20.35,1.61,21.95,96,0.229,0,32.9,35.7,20,15.7,90.2,good,0.0,excellent,0,0.6555,1,0.3619,0,4.9
XB-20242282,Fresh Fish,Lagos,Ibadan,6.52,3.38,7.38,3.93,1063.5,633627.0,170.0,3.45,0.02,3.47,24,0.145,1,6.4,10.6,4,6.6,62.8,good,0.0,good,0,0.1907,0,0.297,0,4.38
XB-20242283,Leafy Greens,Ibadan,Kano,7.38,3.93,12.0,8.52,1819.0,510811.0,888.9,16.78,0.85,17.63,48,0.367,0,36.4,43.6,10,33.6,62.5,fair,1.217,excellent,0,0.6059,1,0.3328,0,4.66
XB-20242284,Leafy Greens,Kaduna,Ibadan,10.52,7.44,7.38,3.93,2135.5,581911.0,654.9,16.4,1.37,17.77,48,0.37,0,31.5,39.4,10,29.4,62.1,poor,1.514,good,0,0.6672,1,0.4739,0,5.79
XB-20242285,Tomatoes,Jos,Abuja,9.92,8.89,9.07,7.4,427.3,159423.0,296.6,8.3,1.96,10.26,72,0.143,1,24.7,28.8,25,3.8,90.7,fair,1.044,excellent,0,0.2654,0,0.1267,0,3.01
XB-20242286,Peppers,Jos,Onitsha,9.92,8.89,6.14,6.79,3191.1,557528.0,623.1,12.85,0.3,13.15,96,0.137,1,20.4,24.2,22,2.2,86.0,fair,0.693,poor,2,0.1544,0,0.4539,1,5.63
XB-20242287,Leafy Greens,Lagos,Zaria,6.52,3.38,11.08,7.71,4904.7,1418240.0,879.5,19.17,0.9,20.07,48,0.418,1,10.0,13.0,10,3.0,68.5,poor,2.764,fair,0,0.2873,0,0.3877,0,5.1
XB-20242288,Strawberries,Lagos,Abuja,6.52,3.38,9.07,7.4,4657.8,3620891.0,759.6,16.43,1.21,17.63,36,0.49,1,9.0,14.0,8,6.0,90.6,fair,0.785,fair,0,0.441,0,0.3729,0,4.98
XB-20242289,Tomatoes,Onitsha,Kano,6.14,6.79,12.0,8.52,2582.8,981427.0,1014.5,22.24,3.26,25.5,72,0.354,0,35.7,43.1,25,18.1,79.8,good,0.0,good,1,0.6688,1,0.4914,0,5.93
XB-20242290,Strawberries,Kaduna,Abuja,10.52,7.44,9.07,7.4,2448.5,1987477.0,231.8,4.11,1.11,5.22,36,0.145,1,6.3,12.3,8,4.3,67.5,poor,1.859,excellent,0,0.1731,0,0.0464,0,2.37
XB-20242291,Leafy Greens,Port Harcourt,Ibadan,4.82,7.04,7.38,3.93,1378.2,406278.0,707.1,19.94,0.09,20.03,48,0.417,0,31.7,35.9,10,25.9,82.4,good,0.0,fair,0,0.4737,1,0.5665,0,6.53
XB-20242292,Strawberries,Enugu,Ibadan,6.44,7.5,7.38,3.93,2695.5,1993624.0,586.9,11.61,2.96,14.57,36,0.405,0,41.4,45.1,8,37.1,62.4,fair,0.941,fair,1,0.7846,1,0.7543,1,8.03
XB-20242293,Leafy Greens,Onitsha,Kaduna,6.14,6.79,10.52,7.44,3574.5,907423.0,595.9,16.37,4.75,21.12,48,0.44,0,25.6,31.6,10,21.6,86.3,poor,1.041,fair,2,0.7448,1,0.6801,1,7.44
XB-20242294,Fresh Fish,Zaria,Kano,11.08,7.71,12.0,8.52,486.6,312317.0,188.9,2.99,2.27,5.27,24,0.219,1,6.4,11.0,4,7.0,83.8,good,0.0,good,0,0.4705,0,0.3604,0,4.88
XB-20242295,Strawberries,Onitsha,Enugu,6.14,6.79,6.44,7.5,859.4,711923.0,109.7,1.81,1.57,3.38,36,0.094,1,6.4,12.1,8,4.1,90.3,fair,1.231,good,0,0.334,0,0.2494,0,4.0
XB-20242296,Dairy,Onitsha,Kano,6.14,6.79,12.0,8.52,285.9,122274.0,884.3,23.16,0.01,23.17,48,0.483,1,4.5,10.1,6,4.1,79.9,poor,2.799,good,1,0.2336,0,0.3761,0,5.01
XB-20242297,Fresh Fish,Ibadan,Zaria,7.38,3.93,11.08,7.71,4377.9,2453608.0,716.3,15.42,3.28,18.71,24,0.779,1,7.4,11.9,4,7.9,79.2,poor,2.11,excellent,0,0.6524,1,0.304,0,4.43
XB-20242298,Fresh Fish,Jos,Kaduna,9.92,8.89,10.52,7.44,2213.9,1280040.0,229.5,5.4,0.57,5.97,24,0.249,1,5.2,10.0,4,6.0,73.6,poor,2.307,fair,0,0.2259,0,0.3057,0,4.45
XB-20242299,Fresh Fish,Lagos,Abuja,6.52,3.38,9.07,7.4,3494.4,2129661.0,675.8,12.49,1.32,13.81,24,0.575,0,30.8,36.4,4,32.4,88.0,fair,0.996,good,0,0.9064,1,0.5531,0,6.43
XB-20242300,Fresh Fish,Enugu,Lagos,6.44,7.5,6.52,3.38,1334.9,843268.0,547.2,11.74,1.66,13.4,24,0.558,0,29.3,36.8,4,32.8,55.6,good,0.0,good,1,0.623,1,0.4033,0,5.23
XB-20242301,Peppers,Ibadan,Lagos,7.38,3.93,6.52,3.38,1735.5,302216.0,137.1,2.19,0.87,3.07,96,0.032,1,24.8,30.1,22,8.1,71.6,poor,2.86,fair,1,0.3963,0,0.4998,0,6.0
XB-20242302,Peppers,Zaria,Port Harcourt,11.08,7.71,4.82,7.04,200.5,38012.0,1038.6,16.76,0.08,16.84,96,0.175,0,32.8,38.5,22,16.5,78.8,poor,1.574,fair,1,0.53,0,0.6078,0,6.86
XB-20242303,Dairy,Kano,Enugu,12.0,8.52,6.44,7.5,3715.9,1456489.0,823.2,19.2,0.25,19.45,48,0.405,0,26.1,31.1,6,25.1,82.7,fair,1.009,excellent,0,0.6538,1,0.407,0,5.26
XB-20242304,Fresh Fish,Enugu,Lagos,6.44,7.5,6.52,3.38,4456.8,2775839.0,639.0,12.69,0.58,13.26,24,0.553,1,7.5,10.8,4,6.8,69.0,fair,0.909,excellent,0,0.3945,0,0.0912,0,2.73
XB-20242305,Dairy,Ibadan,Abuja,7.38,3.93,9.07,7.4,2743.0,1077510.0,554.7,12.94,2.18,15.12,48,0.315,0,35.5,41.7,6,35.7,64.4,fair,0.697,good,1,0.5768,1,0.5628,0,6.5
XB-20242306,Fresh Fish,Ibadan,Jos,7.38,3.93,9.92,8.89,444.2,248109.0,798.1,20.81,0.3,21.11,24,0.88,0,38.4,44.5,4,40.5,89.1,fair,0.503,fair,2,0.8161,1,0.7598,1,8.08
XB-20242307,Dairy,Kano,Zaria,12.0,8.52,11.08,7.71,797.6,308963.0,209.6,3.84,0.02,3.86,48,0.081,0,39.0,42.0,6,36.0,90.5,good,0.0,poor,2,0.4341,0,0.5918,0,6.73
XB-20242308,Dairy,Jos,Ibadan,9.92,8.89,7.38,3.93,2821.2,1174117.0,900.3,25.38,0.02,25.4,48,0.529,0,28.4,34.9,6,28.9,78.0,fair,1.21,poor,0,0.7194,1,0.6716,1,7.37
XB-20242309,Strawberries,Abuja,Enugu,9.07,7.4,6.44,7.5,2155.7,1731353.0,440.6,9.24,1.81,11.05,36,0.307,0,37.7,43.1,8,35.1,87.2,fair,1.074,excellent,0,0.5837,0,0.3908,0,5.13
XB-20242310,Fresh Fish,Enugu,Zaria,6.44,7.5,11.08,7.71,2592.6,1490353.0,702.5,13.53,5.74,19.27,24,0.803,0,35.8,42.2,4,38.2,57.8,poor,1.398,poor,2,0.8718,1,0.9429,1,9.54
XB-20242311,Dairy,Lagos,Kano,6.52,3.38,12.0,8.52,3093.1,1387898.0,1231.0,23.68,0.21,23.89,48,0.498,1,7.9,13.0,6,7.0,63.9,fair,0.984,good,0,0.3789,0,0.3669,0,4.94
XB-20242312,Dairy,Abuja,Onitsha,9.07,7.4,6.14,6.79,4362.9,1889496.0,422.6,6.87,0.14,7.01,48,0.146,0,31.0,33.1,6,27.1,77.2,good,0.0,excellent,0,0.5653,1,0.3288,0,4.63
XB-20242313,Leafy Greens,Abuja,Port Harcourt,9.07,7.4,4.82,7.04,3992.9,1056243.0,733.3,16.65,2.83,19.48,48,0.406,0,24.9,31.1,10,21.1,55.4,good,0.0,good,0,0.4464,1,0.2733,0,4.19
XB-20242314,Peppers,Abuja,Jos,9.07,7.4,9.92,8.89,818.7,132977.0,285.0,6.13,3.01,9.13,96,0.095,1,22.9,29.3,22,7.3,61.1,good,0.0,good,0,0.2194,0,0.2747,0,4.2
XB-20242315,Strawberries,Enugu,Kaduna,6.44,7.5,10.52,7.44,4783.2,4205046.0,702.5,13.98,0.08,14.06,36,0.39,1,9.0,13.2,8,5.2,65.5,fair,0.573,good,0,0.3418,0,0.2626,0,4.1
XB-20242316,Mangoes,Lagos,Kaduna,6.52,3.38,10.52,7.44,4496.1,835705.0,872.1,14.74,3.86,18.6,96,0.194,1,21.6,28.0,20,8.0,78.9,good,0.0,excellent,0,0.2031,0,0.0773,0,2.62
XB-20242317,Leafy Greens,Port Harcourt,Jos,4.82,7.04,9.92,8.89,2517.6,756955.0,741.5,19.96,1.6,21.57,48,0.449,1,12.8,17.8,10,7.8,79.5,poor,1.967,poor,2,0.5362,1,0.6773,1,7.42
XB-20242318,Leafy Greens,Kano,Onitsha,12.0,8.52,6.14,6.79,3823.0,1002187.0,985.0,17.61,3.27,20.89,48,0.435,0,31.6,35.6,10,25.6,86.6,fair,1.34,good,0,0.7219,1,0.4506,0,5.6
XB-20242319,Peppers,Ibadan,Onitsha,7.38,3.93,6.14,6.79,4942.4,824419.0,476.1,8.61,0.42,9.03,96,0.094,1,22.2,24.5,22,2.5,70.8,poor,1.934,good,1,0.2993,0,0.2757,0,4.21
XB-20242320,Leafy Greens,Zaria,Kano,11.08,7.71,12.0,8.52,1819.1,505865.0,183.5,3.28,0.65,3.93,48,0.082,1,12.8,16.3,10,6.3,60.1,fair,0.708,good,1,0.2972,0,0.2495,0,4.0
XB-20242321,Dairy,Zaria,Ibadan,11.08,7.71,7.38,3.93,4575.7,1759584.0,825.2,13.92,0.79,14.71,48,0.307,1,5.3,8.1,6,2.1,72.0,fair,0.857,excellent,0,0.261,0,0.1431,0,3.15
XB-20242322,Strawberries,Abuja,Enugu,9.07,7.4,6.44,7.5,4624.8,3648310.0,359.8,9.95,1.55,11.5,36,0.319,1,8.3,13.7,8,5.7,89.5,fair,0.535,good,0,0.3893,0,0.3957,0,5.17
XB-20242323,Strawberries,Jos,Enugu,9.92,8.89,6.44,7.5,3290.9,2387734.0,588.3,14.21,1.51,15.72,36,0.437,1,7.7,13.2,8,5.2,55.6,fair,1.126,good,0,0.3193,0,0.2682,0,4.15
XB-20242324,Strawberries,Port Harcourt,Onitsha,4.82,7.04,6.14,6.79,2084.9,1523689.0,219.8,3.69,1.16,4.85,36,0.135,0,44.9,52.9,8,44.9,58.7,fair,0.908,good,0,0.5145,0,0.3494,0,4.8
XB-20242325,Tomatoes,Kaduna,Onitsha,10.52,7.44,6.14,6.79,506.0,174967.0,775.5,16.45,4.84,21.28,72,0.296,0,30.3,33.2,25,8.2,89.7,fair,0.902,fair,0,0.6146,1,0.598,0,6.78
XB-20242326,Peppers,Jos,Ibadan,9.92,8.89,7.38,3.93,2708.4,494449.0,829.1,16.97,3.05,20.02,96,0.209,1,25.2,27.4,22,5.4,73.4,fair,0.691,good,1,0.2646,0,0.3455,0,4.76
XB-20242327,Mangoes,Port Harcourt,Zaria,4.82,7.04,11.08,7.71,3219.2,611795.0,972.2,22.22,0.56,22.78,96,0.237,0,38.8,44.2,20,24.2,75.9,good,0.0,good,0,0.5817,1,0.5121,0,6.1
XB-20242328,Strawberries,Ibadan,Kano,7.38,3.93,12.0,8.52,4479.8,3324524.0,1083.4,29.28,0.77,30.04,36,0.835,0,37.3,41.4,8,33.4,55.7,good,0.0,poor,0,0.6031,1,0.6011,1,6.81
XB-20242329,Mangoes,Lagos,Abuja,6.52,3.38,9.07,7.4,2572.1,539460.0,811.5,19.53,2.77,22.3,96,0.232,1,21.5,28.0,20,8.0,64.8,poor,2.412,good,1,0.4318,0,0.3969,0,5.18
XB-20242330,Mangoes,Lagos,Port Harcourt,6.52,3.38,4.82,7.04,1203.5,218293.0,660.7,11.01,1.35,12.36,96,0.129,1,22.4,28.7,20,8.7,64.9,fair,1.168,good,0,0.3649,0,0.2829,0,4.26
XB-20242331,Dairy,Kano,Jos,12.0,8.52,9.92,8.89,664.1,296000.0,316.2,7.76,0.92,8.68,48,0.181,0,45.9,48.3,6,42.3,69.5,fair,1.279,poor,0,0.4807,0,0.5643,1,6.51
XB-20242332,Dairy,Ibadan,Zaria,7.38,3.93,11.08,7.71,3120.5,1233739.0,909.7,20.69,0.17,20.86,48,0.435,1,7.1,13.4,6,7.4,84.4,good,0.0,fair,1,0.2453,0,0.3474,0,4.78
XB-20242333,Peppers,Port Harcourt,Jos,4.82,7.04,9.92,8.89,269.8,47005.0,937.3,21.98,0.43,22.41,96,0.233,0,28.9,32.5,22,10.5,79.7,fair,0.668,good,0,0.449,0,0.3692,0,4.95
XB-20242334,Leafy Greens,Lagos,Onitsha,6.52,3.38,6.14,6.79,3036.0,922845.0,529.2,13.18,2.22,15.39,48,0.321,0,32.8,39.8,10,29.8,85.3,good,0.0,excellent,0,0.7127,1,0.4299,0,5.44
XB-20242335,Mangoes,Ibadan,Enugu,7.38,3.93,6.44,7.5,688.1,144755.0,505.5,11.53,0.3,11.83,96,0.123,0,38.1,43.2,20,23.2,63.0,good,0.0,fair,1,0.508,1,0.65,1,7.2
XB-20242336,Mangoes,Enugu,Kaduna,6.44,7.5,10.52,7.44,1442.7,313921.0,616.2,13.05,1.13,14.19,96,0.148,0,34.1,36.7,20,16.7,79.2,fair,0.761,excellent,0,0.6341,1,0.3778,0,5.02
XB-20242337,Leafy Greens,Abuja,Kano,9.07,7.4,12.0,8.52,3544.5,938890.0,442.5,7.69,3.04,10.73,48,0.224,0,29.5,33.1,10,23.1,61.2,poor,1.854,poor,0,0.7218,1,0.7233,1,7.79
XB-20242338,Tomatoes,Onitsha,Kaduna,6.14,6.79,10.52,7.44,4922.3,1790787.0,711.0,16.85,0.09,16.94,72,0.235,1,23.6,28.2,25,3.2,65.7,poor,1.808,poor,1,0.2442,0,0.4879,1,5.9
XB-20242339,Peppers,Enugu,Zaria,6.44,7.5,11.08,7.71,4692.6,876924.0,819.1,13.45,0.33,13.77,96,0.143,1,22.0,27.9,22,5.9,86.1,fair,0.925,excellent,0,0.2613,0,0.099,0,2.79
XB-20242340,Mangoes,Enugu,Jos,6.44,7.5,9.92,8.89,3906.4,837513.0,593.0,12.93,0.1,13.03,96,0.136,1,20.2,24.9,20,4.9,85.5,good,0.0,good,0,0.1153,0,0.2012,0,3.61
XB-20242341,Fresh Fish,Kaduna,Abuja,10.52,7.44,9.07,7.4,1772.6,1120668.0,210.0,5.51,0.72,6.23,24,0.26,1,5.0,8.9,4,4.9,62.8,fair,1.201,excellent,0,0.2498,0,0.0783,0,2.63
XB-20242342,Mangoes,Port Harcourt,Kano,4.82,7.04,12.0,8.52,646.4,133286.0,1101.4,22.06,2.32,24.38,96,0.254,0,24.8,28.9,20,8.9,82.2,fair,1.067,poor,0,0.567,0,0.5008,1,6.01
XB-20242343,Tomatoes,Enugu,Kaduna,6.44,7.5,10.52,7.44,4004.2,1535185.0,650.8,11.25,1.02,12.27,72,0.17,1,26.2,32.3,25,7.3,72.5,good,0.0,fair,0,0.2279,0,0.3205,0,4.56
XB-20242344,Mangoes,Zaria,Ibadan,11.08,7.71,7.38,3.93,2157.2,433774.0,817.5,14.29,1.36,15.65,96,0.163,1,18.5,20.5,20,0.5,69.9,poor,2.645,good,1,0.1354,0,0.2427,0,3.94
XB-20242345,Strawberries,Zaria,Kano,11.08,7.71,12.0,8.52,1187.0,889183.0,207.0,4.88,0.04,4.92,36,0.137,0,34.1,36.5,8,28.5,66.5,fair,1.418,good,0,0.5969,1,0.3144,0,4.52
XB-20242346,Strawberries,Ibadan,Zaria,7.38,3.93,11.08,7.71,1129.0,990166.0,805.4,19.96,0.15,20.11,36,0.559,0,37.1,42.4,8,34.4,77.0,fair,0.543,fair,0,0.6341,1,0.4015,0,5.21
XB-20242347,Strawberries,Port Harcourt,Lagos,4.82,7.04,6.52,3.38,3284.5,2492378.0,562.6,10.59,1.33,11.92,36,0.331,0,29.2,32.6,8,24.6,79.0,poor,1.736,excellent,0,0.5755,1,0.4074,0,5.26
XB-20242348,Leafy Greens,Ibadan,Jos,7.38,3.93,9.92,8.89,469.8,125443.0,849.5,18.99,0.18,19.17,48,0.399,1,11.8,15.0,10,5.0,88.8,fair,1.124,excellent,0,0.4118,0,0.2453,0,3.96
XB-20242349,Mangoes,Onitsha,Port Harcourt,6.14,6.79,4.82,7.04,1050.0,217675.0,202.4,5.73,0.56,6.29,96,0.066,0,30.7,36.9,20,16.9,74.3,poor,1.716,fair,1,0.4812,1,0.5926,1,6.74
XB-20242350,Dairy,Zaria,Jos,11.08,7.71,9.92,8.89,1504.5,577618.0,232.5,4.62,0.14,4.76,48,0.099,0,20.7,23.9,6,17.9,76.7,fair,0.698,fair,1,0.4272,0,0.5046,0,6.04
XB-20242351,Strawberries,Zaria,Lagos,11.08,7.71,6.52,3.38,892.2,706702.0,957.6,17.28,1.02,18.3,36,0.508,0,35.7,38.5,8,30.5,77.9,good,0.0,fair,0,0.6333,1,0.5862,1,6.69
XB-20242352,Leafy Greens,Jos,Enugu,9.92,8.89,6.44,7.5,3054.6,819464.0,646.1,15.24,0.97,16.2,48,0.338,0,33.6,37.6,10,27.6,69.6,fair,1.057,good,0,0.4369,0,0.163,0,3.3
XB-20242353,Mangoes,Jos,Kano,9.92,8.89,12.0,8.52,3933.6,800321.0,325.8,7.73,0.27,8.0,96,0.083,1,19.5,25.6,20,5.6,75.2,fair,1.353,poor,1,0.3375,0,0.5444,1,6.36
XB-20242354,Tomatoes,Enugu,Onitsha,6.44,7.5,6.14,6.79,2066.5,738835.0,135.7,2.52,1.46,3.98,72,0.055,0,32.4,35.0,25,10.0,65.5,fair,1.138,excellent,0,0.3839,0,0.2024,0,3.62
XB-20242355,Mangoes,Jos,Abuja,9.92,8.89,9.07,7.4,3314.6,632976.0,271.2,4.42,1.62,6.04,96,0.063,0,32.2,36.2,20,16.2,71.6,fair,1.201,excellent,0,0.4582,0,0.4047,0,5.24
XB-20242356,Dairy,Abuja,Kano,9.07,7.4,12.0,8.52,4699.6,1828214.0,516.5,14.59,1.11,15.7,48,0.327,0,33.5,41.3,6,35.3,61.7,fair,1.316,poor,1,0.7371,1,0.7105,1,7.68
XB-20242357,Leafy Greens,Onitsha,Enugu,6.14,6.79,6.44,7.5,1560.5,410398.0,134.6,3.08,1.57,4.65,48,0.097,1,13.9,17.5,10,7.5,90.8,good,0.0,good,0,0.4119,0,0.2074,0,3.66
XB-20242358,Strawberries,Port Harcourt,Zaria,4.82,7.04,11.08,7.71,911.2,782860.0,958.2,25.91,6.52,32.43,36,0.901,1,11.6,13.9,8,5.9,72.4,poor,1.634,good,1,0.4036,0,0.3859,0,5.09
XB-20242359,Mangoes,Port Harcourt,Abuja,4.82,7.04,9.07,7.4,1233.4,255102.0,736.7,20.08,1.68,21.76,96,0.227,1,20.4,24.5,20,4.5,86.1,poor,2.096,good,0,0.4168,1,0.407,0,5.26
XB-20242360,Fresh Fish,Kano,Ibadan,12.0,8.52,7.38,3.93,3862.3,2306882.0,1031.2,21.88,0.73,22.62,24,0.942,0,33.1,37.5,4,33.5,55.5,good,0.0,good,0,0.5853,1,0.3782,0,5.03
XB-20242361,Peppers,Enugu,Onitsha,6.44,7.5,6.14,6.79,4923.3,969535.0,121.7,2.22,1.84,4.07,96,0.042,1,22.5,26.0,22,4.0,59.3,good,0.0,good,0,0.1297,0,0.1737,0,3.39
XB-20242362,Dairy,Jos,Zaria,9.92,8.89,11.08,7.71,1727.3,718153.0,283.5,6.36,0.19,6.55,48,0.136,0,36.8,40.6,6,34.6,56.2,poor,1.711,good,0,0.5112,0,0.2609,0,4.09
XB-20242363,Tomatoes,Enugu,Abuja,6.44,7.5,9.07,7.4,2102.8,792821.0,361.7,8.51,2.92,11.43,72,0.159,1,26.0,34.0,25,9.0,77.5,good,0.0,excellent,0,0.4575,1,0.1992,0,3.59
XB-20242364,Leafy Greens,Lagos,Ibadan,6.52,3.38,7.38,3.93,3986.1,1095447.0,149.6,4.03,1.87,5.9,48,0.123,1,10.5,13.0,10,3.0,63.5,poor,1.642,poor,0,0.3267,0,0.4581,0,5.66
XB-20242365,Mangoes,Kano,Onitsha,12.0,8.52,6.14,6.79,2713.3,580135.0,1008.9,18.63,1.74,20.36,96,0.212,1,22.8,26.3,20,6.3,76.5,fair,1.16,poor,0,0.2035,0,0.2308,0,3.85
XB-20242366,Mangoes,Kaduna,Lagos,10.52,7.44,6.52,3.38,3235.0,679568.0,776.4,12.2,0.26,12.46,96,0.13,0,35.2,41.9,20,21.9,70.9,fair,1.072,excellent,0,0.4222,0,0.2098,0,3.68
XB-20242367,Strawberries,Jos,Zaria,9.92,8.89,11.08,7.71,3502.5,2652821.0,268.1,5.93,0.07,6.0,36,0.167,0,35.1,39.2,8,31.2,81.0,fair,0.828,fair,0,0.5895,1,0.4395,0,5.52
XB-20242368,Strawberries,Jos,Zaria,9.92,8.89,11.08,7.71,3659.7,2749727.0,273.0,6.52,2.46,8.98,36,0.249,1,11.8,14.8,8,6.8,60.6,fair,0.596,excellent,0,0.313,0,0.1752,0,3.4
XB-20242369,Leafy Greens,Onitsha,Zaria,6.14,6.79,11.08,7.71,2251.4,641789.0,740.5,11.62,0.59,12.22,48,0.254,0,24.9,29.9,10,19.9,70.4,poor,2.835,good,0,0.5582,1,0.3458,0,4.77
XB-20242370,Fresh Fish,Lagos,Port Harcourt,6.52,3.38,4.82,7.04,445.5,245441.0,566.5,11.85,2.23,14.08,24,0.586,0,30.7,36.7,4,32.7,69.5,poor,1.81,good,0,0.7077,1,0.4309,0,5.45
XB-20242371,Dairy,Port Harcourt,Jos,4.82,7.04,9.92,8.89,4523.6,1795126.0,762.1,13.24,0.16,13.4,48,0.279,1,4.8,7.7,6,1.7,77.4,poor,1.379,excellent,0,0.2576,0,0.0789,0,2.63
XB-20242372,Strawberries,Kaduna,Port Harcourt,10.52,7.44,4.82,7.04,1748.3,1346494.0,801.1,18.87,1.06,19.92,36,0.553,1,9.9,14.3,8,6.3,81.7,good,0.0,fair,1,0.3646,0,0.5929,1,6.74
XB-20242373,Tomatoes,Kano,Jos,12.0,8.52,9.92,8.89,2229.5,797791.0,338.3,7.69,0.47,8.16,72,0.113,0,36.9,43.5,25,18.5,56.9,fair,0.918,good,1,0.5059,0,0.4109,0,5.29
XB-20242374,Leafy Greens,Jos,Enugu,9.92,8.89,6.44,7.5,3814.3,991223.0,659.1,12.47,0.25,12.72,48,0.265,1,11.7,14.2,10,4.2,58.8,fair,1.136,good,0,0.2101,0,0.2091,0,3.67
XB-20242375,Tomatoes,Onitsha,Port Harcourt,6.14,6.79,4.82,7.04,1184.0,376707.0,218.9,4.53,3.19,7.72,72,0.107,0,37.6,45.0,25,20.0,69.5,good,0.0,fair,1,0.5,1,0.5785,0,6.63
XB-20242376,Mangoes,Lagos,Onitsha,6.52,3.38,6.14,6.79,3836.7,760793.0,471.6,13.25,0.64,13.89,96,0.145,1,19.0,22.0,20,2.0,68.7,poor,2.519,excellent,0,0.2826,0,0.1362,0,3.09
XB-20242377,Peppers,Enugu,Onitsha,6.44,7.5,6.14,6.79,314.4,54025.0,135.3,2.49,1.45,3.94,96,0.041,1,23.8,28.2,22,6.2,72.2,good,0.0,good,1,0.0552,0,0.2826,0,4.26
XB-20242378,Fresh Fish,Jos,Zaria,9.92,8.89,11.08,7.71,4382.5,2749544.0,225.8,4.63,4.04,8.67,24,0.361,0,36.1,41.8,4,37.8,70.6,fair,0.56,fair,0,0.6713,1,0.5198,1,6.16
XB-20242379,Dairy,Jos,Lagos,9.92,8.89,6.52,3.38,2472.2,994615.0,1126.5,19.61,1.51,21.13,48,0.44,0,25.8,33.5,6,27.5,78.7,fair,0.553,fair,4,0.6388,1,0.7372,1,7.9
XB-20242380,Mangoes,Zaria,Onitsha,11.08,7.71,6.14,6.79,2980.4,629814.0,879.8,23.47,0.3,23.77,96,0.248,1,18.5,21.0,20,1.0,64.8,fair,1.058,excellent,0,0.0471,0,0.1295,0,3.04
XB-20242381,Mangoes,Lagos,Jos,6.52,3.38,9.92,8.89,3518.1,658687.0,1069.8,18.97,1.57,20.54,96,0.214,1,19.3,24.8,20,4.8,79.7,fair,1.409,poor,2,0.2541,0,0.5535,1,6.43
XB-20242382,Strawberries,Onitsha,Ibadan,6.14,6.79,7.38,3.93,1941.5,1585182.0,484.0,8.14,0.54,8.68,36,0.241,0,31.1,36.8,8,28.8,75.5,fair,0.789,excellent,0,0.5362,1,0.2416,0,3.93
XB-20242383,Strawberries,Lagos,Ibadan,6.52,3.38,7.38,3.93,1769.3,1292214.0,180.5,3.19,6.85,10.04,36,0.279,0,33.2,37.4,8,29.4,79.0,poor,2.773,poor,2,0.7957,1,0.9055,1,9.24
XB-20242384,Dairy,Zaria,Enugu,11.08,7.71,6.44,7.5,4391.0,1779194.0,805.5,15.33,1.87,17.19,48,0.358,0,31.1,36.3,6,30.3,55.8,fair,0.865,poor,2,0.6115,1,0.8166,1,8.53
XB-20242385,Strawberries,Jos,Enugu,9.92,8.89,6.44,7.5,1870.0,1357688.0,590.9,9.34,0.33,9.66,36,0.268,1,6.3,13.3,8,5.3,87.4,fair,1.471,good,0,0.2206,0,0.1889,0,3.51
XB-20242386,Tomatoes,Abuja,Enugu,9.07,7.4,6.44,7.5,2892.1,1042199.0,396.2,7.3,1.95,9.26,72,0.129,0,32.2,37.0,25,12.0,74.2,poor,2.666,fair,0,0.6187,1,0.4055,0,5.24
XB-20242387,Peppers,Zaria,Port Harcourt,11.08,7.71,4.82,7.04,1338.1,224783.0,1001.8,21.04,0.28,21.32,96,0.222,0,35.8,43.5,22,21.5,82.8,good,0.0,poor,0,0.5597,1,0.5274,1,6.22
XB-20242388,Leafy Greens,Lagos,Ibadan,6.52,3.38,7.38,3.93,2273.3,669581.0,172.9,2.67,1.33,4.0,48,0.083,0,30.9,38.0,10,28.0,70.6,poor,2.487,fair,0,0.5325,1,0.4745,0,5.8
XB-20242389,Strawberries,Jos,Enugu,9.92,8.89,6.44,7.5,2191.6,1869990.0,640.6,13.62,2.14,15.76,36,0.438,0,34.0,41.8,8,33.8,82.3,poor,1.592,good,0,0.5903,1,0.413,0,5.3
XB-20242390,Strawberries,Zaria,Kano,11.08,7.71,12.0,8.52,2650.3,2071387.0,185.2,3.07,0.53,3.6,36,0.1,1,6.7,9.5,8,1.5,67.8,fair,0.501,excellent,0,0.1289,0,0.0228,0,2.18
XB-20242391,Mangoes,Port Harcourt,Jos,4.82,7.04,9.92,8.89,2713.4,576990.0,760.9,18.94,0.71,19.65,96,0.205,0,34.4,42.2,20,22.2,63.2,fair,0.518,poor,0,0.5459,0,0.6114,1,6.89
XB-20242392,Leafy Greens,Onitsha,Abuja,6.14,6.79,9.07,7.4,1179.0,333701.0,421.1,8.19,3.29,11.49,48,0.239,0,32.9,35.0,10,25.0,68.0,fair,0.871,poor,2,0.5739,1,0.7739,1,8.19
XB-20242393,Tomatoes,Port Harcourt,Abuja,4.82,7.04,9.07,7.4,3946.2,1262913.0,671.2,12.3,0.89,13.19,72,0.183,1,27.7,31.0,25,6.0,79.1,poor,2.979,fair,1,0.4188,1,0.5542,1,6.43
XB-20242394,Tomatoes,Onitsha,Jos,6.14,6.79,9.92,8.89,1546.3,499020.0,609.7,12.19,2.75,14.94,72,0.207,1,24.6,31.9,25,6.9,75.6,poor,2.669,good,0,0.4132,0,0.2582,0,4.07
XB-20242395,Leafy Greens,Kaduna,Enugu,10.52,7.44,6.44,7.5,2690.3,763230.0,693.1,13.22,1.57,14.79,48,0.308,1,12.3,16.2,10,6.2,91.2,good,0.0,fair,3,0.4491,0,0.6215,0,6.97
XB-20242396,Mangoes,Kano,Onitsha,12.0,8.52,6.14,6.79,1963.3,385759.0,828.0,14.66,0.54,15.2,96,0.158,1,18.8,26.8,20,6.8,65.6,fair,0.724,fair,0,0.2245,0,0.3393,0,4.71
XB-20242397,Peppers,Port Harcourt,Lagos,4.82,7.04,6.52,3.38,4345.1,799269.0,660.6,16.43,3.25,19.69,96,0.205,0,28.5,33.2,22,11.2,80.9,fair,1.371,good,0,0.6003,1,0.3114,0,4.49
XB-20242398,Leafy Greens,Kano,Onitsha,12.0,8.52,6.14,6.79,559.1,171719.0,826.4,17.96,0.27,18.23,48,0.38,0,31.4,35.9,10,25.9,86.1,fair,0.846,excellent,0,0.705,1,0.375,0,5.0
XB-20242399,Mangoes,Kaduna,Zaria,10.52,7.44,11.08,7.71,3764.7,787503.0,84.8,2.33,2.0,4.33,96,0.045,0,34.4,38.3,20,18.3,84.3,fair,1.195,good,2,0.4485,1,0.3393,0,4.71
XB-20242400,Leafy Greens,Abuja,Enugu,9.07,7.4,6.44,7.5,269.9,79932.0,438.7,8.76,0.35,9.11,48,0.19,0,37.0,42.7,10,32.7,73.1,fair,0.511,fair,1,0.5105,0,0.4937,0,5.95
XB-20242401,Tomatoes,Kaduna,Abuja,10.52,7.44,9.07,7.4,455.8,171186.0,238.6,3.79,2.37,6.16,72,0.086,1,23.7,29.0,25,4.0,61.3,fair,1.427,fair,1,0.2849,0,0.385,0,5.08
XB-20242402,Strawberries,Abuja,Port Harcourt,9.07,7.4,4.82,7.04,2819.8,2233184.0,598.3,16.49,0.35,16.84,36,0.468,1,10.4,16.6,8,8.6,85.3,poor,1.142,good,0,0.5027,1,0.4134,0,5.31
XB-20242403,Dairy,Kaduna,Lagos,10.52,7.44,6.52,3.38,3576.8,1612207.0,911.3,15.11,0.65,15.76,48,0.328,0,33.3,41.2,6,35.2,64.1,fair,1.384,good,0,0.6685,1,0.4913,0,5.93
XB-20242404,Peppers,Lagos,Kano,6.52,3.38,12.0,8.52,942.0,163573.0,1294.2,22.95,3.1,26.05,96,0.271,0,30.8,35.8,22,13.8,73.3,poor,2.273,fair,1,0.6575,1,0.5636,1,6.51
XB-20242405,Leafy Greens,Port Harcourt,Abuja,4.82,7.04,9.07,7.4,2412.7,702667.0,747.4,18.53,1.05,19.58,48,0.408,1,10.8,15.8,10,5.8,65.9,good,0.0,excellent,0,0.4451,1,0.1087,0,2.87
XB-20242406,Dairy,Abuja,Kano,9.07,7.4,12.0,8.52,3927.1,1676865.0,436.8,9.16,0.79,9.95,48,0.207,0,30.0,35.0,6,29.0,64.2,fair,0.856,poor,1,0.7061,1,0.7943,1,8.35
XB-20242407,Peppers,Port Harcourt,Onitsha,4.82,7.04,6.14,6.79,4637.5,904218.0,194.2,4.16,1.58,5.74,96,0.06,0,31.5,35.7,22,13.7,84.8,fair,1.394,good,0,0.5106,0,0.2931,0,4.34
XB-20242408,Tomatoes,Ibadan,Kaduna,7.38,3.93,10.52,7.44,2594.3,965355.0,728.7,13.12,0.04,13.16,72,0.183,1,25.0,30.2,25,5.2,85.3,good,0.0,poor,3,0.3028,0,0.6523,1,7.22
XB-20242409,Tomatoes,Kaduna,Abuja,10.52,7.44,9.07,7.4,670.2,246609.0,211.2,3.72,0.01,3.73,72,0.052,0,28.7,31.3,25,6.3,73.5,fair,0.603,good,0,0.4401,0,0.2458,0,3.97
XB-20242410,Peppers,Ibadan,Port Harcourt,7.38,3.93,4.82,7.04,843.8,147534.0,568.6,15.2,1.27,16.47,96,0.172,1,23.4,29.4,22,7.4,79.8,fair,0.516,fair,2,0.2322,0,0.5342,0,6.27
XB-20242411,Mangoes,Kano,Zaria,12.0,8.52,11.08,7.71,1748.3,331588.0,205.6,3.74,1.53,5.27,96,0.055,0,36.5,39.6,20,19.6,75.7,good,0.0,good,0,0.3915,0,0.366,0,4.93
XB-20242412,Fresh Fish,Enugu,Onitsha,6.44,7.5,6.14,6.79,4063.5,2599895.0,109.5,1.69,0.88,2.57,24,0.107,1,2.3,4.6,4,0.6,67.4,poor,1.233,fair,0,0.1055,0,0.1925,0,3.54
XB-20242413,Leafy Greens,Kaduna,Ibadan,10.52,7.44,7.38,3.93,219.3,63714.0,658.4,12.44,0.47,12.92,48,0.269,0,33.3,39.2,10,29.2,69.0,poor,1.552,fair,0,0.7793,1,0.6591,1,7.27
XB-20242414,Dairy,Zaria,Enugu,11.08,7.71,6.44,7.5,2592.0,1118028.0,794.3,22.16,0.43,22.58,48,0.47,1,6.0,11.3,6,5.3,85.8,fair,0.624,poor,1,0.4252,0,0.614,1,6.91
XB-20242415,Mangoes,Lagos,Ibadan,6.52,3.38,7.38,3.93,4894.8,1070487.0,153.6,4.34,0.69,5.03,96,0.052,1,21.6,27.3,20,7.3,58.6,fair,1.346,fair,0,0.354,0,0.4373,0,5.5
XB-20242416,Peppers,Lagos,Kano,6.52,3.38,12.0,8.52,1306.2,245967.0,1251.1,30.53,0.41,30.94,96,0.322,1,21.5,29.5,22,7.5,61.5,good,0.0,good,0,0.153,0,0.1823,0,3.46
XB-20242417,Tomatoes,Kano,Port Harcourt,12.0,8.52,4.82,7.04,775.4,256080.0,1274.5,30.26,3.16,33.42,72,0.464,1,23.4,28.7,25,3.7,60.2,fair,0.868,fair,0,0.3688,0,0.4199,0,5.36
XB-20242418,Leafy Greens,Kano,Enugu,12.0,8.52,6.44,7.5,696.0,188709.0,973.3,15.22,0.22,15.44,48,0.322,0,31.8,35.7,10,25.7,79.3,good,0.0,good,0,0.5077,0,0.3641,0,4.91
XB-20242419,Mangoes,Enugu,Kaduna,6.44,7.5,10.52,7.44,4386.0,838038.0,571.3,13.03,1.97,15.0,96,0.156,1,21.1,27.1,20,7.1,67.7,poor,1.805,excellent,0,0.4836,1,0.2467,0,3.97
XB-20242420,Leafy Greens,Ibadan,Enugu,7.38,3.93,6.44,7.5,367.7,103806.0,606.2,10.07,2.96,13.02,48,0.271,0,31.1,35.6,10,25.6,77.7,fair,0.835,fair,1,0.6778,1,0.7044,1,7.64
XB-20242421,Leafy Greens,Onitsha,Ibadan,6.14,6.79,7.38,3.93,3727.6,984983.0,516.1,13.45,0.56,14.01,48,0.292,0,31.7,37.6,10,27.6,90.6,fair,0.764,good,1,0.5406,1,0.4151,0,5.32
XB-20242422,Mangoes,Zaria,Kaduna,11.08,7.71,10.52,7.44,529.3,107004.0,100.5,1.68,0.81,2.49,96,0.026,1,21.0,28.0,20,8.0,82.7,good,0.0,poor,1,0.126,0,0.4166,0,5.33
XB-20242423,Strawberries,Zaria,Port Harcourt,11.08,7.71,4.82,7.04,1127.1,972933.0,1067.1,20.65,3.73,24.38,36,0.677,0,38.7,41.7,8,33.7,81.1,fair,0.669,good,0,0.6753,1,0.4364,0,5.49
XB-20242424,Mangoes,Enugu,Port Harcourt,6.44,7.5,4.82,7.04,4848.2,875757.0,259.9,6.26,1.28,7.54,96,0.079,0,28.4,35.1,20,15.1,90.1,good,0.0,poor,3,0.6027,1,0.8001,1,8.4
XB-20242425,Leafy Greens,Abuja,Ibadan,9.07,7.4,7.38,3.93,3808.7,1137909.0,628.8,16.42,1.01,17.43,48,0.363,0,32.5,37.8,10,27.8,81.6,fair,1.442,poor,1,0.5224,1,0.5914,0,6.73
XB-20242426,Peppers,Ibadan,Kaduna,7.38,3.93,10.52,7.44,4757.1,912765.0,815.5,21.82,1.46,23.29,96,0.243,1,21.2,28.8,22,6.8,89.6,fair,1.253,poor,1,0.3875,0,0.6071,1,6.86
XB-20242427,Peppers,Ibadan,Kano,7.38,3.93,12.0,8.52,3582.0,611453.0,892.0,24.64,0.5,25.14,96,0.262,0,32.4,40.4,22,18.4,65.0,poor,2.873,good,0,0.5899,1,0.3837,0,5.07
XB-20242428,Leafy Greens,Lagos,Zaria,6.52,3.38,11.08,7.71,1308.6,332620.0,985.9,15.85,0.4,16.25,48,0.339,0,41.1,46.6,10,36.6,68.8,poor,1.051,poor,1,0.6564,1,0.7451,1,7.96
XB-20242429,Peppers,Zaria,Kaduna,11.08,7.71,10.52,7.44,524.0,88009.0,103.8,2.67,0.86,3.53,96,0.037,1,25.4,28.9,22,6.9,73.0,fair,1.485,excellent,0,0.1529,0,0.1548,0,3.24
XB-20242430,Dairy,Ibadan,Lagos,7.38,3.93,6.52,3.38,4359.5,1747180.0,139.2,3.44,3.44,6.88,48,0.143,0,32.6,36.4,6,30.4,75.6,fair,1.01,good,0,0.6789,1,0.3774,0,5.02
XB-20242431,Strawberries,Onitsha,Kano,6.14,6.79,12.0,8.52,3515.4,2574311.0,836.2,20.4,0.07,20.48,36,0.569,0,33.2,36.2,8,28.2,81.2,fair,0.934,poor,2,0.6741,1,0.7306,1,7.84
XB-20242432,Dairy,Zaria,Kaduna,11.08,7.71,10.52,7.44,3768.1,1704465.0,89.0,2.23,2.89,5.12,48,0.107,0,38.8,43.9,6,37.9,86.2,fair,1.047,excellent,0,0.673,1,0.3518,0,4.81
XB-20242433,Fresh Fish,Abuja,Onitsha,9.07,7.4,6.14,6.79,2222.7,1373144.0,469.0,7.54,3.06,10.6,24,0.442,0,35.1,41.6,4,37.6,67.9,fair,0.523,fair,2,0.5071,1,0.5981,1,6.78
XB-20242434,Leafy Greens,Kaduna,Abuja,10.52,7.44,9.07,7.4,278.6,70611.0,219.0,4.24,1.0,5.24,48,0.109,1,14.0,21.8,10,11.8,59.7,good,0.0,good,1,0.1856,0,0.283,0,4.26
XB-20242435,Leafy Greens,Ibadan,Lagos,7.38,3.93,6.52,3.38,2427.0,727626.0,177.2,3.73,2.75,6.49,48,0.135,0,31.1,33.1,10,23.1,58.1,poor,1.2,poor,2,0.6435,1,0.7511,1,8.01
XB-20242436,Dairy,Kaduna,Onitsha,10.52,7.44,6.14,6.79,2528.6,967795.0,721.9,14.91,1.89,16.8,48,0.35,1,6.2,8.6,6,2.6,83.9,poor,2.613,excellent,0,0.4867,1,0.3077,0,4.46
XB-20242437,Mangoes,Enugu,Zaria,6.44,7.5,11.08,7.71,2888.9,558246.0,666.7,10.4,0.83,11.23,96,0.117,1,19.9,21.9,20,1.9,73.0,poor,2.605,fair,0,0.2461,0,0.2732,0,4.19
XB-20242438,Mangoes,Ibadan,Enugu,7.38,3.93,6.44,7.5,789.2,151861.0,506.5,8.45,0.05,8.51,96,0.089,0,27.6,32.1,20,12.1,72.5,fair,1.137,poor,0,0.3492,0,0.5474,0,6.38
XB-20242439,Leafy Greens,Kaduna,Abuja,10.52,7.44,9.07,7.4,3411.9,998552.0,256.4,4.02,2.85,6.86,48,0.143,0,35.4,43.0,10,33.0,69.5,fair,1.022,poor,0,0.5237,0,0.594,1,6.75
XB-20242440,Strawberries,Jos,Kano,9.92,8.89,12.0,8.52,1225.9,988937.0,292.3,6.16,2.36,8.52,36,0.237,0,34.3,40.4,8,32.4,67.6,poor,1.074,good,0,0.6209,1,0.3321,0,4.66
XB-20242441,Tomatoes,Ibadan,Abuja,7.38,3.93,9.07,7.4,3906.2,1362672.0,559.4,12.03,1.79,13.82,72,0.192,0,20.8,23.7,25,0.0,86.0,good,0.0,good,0,0.2457,0,0.22,0,3.76
XB-20242442,Strawberries,Kaduna,Zaria,10.52,7.44,11.08,7.71,1142.2,946197.0,100.6,1.6,1.9,3.5,36,0.097,1,6.5,11.6,8,3.6,84.7,poor,1.799,good,0,0.2136,0,0.1645,0,3.32
XB-20242443,Tomatoes,Kaduna,Kano,10.52,7.44,12.0,8.52,3203.0,1029228.0,312.2,7.19,2.95,10.14,72,0.141,1,24.4,27.2,25,2.2,60.0,fair,1.303,poor,2,0.3223,0,0.6292,1,7.03
XB-20242444,Tomatoes,Lagos,Kaduna,6.52,3.38,10.52,7.44,4867.4,1656407.0,921.2,22.13,0.12,22.26,72,0.309,0,43.4,48.1,25,23.1,75.1,poor,1.752,good,0,0.6498,1,0.3502,0,4.8
XB-20242445,Strawberries,Jos,Lagos,9.92,8.89,6.52,3.38,2563.7,2024886.0,976.4,19.01,1.73,20.73,36,0.576,1,8.4,10.4,8,2.4,85.7,fair,1.123,good,0,0.2502,0,0.2371,0,3.9
XB-20242446,Fresh Fish,Onitsha,Enugu,6.14,6.79,6.44,7.5,900.1,582744.0,119.9,2.97,3.82,6.79,24,0.283,1,4.7,10.2,4,6.2,65.4,fair,0.992,good,0,0.2497,0,0.1789,0,3.43
XB-20242447,Fresh Fish,Jos,Kano,9.92,8.89,12.0,8.52,1515.1,834201.0,367.6,6.23,3.04,9.27,24,0.386,0,30.6,37.9,4,33.9,91.3,fair,1.276,excellent,0,0.752,1,0.3191,0,4.55
XB-20242448,Dairy,Enugu,Abuja,6.44,7.5,9.07,7.4,2008.7,777811.0,455.9,7.07,1.42,8.49,48,0.177,0,32.1,37.0,6,31.0,71.6,fair,0.946,good,1,0.562,1,0.4628,0,5.7
XB-20242449,Dairy,Kaduna,Kano,10.52,7.44,12.0,8.52,1874.5,782077.0,257.3,5.15,0.31,5.47,48,0.114,0,38.9,43.7,6,37.7,66.4,fair,1.233,good,0,0.3636,0,0.1755,0,3.4
XB-20242450,Strawberries,Kano,Onitsha,12.0,8.52,6.14,6.79,3967.8,3380912.0,889.1,25.0,2.67,27.66,36,0.768,0,30.4,38.4,8,30.4,77.8,fair,1.385,excellent,0,0.6807,1,0.3669,0,4.94
XB-20242451,Strawberries,Onitsha,Zaria,6.14,6.79,11.08,7.71,3574.6,2802166.0,671.7,12.18,0.74,12.92,36,0.359,1,11.1,18.6,8,10.6,85.5,good,0.0,excellent,0,0.4223,1,0.2353,0,3.88
XB-20242452,Fresh Fish,Ibadan,Kaduna,7.38,3.93,10.52,7.44,418.8,251300.0,690.6,14.88,1.74,16.62,24,0.692,1,6.6,8.7,4,4.7,82.7,good,0.0,good,0,0.2974,0,0.2028,0,3.62
XB-20242453,Strawberries,Enugu,Kaduna,6.44,7.5,10.52,7.44,4259.0,3284131.0,722.8,12.09,3.33,15.42,36,0.428,1,8.5,12.9,8,4.9,68.7,fair,0.63,poor,1,0.4061,0,0.487,0,5.9
XB-20242454,Dairy,Ibadan,Abuja,7.38,3.93,9.07,7.4,4820.5,2064991.0,601.9,11.48,0.17,11.65,48,0.243,0,30.2,37.2,6,31.2,65.8,fair,0.699,fair,1,0.5259,1,0.5546,1,6.44
XB-20242455,Dairy,Kano,Port Harcourt,12.0,8.52,4.82,7.04,1054.4,449808.0,1251.3,31.33,0.96,32.29,48,0.673,1,9.0,15.6,6,9.6,65.3,fair,0.863,fair,1,0.4164,0,0.4493,0,5.59
XB-20242456,Peppers,Kano,Zaria,12.0,8.52,11.08,7.71,4138.3,783983.0,207.4,3.38,0.52,3.9,96,0.041,1,22.5,25.8,22,3.8,84.8,fair,1.282,good,0,0.1809,0,0.1377,0,3.1
XB-20242457,Tomatoes,Lagos,Enugu,6.52,3.38,6.44,7.5,2552.3,856701.0,709.9,16.03,0.77,16.8,72,0.233,1,27.6,32.0,25,7.0,85.8,poor,2.502,good,1,0.4444,0,0.4922,0,5.94
XB-20242458,Dairy,Enugu,Port Harcourt,6.44,7.5,4.82,7.04,4253.7,1705672.0,269.0,6.05,1.44,7.49,48,0.156,0,25.1,32.6,6,26.6,84.6,good,0.0,fair,1,0.5318,0,0.4116,0,5.29
XB-20242459,Strawberries,Lagos,Abuja,6.52,3.38,9.07,7.4,2630.4,2293631.0,737.7,11.79,2.08,13.88,36,0.385,0,32.7,38.4,8,30.4,88.9,poor,2.209,good,1,0.776,1,0.5193,0,6.15
XB-20242460,Fresh Fish,Zaria,Abuja,11.08,7.71,9.07,7.4,3870.5,2434138.0,317.7,8.1,2.62,10.72,24,0.447,0,26.2,30.1,4,26.1,89.7,poor,1.907,excellent,0,0.7003,1,0.3344,0,4.67
XB-20242461,Peppers,Kaduna,Port Harcourt,10.52,7.44,4.82,7.04,893.5,161997.0,814.5,13.66,0.03,13.69,96,0.143,1,24.3,31.6,22,9.6,82.9,fair,0.605,fair,0,0.2679,0,0.271,0,4.17
XB-20242462,Mangoes,Lagos,Kano,6.52,3.38,12.0,8.52,2556.4,471014.0,1023.9,19.59,2.58,22.17,96,0.231,1,22.1,30.0,20,10.0,85.5,good,0.0,excellent,0,0.4294,0,0.1913,0,3.53
XB-20242463,Leafy Greens,Onitsha,Kaduna,6.14,6.79,10.52,7.44,1620.4,484299.0,673.8,11.36,3.38,14.74,48,0.307,0,31.4,38.4,10,28.4,55.6,poor,2.552,good,1,0.7101,1,0.5856,0,6.69
XB-20242464,Tomatoes,Abuja,Onitsha,9.07,7.4,6.14,6.79,1785.2,591098.0,463.2,7.71,3.79,11.5,72,0.16,0,32.6,35.2,25,10.2,74.9,fair,1.139,poor,2,0.593,1,0.7416,1,7.93
XB-20242465,Dairy,Ibadan,Kano,7.38,3.93,12.0,8.52,496.3,220397.0,1133.9,30.72,0.26,30.98,48,0.645,1,9.3,17.1,6,11.1,87.7,good,0.0,good,0,0.3493,0,0.3214,0,4.57
XB-20242466,Fresh Fish,Abuja,Enugu,9.07,7.4,6.44,7.5,4750.8,3027435.0,459.7,8.39,0.71,9.1,24,0.379,1,7.7,14.3,4,10.3,65.8,fair,1.094,fair,0,0.3431,0,0.4453,0,5.56
XB-20242467,Mangoes,Ibadan,Abuja,7.38,3.93,9.07,7.4,2951.8,592912.0,516.6,8.92,3.6,12.52,96,0.13,0,22.8,29.4,20,9.4,88.1,fair,0.989,fair,0,0.5737,0,0.4988,0,5.99
XB-20242468,Mangoes,Abuja,Lagos,9.07,7.4,6.52,3.38,4221.0,904922.0,653.4,16.88,3.58,20.46,96,0.213,1,22.3,25.9,20,5.9,66.3,poor,1.35,poor,0,0.484,1,0.4882,0,5.91
XB-20242469,Dairy,Kaduna,Lagos,10.52,7.44,6.52,3.38,4431.5,1732037.0,958.7,18.21,1.54,19.75,48,0.411,0,32.9,40.5,6,34.5,89.3,fair,0.87,good,2,0.5437,1,0.5603,1,6.48
XB-20242470,Peppers,Abuja,Onitsha,9.07,7.4,6.14,6.79,2423.0,443733.0,470.9,9.0,5.73,14.74,96,0.154,0,33.4,39.0,22,17.0,71.3,good,0.0,good,0,0.5146,0,0.3461,0,4.77
XB-20242471,Fresh Fish,Kaduna,Ibadan,10.52,7.44,7.38,3.93,2940.2,1933857.0,827.0,17.37,1.87,19.24,24,0.802,0,40.6,45.3,4,41.3,75.3,fair,1.188,good,0,0.6051,1,0.4737,0,5.79
XB-20242472,Tomatoes,Abuja,Lagos,9.07,7.4,6.52,3.38,2192.0,815000.0,671.5,10.86,1.55,12.41,72,0.172,1,24.1,26.2,25,1.2,57.8,good,0.0,good,0,0.2394,0,0.219,0,3.75
XB-20242473,Mangoes,Enugu,Ibadan,6.44,7.5,7.38,3.93,1851.2,343245.0,586.5,11.86,1.71,13.56,96,0.141,1,23.0,25.9,20,5.9,81.1,good,0.0,excellent,0,0.2692,0,0.1389,0,3.11
XB-20242474,Peppers,Abuja,Kaduna,9.07,7.4,10.52,7.44,3219.7,606818.0,233.3,4.41,0.19,4.59,96,0.048,1,21.4,23.8,22,1.8,84.8,good,0.0,fair,1,0.1508,0,0.3502,0,4.8
XB-20242475,Leafy Greens,Port Harcourt,Jos,4.82,7.04,9.92,8.89,4714.6,1326648.0,739.6,11.47,1.6,13.07,48,0.272,1,10.8,13.7,10,3.7,84.3,fair,1.382,fair,0,0.3674,0,0.3294,0,4.64
XB-20242476,Mangoes,Ibadan,Kaduna,7.38,3.93,10.52,7.44,2817.8,522202.0,647.1,15.24,3.56,18.8,96,0.196,0,30.0,35.6,20,15.6,68.6,poor,1.743,good,0,0.6602,1,0.5375,1,6.3
XB-20242477,Fresh Fish,Onitsha,Abuja,6.14,6.79,9.07,7.4,2931.2,1820561.0,517.7,8.5,0.08,8.58,24,0.358,0,31.6,34.0,4,30.0,63.8,fair,0.548,excellent,0,0.5025,0,0.3772,0,5.02
XB-20242478,Tomatoes,Ibadan,Kaduna,7.38,3.93,10.52,7.44,1070.7,402976.0,640.3,12.03,2.36,14.39,72,0.2,1,23.5,30.9,25,5.9,90.4,poor,1.874,good,0,0.3452,0,0.3893,0,5.11
XB-20242479,Fresh Fish,Zaria,Enugu,11.08,7.71,6.44,7.5,3818.5,2452753.0,782.3,14.72,2.09,16.81,24,0.7,0,34.7,42.2,4,38.2,89.1,fair,0.531,excellent,0,0.8112,1,0.3372,0,4.7
XB-20242480,Tomatoes,Enugu,Abuja,6.44,7.5,9.07,7.4,3425.7,1205127.0,449.9,10.05,3.09,13.14,72,0.183,1,26.8,34.4,25,9.4,73.8,poor,1.914,good,0,0.3194,0,0.2623,0,4.1
XB-20242481,Fresh Fish,Kano,Enugu,12.0,8.52,6.44,7.5,2358.4,1372064.0,1001.0,18.49,1.4,19.89,24,0.829,1,5.9,11.2,4,7.2,81.6,poor,2.559,good,1,0.5541,0,0.425,0,5.4
XB-20242482,Strawberries,Lagos,Port Harcourt,6.52,3.38,4.82,7.04,3798.6,2944909.0,545.5,11.14,1.34,12.48,36,0.347,1,9.2,14.9,8,6.9,81.8,fair,0.595,fair,1,0.4215,0,0.5131,0,6.11
XB-20242483,Strawberries,Lagos,Onitsha,6.52,3.38,6.14,6.79,2171.0,1832648.0,538.7,10.81,5.08,15.89,36,0.441,1,6.7,10.2,8,2.2,79.9,fair,0.662,good,1,0.3051,0,0.3138,0,4.51
XB-20242484,Fresh Fish,Zaria,Enugu,11.08,7.71,6.44,7.5,2877.9,1566401.0,737.4,17.81,0.85,18.66,24,0.778,0,26.3,31.3,4,27.3,79.2,fair,0.816,good,0,0.6236,1,0.3987,0,5.19
XB-20242485,Strawberries,Onitsha,Zaria,6.14,6.79,11.08,7.71,2359.7,1919829.0,878.5,20.97,0.35,21.32,36,0.592,0,27.9,34.0,8,26.0,70.9,poor,2.623,fair,1,0.7531,1,0.6158,0,6.93
XB-20242486,Dairy,Port Harcourt,Ibadan,4.82,7.04,7.38,3.93,3911.1,1768738.0,673.3,11.07,0.16,11.23,48,0.234,1,9.1,13.8,6,7.8,70.9,fair,1.097,good,0,0.3623,0,0.3065,0,4.45
XB-20242487,Peppers,Onitsha,Abuja,6.14,6.79,9.07,7.4,409.0,78562.0,431.3,11.23,1.76,12.98,96,0.135,1,20.1,24.3,22,2.3,55.8,poor,1.031,excellent,0,0.0889,0,0.1234,0,2.99
XB-20242488,Tomatoes,Abuja,Enugu,9.07,7.4,6.44,7.5,3721.5,1331993.0,379.8,8.33,0.21,8.55,72,0.119,0,38.2,41.3,25,16.3,73.3,fair,0.706,good,0,0.3425,0,0.1899,0,3.52
XB-20242489,Leafy Greens,Onitsha,Port Harcourt,6.14,6.79,4.82,7.04,4853.8,1326114.0,180.5,2.88,1.74,4.62,48,0.096,1,9.0,13.7,10,3.7,89.2,poor,1.975,good,0,0.3274,0,0.2641,0,4.11
XB-20242490,Strawberries,Enugu,Kaduna,6.44,7.5,10.52,7.44,2381.3,1762359.0,721.3,14.21,1.31,15.52,36,0.431,1,6.7,11.8,8,3.8,79.5,good,0.0,good,1,0.3468,0,0.4647,0,5.72
XB-20242491,Tomatoes,Port Harcourt,Zaria,4.82,7.04,11.08,7.71,4459.6,1622582.0,882.8,14.2,1.21,15.4,72,0.214,1,24.1,28.1,25,3.1,72.7,fair,0.976,good,0,0.0722,0,0.0232,0,2.19
XB-20242492,Dairy,Kaduna,Zaria,10.52,7.44,11.08,7.71,2190.9,855010.0,102.6,2.87,1.25,4.12,48,0.086,0,29.7,35.9,6,29.9,73.3,good,0.0,poor,2,0.4341,0,0.6821,1,7.46
XB-20242493,Leafy Greens,Zaria,Kano,11.08,7.71,12.0,8.52,3160.4,885690.0,172.0,3.35,3.39,6.74,48,0.14,1,12.2,15.3,10,5.3,60.7,poor,1.534,good,0,0.271,0,0.3411,0,4.73
XB-20242494,Strawberries,Ibadan,Zaria,7.38,3.93,11.08,7.71,3204.7,2314220.0,807.1,15.46,1.53,16.99,36,0.472,0,25.1,27.1,8,19.1,83.4,fair,1.387,excellent,0,0.5849,1,0.3046,0,4.44
XB-20242495,Peppers,Kaduna,Ibadan,10.52,7.44,7.38,3.93,4629.2,853835.0,776.1,20.33,0.02,20.35,96,0.212,1,25.5,29.6,22,7.6,66.0,fair,0.91,good,0,0.3227,0,0.2075,0,3.66
XB-20242496,Tomatoes,Jos,Kano,9.92,8.89,12.0,8.52,2201.5,743816.0,329.0,6.49,0.17,6.66,72,0.092,0,33.0,40.6,25,15.6,58.2,good,0.0,fair,1,0.3847,0,0.487,1,5.9
XB-20242497,Mangoes,Port Harcourt,Enugu,4.82,7.04,6.44,7.5,3754.1,777790.0,230.3,3.95,0.96,4.91,96,0.051,1,21.9,27.7,20,7.7,62.2,fair,0.987,fair,1,0.2382,0,0.5438,0,6.35
XB-20242498,Peppers,Port Harcourt,Ibadan,4.82,7.04,7.38,3.93,659.4,111766.0,613.8,10.73,0.41,11.14,96,0.116,0,32.6,37.1,22,15.1,87.1,good,0.0,poor,1,0.5169,0,0.6151,1,6.92
XB-20242499,Dairy,Abuja,Lagos,9.07,7.4,6.52,3.38,1379.0,523861.0,724.4,16.11,0.76,16.87,48,0.351,1,6.4,9.6,6,3.6,69.7,good,0.0,excellent,0,0.1816,0,0.01,0,2.08
XB-20242500,Leafy Greens,Kano,Lagos,12.0,8.52,6.52,3.38,2755.1,795759.0,1324.8,26.85,0.49,27.33,48,0.569,1,10.0,15.2,10,5.2,64.2,fair,1.416,good,0,0.4273,0,0.2931,0,4.35
XB-20242501,Peppers,Enugu,Kaduna,6.44,7.5,10.52,7.44,4420.5,771084.0,614.9,12.35,0.31,12.66,96,0.132,1,21.2,25.3,22,3.3,70.7,poor,1.917,excellent,0,0.2428,0,0.2183,0,3.75
XB-20242502,Strawberries,Lagos,Kaduna,6.52,3.38,10.52,7.44,1304.2,1023949.0,982.1,24.47,2.79,27.26,36,0.757,0,39.2,41.4,8,33.4,65.7,good,0.0,good,0,0.7315,1,0.4869,0,5.9
XB-20242503,Peppers,Enugu,Abuja,6.44,7.5,9.07,7.4,3067.3,581820.0,432.8,8.93,3.62,12.56,96,0.131,0,43.4,49.4,22,27.4,79.9,fair,0.574,fair,1,0.5822,1,0.4932,1,5.95
XB-20242504,Peppers,Lagos,Ibadan,6.52,3.38,7.38,3.93,4967.6,867488.0,149.6,3.86,1.28,5.14,96,0.054,0,33.0,39.5,22,17.5,62.5,poor,1.269,excellent,0,0.4881,1,0.2645,0,4.12
XB-20242505,Strawberries,Kano,Jos,12.0,8.52,9.92,8.89,3874.7,2853085.0,332.2,5.84,0.45,6.29,36,0.175,0,30.2,33.7,8,25.7,73.5,good,0.0,good,0,0.5428,1,0.3649,0,4.92
XB-20242506,Tomatoes,Jos,Zaria,9.92,8.89,11.08,7.71,322.5,115150.0,239.6,3.99,0.57,4.56,72,0.063,1,28.4,34.3,25,9.3,86.3,poor,1.999,poor,1,0.4225,0,0.6339,0,7.07
XB-20242507,Dairy,Port Harcourt,Jos,4.82,7.04,9.92,8.89,1836.7,771516.0,729.1,19.97,1.25,21.22,48,0.442,0,27.6,34.3,6,28.3,55.8,fair,0.505,good,0,0.48,0,0.3205,0,4.56
XB-20242508,Mangoes,Port Harcourt,Jos,4.82,7.04,9.92,8.89,3364.3,703480.0,826.6,13.13,0.45,13.57,96,0.141,0,33.5,39.8,20,19.8,60.3,fair,0.684,good,1,0.4963,1,0.5345,1,6.28
XB-20242509,Leafy Greens,Lagos,Port Harcourt,6.52,3.38,4.82,7.04,3794.2,1015780.0,602.2,12.44,0.02,12.47,48,0.26,0,28.5,32.8,10,22.8,74.7,poor,1.317,fair,0,0.5009,0,0.4236,0,5.39
XB-20242510,Tomatoes,Ibadan,Enugu,7.38,3.93,6.44,7.5,2983.1,1135569.0,494.9,9.11,2.57,11.69,72,0.162,1,25.3,29.6,25,4.6,84.1,fair,0.737,poor,2,0.3963,0,0.823,1,8.58
XB-20242511,Leafy Greens,Ibadan,Abuja,7.38,3.93,9.07,7.4,4008.8,1055769.0,572.5,11.5,0.2,11.7,48,0.244,1,11.3,18.0,10,8.0,89.7,fair,1.243,poor,0,0.3282,0,0.3754,0,5.0
XB-20242512,Strawberries,Zaria,Enugu,11.08,7.71,6.44,7.5,1579.3,1315944.0,716.2,15.25,0.1,15.36,36,0.427,1,7.6,11.2,8,3.2,61.3,fair,1.075,poor,1,0.3167,0,0.5222,1,6.18
XB-20242513,Dairy,Lagos,Port Harcourt,6.52,3.38,4.82,7.04,2285.1,1015253.0,549.3,10.17,0.05,10.22,48,0.213,0,34.1,37.8,6,31.8,84.9,good,0.0,poor,1,0.6032,1,0.699,1,7.59
XB-20242514,Tomatoes,Enugu,Jos,6.44,7.5,9.92,8.89,661.5,240810.0,659.9,15.32,1.66,16.99,72,0.236,1,25.2,32.9,25,7.9,60.1,good,0.0,good,0,0.306,0,0.2939,0,4.35
XB-20242515,Peppers,Kano,Lagos,12.0,8.52,6.52,3.38,4078.6,737649.0,1236.3,19.14,2.39,21.53,96,0.224,0,32.1,34.2,22,12.2,56.7,poor,1.646,fair,1,0.5977,1,0.6057,0,6.85
XB-20242516,Leafy Greens,Enugu,Zaria,6.44,7.5,11.08,7.71,681.9,193181.0,733.0,12.14,0.57,12.71,48,0.265,0,27.1,35.0,10,25.0,83.4,fair,1.483,excellent,0,0.5251,1,0.2592,0,4.07
XB-20242517,Leafy Greens,Lagos,Jos,6.52,3.38,9.92,8.89,3275.7,950835.0,895.1,13.87,1.18,15.06,48,0.314,0,31.0,35.5,10,25.5,70.6,fair,0.906,poor,2,0.4653,0,0.6601,1,7.28
XB-20242518,Dairy,Enugu,Zaria,6.44,7.5,11.08,7.71,4935.5,2185333.0,654.4,12.19,0.24,12.43,48,0.259,0,34.3,38.0,6,32.0,72.3,good,0.0,excellent,0,0.5878,1,0.3641,0,4.91
XB-20242519,Tomatoes,Abuja,Enugu,9.07,7.4,6.44,7.5,2179.5,769144.0,458.7,7.2,4.02,11.22,72,0.156,0,29.9,36.3,25,11.3,70.4,poor,1.888,fair,3,0.6386,1,0.6836,1,7.47
XB-20242520,Dairy,Onitsha,Kaduna,6.14,6.79,10.52,7.44,1104.9,459468.0,604.8,14.71,1.67,16.39,48,0.341,1,9.9,13.8,6,7.8,82.4,fair,0.859,excellent,0,0.3163,0,0.1285,0,3.03
XB-20242521,Strawberries,Port Harcourt,Kano,4.82,7.04,12.0,8.52,468.8,409625.0,1227.9,20.35,0.87,21.22,36,0.589,1,8.6,14.2,8,6.2,84.5,good,0.0,poor,0,0.332,0,0.4261,0,5.41
XB-20242522,Strawberries,Kaduna,Enugu,10.52,7.44,6.44,7.5,4173.2,3065317.0,591.2,15.0,3.56,18.56,36,0.516,0,34.5,40.3,8,32.3,65.8,poor,1.984,good,0,0.6892,1,0.4288,0,5.43
XB-20242523,Mangoes,Port Harcourt,Kaduna,4.82,7.04,10.52,7.44,1171.5,230369.0,773.9,14.74,0.58,15.32,96,0.16,1,21.1,27.5,20,7.5,80.7,fair,1.06,fair,0,0.4112,0,0.4438,1,5.55
XB-20242524,Peppers,Kaduna,Onitsha,10.52,7.44,6.14,6.79,1856.3,324676.0,613.7,16.32,0.44,16.77,96,0.175,1,21.1,23.6,22,1.6,61.1,fair,0.922,poor,0,0.1937,0,0.4155,0,5.32
XB-20242525,Leafy Greens,Enugu,Zaria,6.44,7.5,11.08,7.71,2198.0,661955.0,631.0,14.26,6.08,20.34,48,0.424,0,33.4,37.0,10,27.0,64.7,fair,1.117,fair,1,0.7846,1,0.7195,1,7.76
XB-20242526,Mangoes,Lagos,Jos,6.52,3.38,9.92,8.89,1570.7,322069.0,901.7,16.64,0.18,16.82,96,0.175,0,30.0,35.6,20,15.6,71.5,poor,2.27,excellent,0,0.5569,1,0.3776,0,5.02
XB-20242527,Mangoes,Lagos,Onitsha,6.52,3.38,6.14,6.79,284.6,56320.0,576.6,16.28,0.58,16.85,96,0.176,0,31.2,37.3,20,17.3,83.9,fair,1.396,excellent,0,0.5547,1,0.3365,0,4.69
XB-20242528,Strawberries,Enugu,Port Harcourt,6.44,7.5,4.82,7.04,3753.3,3274657.0,297.6,6.14,1.19,7.33,36,0.204,0,36.7,44.5,8,36.5,64.8,fair,0.956,good,1,0.5443,1,0.4942,0,5.95
XB-20242529,Fresh Fish,Jos,Zaria,9.92,8.89,11.08,7.71,1077.9,635702.0,290.9,5.13,2.86,7.99,24,0.333,0,26.2,32.4,4,28.4,71.1,poor,1.026,good,1,0.7318,1,0.5279,1,6.22
XB-20242530,Peppers,Abuja,Onitsha,9.07,7.4,6.14,6.79,4068.8,804375.0,503.4,9.69,3.68,13.36,96,0.139,0,33.8,38.7,22,16.7,63.7,good,0.0,good,0,0.4272,0,0.3498,0,4.8
XB-20242531,Tomatoes,Lagos,Kaduna,6.52,3.38,10.52,7.44,3621.4,1279615.0,862.0,17.0,6.88,23.87,72,0.332,0,36.9,43.5,25,18.5,85.5,poor,1.895,fair,1,0.7375,1,0.7264,1,7.81
XB-20242532,Leafy Greens,Zaria,Ibadan,11.08,7.71,7.38,3.93,3190.7,942418.0,866.6,15.08,0.87,15.95,48,0.332,1,12.2,15.8,10,5.8,71.3,good,0.0,good,0,0.3426,0,0.3664,0,4.93
XB-20242533,Peppers,Ibadan,Kaduna,7.38,3.93,10.52,7.44,352.9,61314.0,676.4,11.53,1.13,12.66,96,0.132,0,33.4,40.5,22,18.5,60.6,poor,1.952,fair,0,0.6979,1,0.5427,1,6.34
XB-20242534,Leafy Greens,Kano,Zaria,12.0,8.52,11.08,7.71,2488.2,710303.0,207.8,4.13,0.9,5.03,48,0.105,1,9.1,11.4,10,1.4,68.8,good,0.0,excellent,0,0.11,0,0.0522,0,2.42
XB-20242535,Mangoes,Port Harcourt,Jos,4.82,7.04,9.92,8.89,2046.6,394984.0,761.5,13.94,2.26,16.2,96,0.169,1,22.7,27.3,20,7.3,79.7,poor,2.514,fair,1,0.4378,0,0.4837,0,5.87
XB-20242536,Dairy,Enugu,Abuja,6.44,7.5,9.07,7.4,4443.4,1847077.0,360.1,6.44,0.94,7.39,48,0.154,0,37.5,39.9,6,33.9,60.2,poor,2.087,good,1,0.4323,0,0.4108,0,5.29
XB-20242537,Strawberries,Jos,Abuja,9.92,8.89,9.07,7.4,2735.5,2278919.0,250.6,5.4,0.89,6.29,36,0.175,0,29.0,34.6,8,26.6,74.2,poor,1.367,poor,2,0.5526,1,0.7795,1,8.24
XB-20242538,Leafy Greens,Onitsha,Zaria,6.14,6.79,11.08,7.71,3017.1,914874.0,771.7,21.28,2.37,23.65,48,0.493,1,12.3,19.9,10,9.9,73.8,poor,1.091,good,0,0.4238,0,0.4812,1,5.85
XB-20242539,Mangoes,Kaduna,Zaria,10.52,7.44,11.08,7.71,2941.6,539014.0,109.4,2.51,0.06,2.57,96,0.027,1,22.6,29.8,20,9.8,64.3,fair,1.069,excellent,0,0.298,0,0.2327,0,3.86
XB-20242540,Leafy Greens,Abuja,Lagos,9.07,7.4,6.52,3.38,3257.1,842369.0,704.3,14.39,0.1,14.49,48,0.302,1,8.2,15.4,10,5.4,83.1,poor,2.574,fair,0,0.362,0,0.4564,1,5.65
XB-20242541,Strawberries,Kano,Lagos,12.0,8.52,6.52,3.38,3824.1,3091764.0,1209.7,28.96,2.14,31.09,36,0.864,0,32.6,40.0,8,32.0,65.0,fair,1.141,poor,2,0.8429,1,0.8471,1,8.78
XB-20242542,Strawberries,Jos,Lagos,9.92,8.89,6.52,3.38,517.5,415766.0,1052.8,20.7,0.09,20.79,36,0.577,1,9.1,13.9,8,5.9,89.8,fair,1.158,excellent,0,0.5065,0,0.2388,0,3.91
XB-20242543,Fresh Fish,Port Harcourt,Lagos,4.82,7.04,6.52,3.38,497.2,303897.0,595.0,10.75,2.27,13.02,24,0.542,0,33.2,39.5,4,35.5,58.0,poor,2.78,fair,0,0.6909,1,0.505,0,6.04
XB-20242544,Mangoes,Port Harcourt,Ibadan,4.82,7.04,7.38,3.93,4653.4,988620.0,559.9,12.46,1.19,13.65,96,0.142,1,22.6,27.8,20,7.8,61.7,fair,1.068,fair,1,0.3263,0,0.5165,1,6.13
XB-20242545,Tomatoes,Ibadan,Kaduna,7.38,3.93,10.52,7.44,2388.4,814671.0,826.9,12.94,0.48,13.42,72,0.186,0,38.6,44.6,25,19.6,79.0,fair,1.271,excellent,0,0.5416,1,0.3593,0,4.87
XB-20242546,Strawberries,Port Harcourt,Abuja,4.82,7.04,9.07,7.4,2162.6,1849391.0,754.7,13.41,0.89,14.29,36,0.397,1,7.1,11.4,8,3.4,68.7,fair,1.497,good,0,0.3581,0,0.2259,0,3.81
XB-20242547,Fresh Fish,Kaduna,Zaria,10.52,7.44,11.08,7.71,953.4,610112.0,107.9,2.65,2.21,4.85,24,0.202,1,3.6,7.0,4,3.0,90.2,fair,0.985,fair,0,0.1929,0,0.2489,0,3.99
XB-20242548,Dairy,Port Harcourt,Abuja,4.82,7.04,9.07,7.4,1752.7,772702.0,687.5,15.47,2.8,18.28,48,0.381,1,8.6,13.6,6,7.6,64.9,poor,2.24,fair,2,0.528,1,0.6664,1,7.33
XB-20242549,Peppers,Kano,Kaduna,12.0,8.52,10.52,7.44,1226.9,211946.0,300.9,5.08,2.23,7.31,96,0.076,0,25.2,33.0,22,11.0,81.5,good,0.0,fair,0,0.5115,1,0.4785,0,5.83
XB-20242550,Tomatoes,Kaduna,Abuja,10.52,7.44,9.07,7.4,4535.5,1559074.0,244.1,4.4,2.13,6.53,72,0.091,0,33.9,36.6,25,11.6,60.2,fair,0.802,fair,1,0.5707,1,0.5547,0,6.44
XB-20242551,Mangoes,Lagos,Jos,6.52,3.38,9.92,8.89,352.7,76746.0,957.7,19.44,2.94,22.38,96,0.233,0,33.3,36.6,20,16.6,80.1,poor,2.105,fair,1,0.7728,1,0.636,1,7.09
XB-20242552,Strawberries,Kano,Onitsha,12.0,8.52,6.14,6.79,2189.6,1732538.0,963.3,18.99,0.98,19.97,36,0.555,0,32.4,39.9,8,31.9,56.8,poor,2.381,good,0,0.6711,1,0.5615,0,6.49
XB-20242553,Peppers,Port Harcourt,Onitsha,4.82,7.04,6.14,6.79,267.6,43977.0,225.1,4.18,1.02,5.2,96,0.054,0,32.1,38.4,22,16.4,69.3,good,0.0,good,3,0.4464,0,0.5632,0,6.51
XB-20242554,Strawberries,Kano,Onitsha,12.0,8.52,6.14,6.79,1970.8,1532731.0,1030.1,22.58,0.96,23.54,36,0.654,1,8.0,13.4,8,5.4,74.5,poor,2.723,poor,0,0.4414,0,0.4921,0,5.94
XB-20242555,Strawberries,Abuja,Lagos,9.07,7.4,6.52,3.38,213.2,181858.0,793.4,14.74,1.27,16.01,36,0.445,0,38.1,42.7,8,34.7,84.8,poor,1.399,good,2,0.7215,1,0.5596,1,6.48
XB-20242556,Leafy Greens,Lagos,Ibadan,6.52,3.38,7.38,3.93,4565.5,1384368.0,145.6,3.31,0.26,3.57,48,0.074,1,8.3,16.1,10,6.1,91.0,fair,1.321,good,0,0.302,0,0.3288,0,4.63
XB-20242557,Dairy,Jos,Kaduna,9.92,8.89,10.52,7.44,2158.2,815903.0,255.4,4.25,2.13,6.39,48,0.133,0,30.3,33.6,6,27.6,66.2,fair,0.845,good,0,0.5177,1,0.2851,0,4.28
XB-20242558,Peppers,Ibadan,Zaria,7.38,3.93,11.08,7.71,648.2,111084.0,864.8,22.48,0.44,22.92,96,0.239,1,21.3,28.6,22,6.6,86.8,fair,0.975,poor,4,0.4389,0,0.8703,1,8.96
XB-20242559,Tomatoes,Onitsha,Kaduna,6.14,6.79,10.52,7.44,3619.0,1249038.0,759.6,18.62,2.96,21.57,72,0.3,1,28.0,33.4,25,8.4,78.3,fair,1.342,good,0,0.4234,0,0.3224,0,4.58
XB-20242560,Dairy,Onitsha,Ibadan,6.14,6.79,7.38,3.93,1842.7,750407.0,522.6,11.3,0.86,12.16,48,0.253,1,9.8,13.6,6,7.6,78.2,fair,1.311,fair,0,0.4224,1,0.46,0,5.68
XB-20242561,Peppers,Abuja,Zaria,9.07,7.4,11.08,7.71,4773.3,885991.0,303.5,6.77,1.39,8.16,96,0.085,1,24.4,26.6,22,4.6,77.3,fair,0.69,good,0,0.0625,0,0.1165,0,2.93
XB-20242562,Peppers,Kano,Kaduna,12.0,8.52,10.52,7.44,2142.0,381030.0,270.1,4.95,1.28,6.23,96,0.065,0,37.5,44.4,22,22.4,62.2,fair,0.723,poor,1,0.4657,0,0.647,1,7.18
XB-20242563,Dairy,Abuja,Onitsha,9.07,7.4,6.14,6.79,4233.2,1948130.0,489.4,13.48,0.97,14.45,48,0.301,1,9.5,17.4,6,11.4,88.5,good,0.0,fair,1,0.5489,0,0.5481,1,6.38
XB-20242564,Strawberries,Port Harcourt,Kaduna,4.82,7.04,10.52,7.44,3983.9,3257860.0,894.2,18.61,8.85,27.46,36,0.763,0,36.4,41.8,8,33.8,83.9,fair,0.83,poor,1,0.8074,1,0.8411,1,8.73
XB-20242565,Strawberries,Abuja,Enugu,9.07,7.4,6.44,7.5,3104.7,2550079.0,387.7,6.79,1.78,8.56,36,0.238,0,32.7,39.8,8,31.8,64.8,fair,0.681,poor,1,0.5093,0,0.519,0,6.15
XB-20242566,Leafy Greens,Jos,Onitsha,9.92,8.89,6.14,6.79,3311.1,937191.0,665.3,12.35,3.03,15.38,48,0.32,0,29.1,31.2,10,21.2,74.2,fair,0.951,good,1,0.4599,0,0.2658,0,4.13
XB-20242567,Leafy Greens,Ibadan,Enugu,7.38,3.93,6.44,7.5,4109.0,1129437.0,617.0,15.33,1.27,16.59,48,0.346,0,40.3,48.1,10,38.1,75.4,fair,0.979,good,0,0.6003,1,0.3844,0,5.08
XB-20242568,Leafy Greens,Abuja,Ibadan,9.07,7.4,7.38,3.93,2728.6,738399.0,651.8,16.07,0.27,16.34,48,0.34,1,12.5,16.8,10,6.8,83.9,fair,0.519,excellent,0,0.3752,0,0.2089,0,3.67
XB-20242569,Dairy,Abuja,Zaria,9.07,7.4,11.08,7.71,3248.6,1247262.0,345.6,7.93,1.68,9.61,48,0.2,1,6.1,11.1,6,5.1,68.4,fair,1.047,excellent,0,0.177,0,0.0794,0,2.64
XB-20242570,Leafy Greens,Enugu,Lagos,6.44,7.5,6.52,3.38,4292.4,1300207.0,640.2,17.44,0.11,17.54,48,0.366,0,38.7,42.0,10,32.0,66.9,fair,1.289,fair,1,0.5054,0,0.5016,0,6.01
XB-20242571,Tomatoes,Kano,Onitsha,12.0,8.52,6.14,6.79,1184.5,430656.0,931.6,17.12,0.77,17.88,72,0.248,0,28.1,32.3,25,7.3,77.7,fair,1.135,fair,0,0.4605,1,0.476,1,5.81
XB-20242572,Fresh Fish,Kano,Enugu,12.0,8.52,6.44,7.5,549.7,336910.0,970.6,27.44,1.62,29.07,24,1.211,0,36.8,38.8,4,34.8,79.7,poor,2.172,fair,0,0.9773,1,0.7785,1,8.23
XB-20242573,Tomatoes,Kaduna,Onitsha,10.52,7.44,6.14,6.79,1621.9,623439.0,677.1,14.11,0.09,14.2,72,0.197,0,25.0,32.8,25,7.8,69.0,poor,2.197,excellent,0,0.452,0,0.247,0,3.98
XB-20242574,Fresh Fish,Port Harcourt,Ibadan,4.82,7.04,7.38,3.93,1264.7,829285.0,665.7,11.27,1.77,13.04,24,0.544,0,31.0,38.1,4,34.1,76.6,poor,2.321,fair,0,0.5961,1,0.4366,0,5.49
XB-20242575,Tomatoes,Enugu,Jos,6.44,7.5,9.92,8.89,3915.2,1465269.0,631.7,12.4,0.28,12.69,72,0.176,1,24.0,31.3,25,6.3,72.8,good,0.0,poor,1,0.1346,0,0.4379,1,5.5
XB-20242576,Leafy Greens,Jos,Kano,9.92,8.89,12.0,8.52,3722.5,1057498.0,353.0,8.37,0.99,9.36,48,0.195,0,30.1,33.0,10,23.0,63.3,fair,1.079,fair,0,0.5343,1,0.5153,0,6.12
XB-20242577,Dairy,Lagos,Jos,6.52,3.38,9.92,8.89,1245.9,541091.0,956.2,26.03,1.61,27.64,48,0.576,0,30.9,34.1,6,28.1,67.2,poor,1.864,good,1,0.6579,1,0.3735,0,4.99
XB-20242578,Mangoes,Zaria,Kaduna,11.08,7.71,10.52,7.44,2768.4,498835.0,92.2,2.18,0.0,2.18,96,0.023,0,32.0,34.2,20,14.2,80.6,fair,1.272,excellent,0,0.4574,0,0.283,0,4.26
XB-20242579,Fresh Fish,Abuja,Zaria,9.07,7.4,11.08,7.71,2216.4,1235257.0,346.2,6.9,3.53,10.43,24,0.435,0,31.3,36.6,4,32.6,67.1,good,0.0,fair,2,0.4731,1,0.5679,1,6.54
XB-20242580,Leafy Greens,Enugu,Onitsha,6.44,7.5,6.14,6.79,4318.7,1201597.0,124.4,2.25,0.05,2.3,48,0.048,1,9.9,13.9,10,3.9,79.5,fair,0.582,fair,2,0.0408,0,0.2817,0,4.25
XB-20242581,Tomatoes,Lagos,Zaria,6.52,3.38,11.08,7.71,3142.2,1020005.0,1092.8,21.62,2.87,24.49,72,0.34,1,23.6,29.5,25,4.5,59.1,fair,1.341,excellent,0,0.3453,0,0.2357,0,3.89
XB-20242582,Strawberries,Abuja,Port Harcourt,9.07,7.4,4.82,7.04,1935.6,1394077.0,594.8,11.69,1.35,13.05,36,0.362,0,31.4,38.5,8,30.5,91.5,fair,0.559,good,0,0.6343,1,0.322,0,4.58
XB-20242583,Leafy Greens,Jos,Lagos,9.92,8.89,6.52,3.38,4756.3,1302257.0,1017.9,29.0,0.03,29.03,48,0.605,0,37.0,43.8,10,33.8,88.7,good,0.0,fair,1,0.7197,1,0.7532,1,8.03
XB-20242584,Tomatoes,Jos,Enugu,9.92,8.89,6.44,7.5,4801.4,1840323.0,617.5,12.93,0.79,13.73,72,0.191,0,31.9,39.2,25,14.2,80.7,poor,2.349,good,1,0.693,1,0.5207,1,6.17
XB-20242585,Fresh Fish,Jos,Kano,9.92,8.89,12.0,8.52,4510.6,2520844.0,325.3,5.42,0.28,5.69,24,0.237,0,31.8,36.6,4,32.6,65.7,fair,1.233,good,0,0.5463,1,0.3889,0,5.11
XB-20242586,Strawberries,Zaria,Port Harcourt,11.08,7.71,4.82,7.04,4738.1,3706305.0,918.9,17.59,1.08,18.67,36,0.519,1,6.5,9.5,8,1.5,84.1,fair,0.589,fair,2,0.3205,0,0.5635,1,6.51
XB-20242587,Fresh Fish,Abuja,Onitsha,9.07,7.4,6.14,6.79,2148.7,1390625.0,529.2,8.56,0.93,9.48,24,0.395,0,37.4,39.9,4,35.9,60.2,poor,2.475,poor,2,0.4678,1,0.5813,1,6.65
XB-20242588,Leafy Greens,Kano,Port Harcourt,12.0,8.52,4.82,7.04,3466.5,909629.0,1141.5,32.19,0.79,32.97,48,0.687,0,37.5,44.6,10,34.6,76.0,good,0.0,fair,0,0.6413,1,0.495,0,5.96
XB-20242589,Fresh Fish,Jos,Ibadan,9.92,8.89,7.38,3.93,3993.5,2198874.0,938.8,26.5,1.99,28.49,24,1.187,1,5.2,10.1,4,6.1,83.6,poor,2.409,fair,2,0.768,1,0.6822,1,7.46
XB-20242590,Dairy,Onitsha,Abuja,6.14,6.79,9.07,7.4,4870.3,2158436.0,488.6,9.63,1.39,11.02,48,0.23,0,35.7,39.6,6,33.6,85.7,fair,1.385,fair,1,0.6023,1,0.6411,1,7.13
XB-20242591,Fresh Fish,Kano,Ibadan,12.0,8.52,7.38,3.93,1468.1,865662.0,1031.0,21.68,3.56,25.24,24,1.052,0,36.1,38.9,4,34.9,67.0,fair,0.615,good,0,0.8568,1,0.5521,1,6.42
XB-20242592,Strawberries,Lagos,Abuja,6.52,3.38,9.07,7.4,4530.1,3288801.0,763.3,16.24,1.97,18.21,36,0.506,1,9.4,17.4,8,9.4,83.1,poor,2.386,good,0,0.5362,1,0.4435,0,5.55
XB-20242593,Peppers,Jos,Lagos,9.92,8.89,6.52,3.38,1964.4,356105.0,1133.8,32.24,1.15,33.39,96,0.348,0,38.4,44.7,22,22.7,79.6,fair,0.867,fair,1,0.5571,0,0.6069,1,6.86
XB-20242594,Peppers,Jos,Onitsha,9.92,8.89,6.14,6.79,2047.0,353009.0,735.3,13.65,1.64,15.3,96,0.159,0,30.6,36.3,22,14.3,70.9,fair,0.983,good,0,0.6879,1,0.499,0,5.99
XB-20242595,Mangoes,Jos,Port Harcourt,9.92,8.89,4.82,7.04,2055.3,434914.0,778.5,19.32,0.19,19.51,96,0.203,1,19.7,23.4,20,3.4,91.3,good,0.0,poor,0,0.1557,0,0.465,0,5.72
XB-20242596,Dairy,Port Harcourt,Onitsha,4.82,7.04,6.14,6.79,4833.5,1941303.0,187.9,2.92,2.57,5.48,48,0.114,1,4.3,9.6,6,3.6,68.2,fair,0.973,good,0,0.2782,0,0.3037,0,4.43
XB-20242597,Dairy,Onitsha,Jos,6.14,6.79,9.92,8.89,3510.0,1348215.0,667.3,10.69,0.2,10.89,48,0.227,1,6.5,11.8,6,5.8,58.5,poor,1.4,good,0,0.335,0,0.1727,0,3.38
XB-20242598,Strawberries,Ibadan,Port Harcourt,7.38,3.93,4.82,7.04,4710.2,3824864.0,611.8,12.15,3.69,15.85,36,0.44,1,11.1,16.7,8,8.7,66.0,fair,0.932,poor,0,0.3558,0,0.5956,1,6.77
XB-20242599,Strawberries,Ibadan,Port Harcourt,7.38,3.93,4.82,7.04,1821.0,1345230.0,550.3,15.54,0.0,15.54,36,0.432,1,11.9,18.1,8,10.1,57.6,fair,0.985,fair,1,0.438,0,0.5343,1,6.27
XB-20242600,Tomatoes,Kaduna,Abuja,10.52,7.44,9.07,7.4,2925.1,1107071.0,254.4,4.58,2.42,7.0,72,0.097,0,33.1,37.9,25,12.9,67.3,good,0.0,excellent,0,0.4892,0,0.3242,0,4.59
XB-20242601,Leafy Greens,Ibadan,Zaria,7.38,3.93,11.08,7.71,583.5,171927.0,743.4,13.37,2.58,15.95,48,0.332,1,11.6,13.9,10,3.9,90.5,poor,1.487,fair,0,0.4778,0,0.4338,0,5.47
XB-20242602,Strawberries,Kano,Onitsha,12.0,8.52,6.14,6.79,3855.0,3049772.0,918.8,17.76,1.81,19.57,36,0.544,1,6.5,12.0,8,4.0,81.2,fair,0.784,good,0,0.4778,1,0.2681,0,4.14
XB-20242603,Mangoes,Enugu,Jos,6.44,7.5,9.92,8.89,3357.0,719786.0,572.6,14.44,3.55,18.0,96,0.187,0,36.3,43.0,20,23.0,58.3,good,0.0,good,0,0.5269,1,0.3335,0,4.67
XB-20242604,Fresh Fish,Abuja,Onitsha,9.07,7.4,6.14,6.79,2126.5,1254992.0,466.5,9.47,0.16,9.63,24,0.401,0,29.4,35.1,4,31.1,83.7,good,0.0,good,2,0.4773,0,0.4706,1,5.76
XB-20242605,Strawberries,Lagos,Port Harcourt,6.52,3.38,4.82,7.04,1222.2,925125.0,705.3,12.38,1.1,13.48,36,0.374,1,9.9,16.3,8,8.3,89.7,fair,1.09,fair,1,0.5824,0,0.602,0,6.82
XB-20242606,Strawberries,Port Harcourt,Abuja,4.82,7.04,9.07,7.4,1090.7,939381.0,754.1,19.6,0.38,19.98,36,0.555,0,30.1,35.6,8,27.6,86.3,fair,0.722,good,1,0.6042,1,0.4152,0,5.32
XB-20242607,Leafy Greens,Ibadan,Jos,7.38,3.93,9.92,8.89,3479.5,1049407.0,903.6,15.82,0.22,16.03,48,0.334,0,37.2,40.7,10,30.7,72.5,fair,1.486,good,0,0.5261,1,0.3246,0,4.6
XB-20242608,Tomatoes,Ibadan,Enugu,7.38,3.93,6.44,7.5,1147.5,384032.0,490.5,9.97,2.57,12.55,72,0.174,0,29.7,37.3,25,12.3,83.0,good,0.0,excellent,0,0.519,0,0.2271,0,3.82
XB-20242609,Mangoes,Ibadan,Onitsha,7.38,3.93,6.14,6.79,250.2,49338.0,467.8,12.41,4.68,17.1,96,0.178,1,19.6,23.3,20,3.3,57.3,fair,0.518,fair,1,0.3016,0,0.466,0,5.73
XB-20242610,Fresh Fish,Onitsha,Kano,6.14,6.79,12.0,8.52,1613.4,943882.0,1013.4,22.78,0.05,22.82,24,0.951,1,6.1,12.1,4,8.1,57.5,fair,0.783,good,0,0.5426,1,0.3744,0,5.0
XB-20242611,Peppers,Port Harcourt,Lagos,4.82,7.04,6.52,3.38,2135.7,361707.0,573.4,10.75,2.67,13.42,96,0.14,0,27.1,30.6,22,8.6,61.7,fair,0.899,excellent,0,0.5375,1,0.2888,0,4.31
XB-20242612,Mangoes,Onitsha,Kaduna,6.14,6.79,10.52,7.44,2574.0,559484.0,599.4,17.0,1.22,18.21,96,0.19,0,29.9,34.0,20,14.0,91.2,good,0.0,fair,0,0.5053,1,0.4443,0,5.55
XB-20242613,Leafy Greens,Port Harcourt,Jos,4.82,7.04,9.92,8.89,2314.0,627949.0,800.2,14.65,0.02,14.67,48,0.306,0,30.6,37.3,10,27.3,85.6,fair,1.14,fair,1,0.6799,1,0.6352,1,7.08
XB-20242614,Fresh Fish,Kano,Ibadan,12.0,8.52,7.38,3.93,2178.8,1224428.0,1049.6,18.54,3.21,21.75,24,0.906,1,3.5,10.4,4,6.4,58.2,fair,0.88,fair,0,0.3854,0,0.4506,0,5.61
XB-20242615,Peppers,Kaduna,Lagos,10.52,7.44,6.52,3.38,3529.7,624152.0,989.1,18.47,4.39,22.86,96,0.238,0,33.4,40.0,22,18.0,83.0,fair,0.565,poor,1,0.5364,0,0.5698,1,6.56
XB-20242616,Mangoes,Ibadan,Kano,7.38,3.93,12.0,8.52,4144.1,800687.0,1144.5,21.24,0.89,22.13,96,0.231,1,21.3,26.2,20,6.2,87.5,fair,1.07,poor,1,0.2524,0,0.496,0,5.97
XB-20242617,Strawberries,Zaria,Lagos,11.08,7.71,6.52,3.38,1723.4,1284734.0,886.8,24.05,4.86,28.91,36,0.803,0,38.9,46.4,8,38.4,63.1,fair,0.795,good,0,0.842,1,0.6487,1,7.19
XB-20242618,Mangoes,Onitsha,Abuja,6.14,6.79,9.07,7.4,3470.6,709437.0,527.9,12.74,3.61,16.34,96,0.17,0,27.2,31.2,20,11.2,91.8,fair,1.163,excellent,0,0.7027,1,0.3301,0,4.64
XB-20242619,Peppers,Kano,Kaduna,12.0,8.52,10.52,7.44,1285.3,239061.0,267.1,5.27,1.37,6.64,96,0.069,1,21.9,29.0,22,7.0,83.7,fair,1.131,excellent,0,0.2525,0,0.1418,0,3.13
XB-20242620,Fresh Fish,Zaria,Lagos,11.08,7.71,6.52,3.38,2629.3,1458833.0,937.4,16.28,1.57,17.85,24,0.744,1,4.9,10.8,4,6.8,80.1,good,0.0,fair,3,0.4519,1,0.6713,1,7.37
XB-20242621,Strawberries,Kano,Jos,12.0,8.52,9.92,8.89,861.5,692170.0,329.6,5.63,0.86,6.48,36,0.18,0,28.8,31.8,8,23.8,85.5,poor,2.486,good,0,0.5634,1,0.3422,0,4.74
XB-20242622,Fresh Fish,Enugu,Ibadan,6.44,7.5,7.38,3.93,729.5,417594.0,624.6,11.29,0.31,11.6,24,0.483,0,27.5,34.6,4,30.6,77.5,poor,2.256,excellent,0,0.7833,1,0.3378,0,4.7
XB-20242623,Strawberries,Port Harcourt,Abuja,4.82,7.04,9.07,7.4,2183.1,1792305.0,623.3,9.67,2.31,11.98,36,0.333,0,31.0,38.3,8,30.3,56.0,fair,0.843,fair,0,0.742,1,0.5276,0,6.22
XB-20242624,Leafy Greens,Jos,Kaduna,9.92,8.89,10.52,7.44,4055.5,1125666.0,230.6,3.91,0.9,4.81,48,0.1,1,10.9,13.0,10,3.0,59.2,poor,1.785,good,1,0.1973,0,0.2328,0,3.86
XB-20242625,Dairy,Kano,Onitsha,12.0,8.52,6.14,6.79,3836.9,1702261.0,874.9,16.71,0.69,17.4,48,0.363,1,4.5,6.5,6,0.5,81.7,poor,1.022,excellent,0,0.3318,0,0.1157,0,2.93
XB-20242626,Dairy,Jos,Enugu,9.92,8.89,6.44,7.5,4099.7,1639783.0,526.3,8.9,2.03,10.92,48,0.228,1,5.9,10.8,6,4.8,77.5,good,0.0,fair,0,0.3676,0,0.425,0,5.4
XB-20242627,Mangoes,Lagos,Kaduna,6.52,3.38,10.52,7.44,1610.6,328390.0,914.9,24.43,3.3,27.73,96,0.289,0,33.3,38.2,20,18.2,87.6,good,0.0,good,0,0.6756,1,0.4058,0,5.25
XB-20242628,Dairy,Kaduna,Zaria,10.52,7.44,11.08,7.71,1406.8,631603.0,93.7,1.51,0.87,2.39,48,0.05,0,31.7,34.8,6,28.8,84.1,poor,2.141,fair,2,0.641,1,0.5208,1,6.17
XB-20242629,Leafy Greens,Kano,Onitsha,12.0,8.52,6.14,6.79,1538.0,463159.0,927.1,17.32,0.75,18.07,48,0.377,0,34.7,37.6,10,27.6,90.7,fair,0.507,good,0,0.7175,1,0.3922,0,5.14
XB-20242630,Dairy,Zaria,Kaduna,11.08,7.71,10.52,7.44,2849.2,1278191.0,109.4,2.91,0.81,3.72,48,0.077,0,33.5,41.2,6,35.2,63.2,fair,0.856,good,0,0.4155,0,0.3401,0,4.72
XB-20242631,Fresh Fish,Port Harcourt,Enugu,4.82,7.04,6.44,7.5,2824.0,1556826.0,296.9,7.12,2.68,9.81,24,0.409,0,32.4,40.2,4,36.2,79.8,poor,1.993,fair,3,0.6258,1,0.6175,0,6.94
XB-20242632,Leafy Greens,Enugu,Port Harcourt,6.44,7.5,4.82,7.04,1505.2,432564.0,273.9,7.6,4.24,11.84,48,0.247,1,13.2,19.8,10,9.8,79.9,good,0.0,good,1,0.4541,0,0.4378,0,5.5
XB-20242633,Tomatoes,Onitsha,Abuja,6.14,6.79,9.07,7.4,1718.8,627326.0,467.5,8.94,1.41,10.36,72,0.144,0,35.2,38.1,25,13.1,58.0,poor,2.994,fair,0,0.4635,0,0.3523,0,4.82
XB-20242634,Mangoes,Jos,Zaria,9.92,8.89,11.08,7.71,3566.8,695604.0,289.9,6.21,0.14,6.35,96,0.066,0,35.2,42.9,20,22.9,79.0,fair,1.286,good,0,0.4739,0,0.3913,0,5.13
XB-20242635,Strawberries,Enugu,Port Harcourt,6.44,7.5,4.82,7.04,4667.7,3829152.0,249.1,5.14,0.23,5.37,36,0.149,0,33.3,35.5,8,27.5,60.6,fair,1.316,good,0,0.4757,0,0.2293,0,3.83
XB-20242636,Leafy Greens,Zaria,Kaduna,11.08,7.71,10.52,7.44,607.0,186483.0,104.8,1.93,1.85,3.78,48,0.079,0,34.2,39.0,10,29.0,91.4,poor,2.692,good,1,0.6095,1,0.4836,0,5.87
XB-20242637,Strawberries,Jos,Port Harcourt,9.92,8.89,4.82,7.04,4847.8,4034835.0,860.2,16.75,0.8,17.55,36,0.488,0,42.7,46.0,8,38.0,86.7,poor,1.709,poor,1,0.5875,1,0.6782,1,7.43
XB-20242638,Tomatoes,Ibadan,Enugu,7.38,3.93,6.44,7.5,3076.0,1098825.0,584.0,10.72,1.29,12.01,72,0.167,1,28.2,35.4,25,10.4,83.6,fair,1.286,good,0,0.5101,0,0.3291,0,4.63
XB-20242639,Strawberries,Kaduna,Zaria,10.52,7.44,11.08,7.71,635.6,472744.0,88.3,2.15,1.13,3.28,36,0.091,1,7.7,11.6,8,3.6,90.8,poor,1.848,good,0,0.1686,0,0.1028,0,2.82
XB-20242640,Tomatoes,Zaria,Abuja,11.08,7.71,9.07,7.4,975.7,347136.0,280.2,4.82,0.4,5.22,72,0.073,0,37.4,43.2,25,18.2,83.7,good,0.0,good,1,0.4822,1,0.4348,0,5.48
XB-20242641,Strawberries,Abuja,Kaduna,9.07,7.4,10.52,7.44,2601.1,1945584.0,217.2,5.78,0.38,6.17,36,0.171,0,36.0,38.8,8,30.8,80.5,fair,0.768,good,0,0.5136,0,0.4058,0,5.25
XB-20242642,Dairy,Enugu,Ibadan,6.44,7.5,7.38,3.93,3246.1,1262158.0,648.6,15.14,1.75,16.89,48,0.352,0,40.1,45.4,6,39.4,74.8,fair,1.278,excellent,0,0.5192,1,0.3341,0,4.67
XB-20242643,Leafy Greens,Jos,Kaduna,9.92,8.89,10.52,7.44,616.6,178224.0,213.0,3.86,2.45,6.31,48,0.131,0,34.3,37.6,10,27.6,56.9,poor,2.653,good,1,0.6966,1,0.4708,0,5.77
XB-20242644,Peppers,Ibadan,Zaria,7.38,3.93,11.08,7.71,4931.8,858656.0,869.6,20.17,0.26,20.44,96,0.213,1,21.7,26.1,22,4.1,59.1,poor,2.238,good,0,0.1621,0,0.11,0,2.88
XB-20242645,Leafy Greens,Lagos,Zaria,6.52,3.38,11.08,7.71,3204.6,938305.0,932.6,21.45,0.36,21.81,48,0.454,0,33.2,40.7,10,30.7,68.6,good,0.0,good,1,0.5944,1,0.3549,0,4.84
XB-20242646,Fresh Fish,Onitsha,Port Harcourt,6.14,6.79,4.82,7.04,223.9,134016.0,226.9,3.83,0.08,3.91,24,0.163,1,6.3,10.1,4,6.1,64.1,good,0.0,good,0,0.2569,0,0.1791,0,3.43
XB-20242647,Dairy,Lagos,Kano,6.52,3.38,12.0,8.52,457.1,192420.0,1059.4,24.3,0.32,24.62,48,0.513,0,30.2,38.1,6,32.1,85.6,good,0.0,fair,0,0.6042,0,0.38,0,5.04
XB-20242648,Dairy,Kano,Enugu,12.0,8.52,6.44,7.5,4081.8,1859302.0,842.4,16.25,0.09,16.34,48,0.34,1,5.6,12.4,6,6.4,57.1,fair,1.017,poor,0,0.3276,0,0.569,0,6.55
XB-20242649,Peppers,Enugu,Kano,6.44,7.5,12.0,8.52,4446.1,741506.0,773.5,17.1,0.12,17.22,96,0.179,0,39.1,44.0,22,22.0,55.8,good,0.0,poor,2,0.5519,1,0.6616,1,7.29
XB-20242650,Peppers,Zaria,Kano,11.08,7.71,12.0,8.52,480.0,88848.0,175.4,2.75,2.11,4.86,96,0.051,0,38.8,41.6,22,19.6,68.9,good,0.0,excellent,0,0.5728,1,0.2197,0,3.76
XB-20242651,Leafy Greens,Onitsha,Port Harcourt,6.14,6.79,4.82,7.04,2714.7,724851.0,219.9,4.13,0.49,4.62,48,0.096,0,33.9,36.1,10,26.1,61.8,poor,1.89,good,2,0.5937,1,0.5161,0,6.13
XB-20242652,Tomatoes,Abuja,Kano,9.07,7.4,12.0,8.52,3897.9,1399699.0,520.2,9.04,0.87,9.91,72,0.138,1,23.4,27.1,25,2.1,66.0,poor,1.106,good,0,0.0813,0,0.1598,0,3.28
XB-20242653,Fresh Fish,Onitsha,Kano,6.14,6.79,12.0,8.52,1545.9,946802.0,957.1,14.9,0.05,14.95,24,0.623,1,7.9,10.7,4,6.7,85.1,fair,1.361,good,0,0.5193,1,0.3892,0,5.11
XB-20242654,Tomatoes,Kano,Kaduna,12.0,8.52,10.52,7.44,1265.4,424131.0,295.4,7.46,0.78,8.25,72,0.115,0,34.7,38.7,25,13.7,72.1,good,0.0,poor,0,0.4886,0,0.4523,0,5.62
XB-20242655,Strawberries,Lagos,Ibadan,6.52,3.38,7.38,3.93,2252.1,1850607.0,145.1,3.03,3.57,6.61,36,0.184,1,11.0,17.4,8,9.4,61.9,good,0.0,good,0,0.4866,0,0.3934,0,5.15
XB-20242656,Strawberries,Lagos,Kaduna,6.52,3.38,10.52,7.44,1811.1,1438532.0,756.8,15.21,0.04,15.24,36,0.423,0,28.9,32.9,8,24.9,91.1,fair,1.313,good,0,0.6922,1,0.5491,1,6.39
XB-20242657,Leafy Greens,Kaduna,Enugu,10.52,7.44,6.44,7.5,4111.1,1044599.0,591.9,14.84,6.36,21.2,48,0.442,1,12.8,17.2,10,7.2,59.3,good,0.0,excellent,0,0.3839,0,0.1918,0,3.53
XB-20242658,Dairy,Jos,Zaria,9.92,8.89,11.08,7.71,3375.3,1353981.0,279.7,6.21,0.4,6.61,48,0.138,0,38.4,41.0,6,35.0,79.7,good,0.0,fair,0,0.5221,0,0.4244,0,5.4
XB-20242659,Fresh Fish,Port Harcourt,Zaria,4.82,7.04,11.08,7.71,4087.2,2245264.0,971.3,27.57,3.0,30.57,24,1.274,0,28.1,31.8,4,27.8,86.5,good,0.0,good,0,0.98,1,0.6964,1,7.57
XB-20242660,Fresh Fish,Zaria,Ibadan,11.08,7.71,7.38,3.93,1416.2,843546.0,863.7,21.97,0.06,22.03,24,0.918,0,44.3,49.4,4,45.4,88.3,poor,1.65,good,0,0.8335,1,0.4304,0,5.44
XB-20242661,Dairy,Port Harcourt,Onitsha,4.82,7.04,6.14,6.79,422.8,177727.0,234.4,4.61,0.06,4.67,48,0.097,0,30.6,37.0,6,31.0,69.9,poor,1.424,excellent,0,0.4216,0,0.2987,0,4.39
XB-20242662,Tomatoes,Ibadan,Port Harcourt,7.38,3.93,4.82,7.04,1602.4,605008.0,672.6,12.27,0.56,12.83,72,0.178,1,24.1,29.2,25,4.2,83.3,fair,1.156,good,0,0.217,0,0.1428,0,3.14
XB-20242663,Mangoes,Kano,Onitsha,12.0,8.52,6.14,6.79,675.5,143940.0,836.3,21.6,0.73,22.33,96,0.233,1,21.0,28.5,20,8.5,60.1,poor,2.021,good,0,0.3703,0,0.3701,0,4.96
XB-20242664,Peppers,Kano,Onitsha,12.0,8.52,6.14,6.79,3091.1,604437.0,1085.4,24.71,1.05,25.76,96,0.268,0,37.4,42.5,22,20.5,71.1,fair,0.966,excellent,0,0.5981,1,0.241,0,3.93
XB-20242665,Peppers,Onitsha,Port Harcourt,6.14,6.79,4.82,7.04,401.6,66216.0,226.8,5.99,0.51,6.5,96,0.068,0,30.7,37.0,22,15.0,65.4,fair,0.618,excellent,0,0.5663,1,0.3424,0,4.74
XB-20242666,Fresh Fish,Port Harcourt,Lagos,4.82,7.04,6.52,3.38,3743.1,2048144.0,692.8,14.58,2.67,17.25,24,0.719,0,35.9,41.3,4,37.3,90.7,poor,1.098,good,2,0.7315,1,0.5913,0,6.73
XB-20242667,Leafy Greens,Lagos,Kano,6.52,3.38,12.0,8.52,3323.7,986541.0,1146.6,24.57,1.1,25.67,48,0.535,0,35.9,39.9,10,29.9,79.9,poor,2.61,good,0,0.7026,1,0.3932,0,5.15
XB-20242668,Mangoes,Enugu,Ibadan,6.44,7.5,7.38,3.93,3916.6,811205.0,527.4,11.24,0.22,11.46,96,0.119,1,20.1,25.5,20,5.5,62.7,good,0.0,excellent,0,0.161,0,0.0119,0,2.1
XB-20242669,Dairy,Port Harcourt,Lagos,4.82,7.04,6.52,3.38,3783.3,1659337.0,613.7,10.39,0.39,10.78,48,0.224,1,8.6,11.3,6,5.3,74.7,fair,1.338,excellent,0,0.2847,0,0.2064,0,3.65
XB-20242670,Dairy,Enugu,Onitsha,6.44,7.5,6.14,6.79,3190.8,1383655.0,107.2,2.83,1.79,4.62,48,0.096,0,34.8,41.0,6,35.0,69.3,poor,2.08,good,1,0.6445,1,0.4809,1,5.85
XB-20242671,Fresh Fish,Abuja,Kano,9.07,7.4,12.0,8.52,1352.0,803798.0,511.8,9.36,0.99,10.35,24,0.431,1,6.6,12.2,4,8.2,80.8,fair,0.876,excellent,0,0.4498,0,0.3158,0,4.53
XB-20242672,Peppers,Kaduna,Zaria,10.52,7.44,11.08,7.71,4052.0,702295.0,85.6,1.36,8.63,9.99,96,0.104,0,30.5,36.4,22,14.4,76.0,good,0.0,good,0,0.4523,0,0.3354,0,4.68
XB-20242673,Peppers,Ibadan,Jos,7.38,3.93,9.92,8.89,2769.4,544842.0,968.6,16.12,2.34,18.46,96,0.192,1,20.8,27.2,22,5.2,70.2,good,0.0,excellent,0,0.3489,0,0.2082,0,3.67
XB-20242674,Dairy,Enugu,Port Harcourt,6.44,7.5,4.82,7.04,2618.1,1177139.0,257.4,4.06,5.37,9.43,48,0.196,0,31.0,33.9,6,27.9,57.4,fair,0.686,poor,2,0.7927,1,0.7682,1,8.15
XB-20242675,Tomatoes,Jos,Kaduna,9.92,8.89,10.52,7.44,551.9,191500.0,258.7,5.94,0.68,6.62,72,0.092,0,41.4,47.3,25,22.3,79.2,fair,1.013,poor,0,0.4634,1,0.5131,1,6.11
XB-20242676,Dairy,Enugu,Kano,6.44,7.5,12.0,8.52,1171.6,484084.0,925.3,21.48,2.54,24.02,48,0.501,0,34.8,37.8,6,31.8,65.4,fair,0.955,excellent,0,0.5511,1,0.3703,0,4.96
XB-20242677,Tomatoes,Kano,Kaduna,12.0,8.52,10.52,7.44,3003.5,959087.0,307.1,7.7,2.28,9.98,72,0.139,0,37.5,44.9,25,19.9,88.6,good,0.0,fair,0,0.6297,1,0.5273,0,6.22
XB-20242678,Dairy,Kano,Ibadan,12.0,8.52,7.38,3.93,598.3,274712.0,1042.9,19.48,1.58,21.06,48,0.439,0,37.5,45.3,6,39.3,59.9,poor,2.15,fair,1,0.7829,1,0.6486,0,7.19
XB-20242679,Leafy Greens,Zaria,Ibadan,11.08,7.71,7.38,3.93,4645.8,1341753.0,891.3,14.88,0.59,15.47,48,0.322,1,11.0,15.8,10,5.8,68.8,good,0.0,good,2,0.1447,0,0.2966,0,4.37
XB-20242680,Dairy,Jos,Zaria,9.92,8.89,11.08,7.71,4087.8,1883262.0,236.7,4.32,2.62,6.94,48,0.145,0,32.0,36.1,6,30.1,63.1,good,0.0,excellent,0,0.4667,1,0.1899,0,3.52
XB-20242681,Mangoes,Kano,Zaria,12.0,8.52,11.08,7.71,3426.1,630465.0,204.3,4.0,1.87,5.87,96,0.061,0,39.1,42.0,20,22.0,80.2,poor,2.366,excellent,0,0.5759,1,0.2405,0,3.92
XB-20242682,Mangoes,Jos,Onitsha,9.92,8.89,6.14,6.79,205.9,41063.0,697.4,11.62,1.14,12.76,96,0.133,0,35.3,39.7,20,19.7,56.0,fair,1.267,fair,1,0.6638,1,0.5171,1,6.14
XB-20242683,Leafy Greens,Port Harcourt,Lagos,4.82,7.04,6.52,3.38,4613.1,1203504.0,567.9,14.16,0.32,14.47,48,0.302,1,13.3,18.8,10,8.8,79.4,poor,2.248,good,1,0.3285,0,0.3801,0,5.04
XB-20242684,Fresh Fish,Kaduna,Port Harcourt,10.52,7.44,4.82,7.04,2597.4,1418416.0,956.2,15.07,0.42,15.49,24,0.646,0,30.1,32.8,4,28.8,78.2,good,0.0,fair,2,0.5403,0,0.6454,1,7.16
XB-20242685,Tomatoes,Enugu,Abuja,6.44,7.5,9.07,7.4,2438.6,874872.0,449.4,8.18,0.4,8.58,72,0.119,1,23.8,30.7,25,5.7,82.8,fair,0.596,good,0,0.2434,0,0.2152,0,3.72
XB-20242686,Strawberries,Zaria,Port Harcourt,11.08,7.71,4.82,7.04,4942.6,3879475.0,1058.1,18.46,2.3,20.76,36,0.577,1,7.7,14.2,8,6.2,86.1,fair,0.941,good,0,0.4004,0,0.276,0,4.21
XB-20242687,Fresh Fish,Kaduna,Kano,10.52,7.44,12.0,8.52,1363.2,767036.0,253.4,6.47,0.02,6.48,24,0.27,1,3.5,6.0,4,2.0,67.6,fair,1.445,good,0,0.2479,0,0.1924,0,3.54
XB-20242688,Strawberries,Kano,Port Harcourt,12.0,8.52,4.82,7.04,2642.2,1910913.0,1232.4,21.87,1.9,23.77,36,0.66,1,8.9,15.5,8,7.5,85.5,poor,1.432,good,0,0.6543,1,0.3741,0,4.99
XB-20242689,Fresh Fish,Zaria,Lagos,11.08,7.71,6.52,3.38,2288.6,1380629.0,883.2,20.78,4.02,24.81,24,1.034,0,31.0,39.0,4,35.0,72.9,poor,1.781,good,1,0.8695,1,0.6631,0,7.3
XB-20242690,Leafy Greens,Onitsha,Lagos,6.14,6.79,6.52,3.38,743.9,191956.0,593.6,9.8,4.03,13.82,48,0.288,0,37.5,40.3,10,30.3,83.9,poor,1.894,fair,1,0.672,1,0.6362,1,7.09
XB-20242691,Leafy Greens,Kaduna,Abuja,10.52,7.44,9.07,7.4,4865.2,1337367.0,194.7,4.7,1.13,5.83,48,0.122,1,8.1,14.6,10,4.6,89.5,fair,0.565,fair,1,0.2108,0,0.4121,0,5.3
XB-20242692,Strawberries,Lagos,Jos,6.52,3.38,9.92,8.89,3271.9,2450534.0,878.7,18.92,2.38,21.3,36,0.592,1,9.2,15.4,8,7.4,88.7,fair,1.446,good,0,0.5001,0,0.3833,0,5.07
XB-20242693,Leafy Greens,Kano,Lagos,12.0,8.52,6.52,3.38,3247.2,939019.0,1048.8,27.81,0.84,28.64,48,0.597,1,8.4,10.5,10,0.5,86.8,fair,0.993,good,0,0.3984,0,0.3303,0,4.64
XB-20242694,Dairy,Port Harcourt,Enugu,4.82,7.04,6.44,7.5,3374.0,1311572.0,286.2,5.8,1.12,6.92,48,0.144,1,9.0,12.8,6,6.8,67.8,fair,0.721,excellent,0,0.2277,0,0.109,0,2.87
XB-20242695,Dairy,Zaria,Kano,11.08,7.71,12.0,8.52,310.3,132341.0,167.5,3.77,0.48,4.26,48,0.089,0,38.4,40.5,6,34.5,61.7,poor,2.696,fair,2,0.7306,1,0.6422,0,7.14
XB-20242696,Dairy,Jos,Zaria,9.92,8.89,11.08,7.71,1448.9,641122.0,267.6,5.56,0.83,6.39,48,0.133,0,37.0,39.4,6,33.4,87.0,fair,1.157,poor,2,0.5159,1,0.8,1,8.4
XB-20242697,Strawberries,Enugu,Abuja,6.44,7.5,9.07,7.4,3081.8,2691334.0,359.1,6.42,1.34,7.76,36,0.216,1,9.6,13.0,8,5.0,81.1,good,0.0,fair,1,0.292,0,0.3777,0,5.02
XB-20242698,Mangoes,Enugu,Port Harcourt,6.44,7.5,4.82,7.04,4204.9,791983.0,232.8,4.28,0.4,4.68,96,0.049,1,23.5,26.8,20,6.8,76.7,poor,1.151,fair,1,0.3519,0,0.5423,1,6.34
XB-20242699,Dairy,Lagos,Enugu,6.52,3.38,6.44,7.5,3033.4,1294461.0,651.5,11.5,0.61,12.12,48,0.252,0,35.9,41.9,6,35.9,74.2,fair,0.604,good,1,0.5195,1,0.3492,0,4.79
XB-20242700,Tomatoes,Zaria,Jos,11.08,7.71,9.92,8.89,3837.0,1340405.0,278.6,4.76,5.57,10.33,72,0.144,1,24.5,32.2,25,7.2,87.0,good,0.0,fair,0,0.4492,1,0.568,1,6.54
XB-20242701,Mangoes,Zaria,Enugu,11.08,7.71,6.44,7.5,1314.3,279170.0,657.0,17.95,0.05,18.01,96,0.188,1,20.8,23.4,20,3.4,91.9,poor,2.04,good,2,0.2758,0,0.4136,0,5.31
XB-20242702,Fresh Fish,Enugu,Jos,6.44,7.5,9.92,8.89,4288.4,2573909.0,524.3,9.32,0.61,9.93,24,0.414,0,36.0,39.0,4,35.0,60.0,fair,1.126,good,0,0.5407,1,0.3359,0,4.69
XB-20242703,Dairy,Enugu,Kaduna,6.44,7.5,10.52,7.44,4437.3,1897671.0,647.8,13.88,0.3,14.18,48,0.295,0,28.6,32.1,6,26.1,60.6,good,0.0,fair,2,0.465,0,0.582,1,6.66
XB-20242704,Fresh Fish,Zaria,Kano,11.08,7.71,12.0,8.52,3845.5,2103669.0,208.0,5.67,0.6,6.27,24,0.261,1,3.1,11.0,4,7.0,86.5,poor,2.616,poor,1,0.4738,0,0.5259,0,6.21
XB-20242705,Peppers,Onitsha,Enugu,6.14,6.79,6.44,7.5,2367.7,460133.0,119.8,1.91,0.2,2.11,96,0.022,0,41.0,43.2,22,21.2,90.9,fair,1.41,good,1,0.5743,1,0.4611,0,5.69
XB-20242706,Tomatoes,Abuja,Jos,9.07,7.4,9.92,8.89,546.4,201449.0,233.1,6.55,2.65,9.2,72,0.128,1,27.5,33.3,25,8.3,79.9,poor,1.748,good,0,0.4365,0,0.3413,0,4.73
XB-20242707,Leafy Greens,Kaduna,Kano,10.52,7.44,12.0,8.52,1765.4,458013.0,270.7,4.89,0.87,5.76,48,0.12,0,33.5,41.1,10,31.1,76.0,fair,1.347,good,1,0.5889,1,0.4348,0,5.48
XB-20242708,Peppers,Abuja,Onitsha,9.07,7.4,6.14,6.79,3716.2,692644.0,473.5,9.79,1.96,11.75,96,0.122,1,23.9,30.2,22,8.2,86.3,poor,2.341,good,0,0.4868,0,0.3144,0,4.52
XB-20242709,Peppers,Jos,Abuja,9.92,8.89,9.07,7.4,436.8,75229.0,299.8,4.75,0.92,5.67,96,0.059,0,30.4,36.3,22,14.3,90.5,fair,0.596,good,0,0.4197,0,0.1897,0,3.52
XB-20242710,Leafy Greens,Abuja,Zaria,9.07,7.4,11.08,7.71,1524.2,453316.0,275.5,4.47,1.7,6.18,48,0.129,1,13.6,16.6,10,6.6,86.9,poor,1.733,good,0,0.3967,0,0.1051,0,2.84
XB-20242711,Peppers,Enugu,Kaduna,6.44,7.5,10.52,7.44,2368.8,429638.0,589.5,11.95,2.49,14.43,96,0.15,1,20.9,27.8,22,5.8,59.4,poor,2.938,poor,1,0.2524,0,0.5839,1,6.67
XB-20242712,Dairy,Port Harcourt,Enugu,4.82,7.04,6.44,7.5,1327.6,582133.0,292.3,8.0,1.07,9.06,48,0.189,1,8.7,14.9,6,8.9,69.2,fair,1.14,good,2,0.2938,0,0.186,0,3.49
XB-20242713,Peppers,Port Harcourt,Kaduna,4.82,7.04,10.52,7.44,4014.0,650614.0,996.1,24.2,1.51,25.72,96,0.268,1,22.4,26.7,22,4.7,91.0,fair,0.537,good,0,0.3605,0,0.341,0,4.73
XB-20242714,Strawberries,Abuja,Enugu,9.07,7.4,6.44,7.5,3953.8,2983030.0,453.5,9.16,0.89,10.05,36,0.279,0,28.1,35.8,8,27.8,76.2,fair,1.369,excellent,0,0.6442,1,0.2739,0,4.19
XB-20242715,Fresh Fish,Port Harcourt,Ibadan,4.82,7.04,7.38,3.93,667.7,368412.0,540.7,8.66,3.51,12.18,24,0.507,0,42.2,44.8,4,40.8,69.6,fair,1.278,good,2,0.657,1,0.645,1,7.16
XB-20242716,Strawberries,Lagos,Kano,6.52,3.38,12.0,8.52,1715.8,1373518.0,1129.2,21.5,0.37,21.87,36,0.607,0,39.4,44.9,8,36.9,74.3,fair,1.41,fair,1,0.6008,1,0.5566,1,6.45
XB-20242717,Tomatoes,Jos,Lagos,9.92,8.89,6.52,3.38,1035.5,393369.0,881.8,18.63,0.46,19.08,72,0.265,1,28.9,36.7,25,11.7,91.3,fair,1.414,good,0,0.41,1,0.307,0,4.46
XB-20242718,Mangoes,Abuja,Enugu,9.07,7.4,6.44,7.5,4183.1,787117.0,454.4,7.4,2.6,10.0,96,0.104,0,37.7,40.7,20,20.7,77.5,poor,2.935,fair,2,0.6623,1,0.6747,1,7.4
XB-20242719,Mangoes,Port Harcourt,Abuja,4.82,7.04,9.07,7.4,1918.0,376009.0,674.6,11.39,0.47,11.86,96,0.123,1,21.3,28.4,20,8.4,56.0,fair,1.345,good,0,0.2995,0,0.2289,0,3.83
XB-20242720,Peppers,Onitsha,Jos,6.14,6.79,9.92,8.89,3453.2,674603.0,665.5,15.18,0.83,16.01,96,0.167,1,24.8,29.7,22,7.7,73.1,fair,0.671,fair,0,0.3602,0,0.344,0,4.75
XB-20242721,Tomatoes,Kano,Kaduna,12.0,8.52,10.52,7.44,3878.9,1430551.0,286.4,5.05,0.16,5.21,72,0.072,1,26.9,33.0,25,8.0,63.4,fair,1.456,fair,0,0.2144,0,0.1329,0,3.06
XB-20242722,Fresh Fish,Ibadan,Abuja,7.38,3.93,9.07,7.4,3101.5,1689996.0,659.7,14.89,0.01,14.9,24,0.621,1,6.5,13.0,4,9.0,68.1,fair,0.757,good,0,0.4213,0,0.3636,0,4.91
XB-20242723,Peppers,Ibadan,Jos,7.38,3.93,9.92,8.89,4219.8,748247.0,836.8,13.81,0.49,14.3,96,0.149,0,27.3,30.6,22,8.6,70.6,fair,1.287,fair,0,0.4812,1,0.4874,0,5.9
XB-20242724,Tomatoes,Kaduna,Zaria,10.52,7.44,11.08,7.71,3223.4,1145322.0,84.9,2.17,1.78,3.95,72,0.055,1,25.2,27.3,25,2.3,87.4,good,0.0,poor,0,0.0242,0,0.2354,0,3.88
XB-20242725,Leafy Greens,Jos,Ibadan,9.92,8.89,7.38,3.93,4483.8,1293174.0,750.4,20.45,2.63,23.08,48,0.481,1,9.5,15.1,10,5.1,58.0,good,0.0,poor,1,0.3424,0,0.5251,1,6.2
XB-20242726,Mangoes,Onitsha,Kano,6.14,6.79,12.0,8.52,2037.9,382933.0,911.0,16.87,1.64,18.51,96,0.193,1,22.0,24.2,20,4.2,75.5,fair,0.93,poor,1,0.3215,0,0.625,1,7.0
XB-20242727,Tomatoes,Port Harcourt,Abuja,4.82,7.04,9.07,7.4,2189.9,808193.0,673.0,16.95,0.79,17.74,72,0.246,1,24.1,28.6,25,3.6,58.0,poor,2.248,poor,0,0.2431,0,0.3533,0,4.83
XB-20242728,Dairy,Ibadan,Lagos,7.38,3.93,6.52,3.38,1125.5,466776.0,163.1,3.84,5.03,8.87,48,0.185,0,26.2,32.5,6,26.5,83.4,good,0.0,poor,0,0.641,1,0.6632,0,7.31
XB-20242729,Fresh Fish,Zaria,Lagos,11.08,7.71,6.52,3.38,2450.6,1568593.0,949.3,20.24,2.63,22.87,24,0.953,0,44.5,51.3,4,47.3,73.0,fair,1.265,good,0,0.7559,1,0.5403,0,6.32
XB-20242730,Mangoes,Port Harcourt,Enugu,4.82,7.04,6.44,7.5,1296.7,283457.0,266.1,4.34,1.36,5.7,96,0.059,1,21.1,26.8,20,6.8,81.6,fair,0.508,good,0,0.3793,0,0.2636,0,4.11
XB-20242731,Leafy Greens,Zaria,Lagos,11.08,7.71,6.52,3.38,3016.9,926427.0,1112.1,23.51,0.59,24.1,48,0.502,1,9.6,16.2,10,6.2,65.4,good,0.0,poor,0,0.2874,0,0.4209,0,5.37
XB-20242732,Leafy Greens,Kano,Enugu,12.0,8.52,6.44,7.5,4745.1,1385595.0,838.8,14.92,0.82,15.74,48,0.328,0,25.3,30.9,10,20.9,74.7,fair,1.096,poor,3,0.6364,1,0.7283,1,7.83
XB-20242733,Strawberries,Zaria,Ibadan,11.08,7.71,7.38,3.93,2363.7,1750963.0,803.0,18.05,0.09,18.14,36,0.504,1,11.6,14.2,8,6.2,85.2,poor,1.935,excellent,0,0.5359,1,0.2287,0,3.83
XB-20242734,Strawberries,Enugu,Jos,6.44,7.5,9.92,8.89,2578.5,2256297.0,597.7,12.35,0.31,12.66,36,0.352,1,8.5,12.3,8,4.3,59.3,good,0.0,fair,1,0.1748,0,0.3173,0,4.54
XB-20242735,Dairy,Onitsha,Jos,6.14,6.79,9.92,8.89,1890.7,811847.0,630.9,17.3,0.07,17.37,48,0.362,0,34.0,38.6,6,32.6,70.0,good,0.0,excellent,0,0.4288,1,0.2939,0,4.35
XB-20242736,Tomatoes,Ibadan,Port Harcourt,7.38,3.93,4.82,7.04,1808.5,654699.0,672.8,12.61,1.23,13.84,72,0.192,1,26.7,31.2,25,6.2,70.9,good,0.0,fair,1,0.4255,1,0.4641,0,5.71
XB-20242737,Peppers,Onitsha,Kaduna,6.14,6.79,10.52,7.44,3360.0,638802.0,598.1,14.78,0.58,15.37,96,0.16,1,23.2,28.5,22,6.5,60.8,fair,1.324,good,0,0.3899,0,0.2646,0,4.12
XB-20242738,Peppers,Abuja,Enugu,9.07,7.4,6.44,7.5,234.7,44864.0,356.3,5.63,0.89,6.52,96,0.068,0,35.9,38.6,22,16.6,81.0,poor,1.134,poor,3,0.4212,0,0.6572,1,7.26
XB-20242739,Dairy,Zaria,Kano,11.08,7.71,12.0,8.52,631.5,252833.0,192.5,5.02,1.56,6.58,48,0.137,1,4.8,12.5,6,6.5,70.4,good,0.0,good,1,0.1158,0,0.3035,0,4.43
XB-20242740,Dairy,Abuja,Port Harcourt,9.07,7.4,4.82,7.04,534.5,216177.0,639.1,11.75,0.89,12.64,48,0.263,0,36.6,43.5,6,37.5,68.5,fair,0.548,good,0,0.587,1,0.4108,0,5.29
XB-20242741,Fresh Fish,Enugu,Jos,6.44,7.5,9.92,8.89,2911.8,1576931.0,512.2,8.03,0.17,8.2,24,0.342,0,42.3,48.2,4,44.2,82.2,good,0.0,fair,2,0.5316,1,0.5097,0,6.08
XB-20242742,Tomatoes,Port Harcourt,Kaduna,4.82,7.04,10.52,7.44,230.0,80410.0,842.1,15.65,0.26,15.91,72,0.221,1,26.3,30.3,25,5.3,87.6,fair,1.016,excellent,0,0.1452,0,0.1284,0,3.03
XB-20242743,Mangoes,Port Harcourt,Kano,4.82,7.04,12.0,8.52,2029.6,384286.0,1266.9,20.33,1.15,21.49,96,0.224,1,22.8,29.4,20,9.4,77.2,fair,1.277,fair,1,0.1771,0,0.2939,0,4.35
XB-20242744,Fresh Fish,Kano,Port Harcourt,12.0,8.52,4.82,7.04,4665.1,3019323.0,1188.0,21.08,0.33,21.42,24,0.892,0,29.2,33.4,4,29.4,85.6,good,0.0,good,0,0.7031,1,0.4436,0,5.55
XB-20242745,Tomatoes,Abuja,Onitsha,9.07,7.4,6.14,6.79,3236.6,1110724.0,404.8,9.05,1.6,10.64,72,0.148,0,41.0,47.1,25,22.1,83.7,fair,0.614,fair,0,0.5264,1,0.4204,0,5.36
XB-20242746,Dairy,Port Harcourt,Lagos,4.82,7.04,6.52,3.38,1116.8,441776.0,657.9,10.74,3.98,14.72,48,0.307,0,25.0,30.9,6,24.9,71.7,poor,1.316,poor,1,0.591,1,0.6353,1,7.08
XB-20242747,Dairy,Lagos,Abuja,6.52,3.38,9.07,7.4,4084.4,1797694.0,632.1,13.07,3.4,16.47,48,0.343,0,25.0,28.7,6,22.7,59.3,fair,1.344,good,1,0.4022,0,0.3844,0,5.08
XB-20242748,Leafy Greens,Zaria,Kano,11.08,7.71,12.0,8.52,461.5,122833.0,203.4,5.57,0.24,5.81,48,0.121,0,33.5,39.6,10,29.6,82.1,poor,1.247,excellent,0,0.6052,1,0.3783,0,5.03
XB-20242749,Leafy Greens,Lagos,Onitsha,6.52,3.38,6.14,6.79,4398.0,1305073.0,579.1,10.02,0.26,10.28,48,0.214,1,11.5,19.1,10,9.1,72.3,fair,0.691,excellent,0,0.3571,0,0.1354,0,3.08
XB-20242750,Fresh Fish,Zaria,Abuja,11.08,7.71,9.07,7.4,4676.4,2897772.0,349.5,9.38,1.41,10.8,24,0.45,0,33.5,39.8,4,35.8,87.2,poor,1.268,good,0,0.5855,1,0.3573,0,4.86
XB-20242751,Dairy,Enugu,Zaria,6.44,7.5,11.08,7.71,366.2,139245.0,781.4,12.08,1.68,13.76,48,0.287,1,9.9,13.3,6,7.3,82.9,good,0.0,poor,0,0.3057,0,0.593,1,6.74
XB-20242752,Mangoes,Abuja,Enugu,9.07,7.4,6.44,7.5,1489.1,312343.0,391.5,8.5,1.48,9.98,96,0.104,0,33.0,37.2,20,17.2,63.9,good,0.0,excellent,0,0.4186,0,0.192,0,3.54
XB-20242753,Strawberries,Abuja,Jos,9.07,7.4,9.92,8.89,2578.1,2135097.0,267.3,6.35,1.3,7.64,36,0.212,1,10.9,14.9,8,6.9,85.1,good,0.0,excellent,0,0.1167,0,0.0541,0,2.43
XB-20242754,Dairy,Jos,Abuja,9.92,8.89,9.07,7.4,1321.3,500123.0,288.5,5.25,1.44,6.69,48,0.139,0,32.3,37.0,6,31.0,83.7,fair,0.853,good,1,0.7413,1,0.5905,1,6.72
XB-20242755,Tomatoes,Ibadan,Abuja,7.38,3.93,9.07,7.4,885.9,306695.0,630.7,11.07,0.27,11.34,72,0.158,0,30.1,36.7,25,11.7,75.6,fair,0.749,fair,2,0.4089,0,0.5568,1,6.45
XB-20242756,Fresh Fish,Jos,Zaria,9.92,8.89,11.08,7.71,753.2,448580.0,255.7,4.79,3.54,8.33,24,0.347,0,31.3,36.8,4,32.8,80.7,fair,0.765,good,0,0.5751,1,0.3894,0,5.12
XB-20242757,Tomatoes,Kaduna,Port Harcourt,10.52,7.44,4.82,7.04,3421.8,1154874.0,903.9,18.2,2.15,20.35,72,0.283,0,40.9,48.0,25,23.0,57.5,fair,1.249,good,0,0.6117,1,0.433,0,5.46
XB-20242758,Leafy Greens,Kano,Ibadan,12.0,8.52,7.38,3.93,4592.7,1309168.0,967.6,15.9,0.38,16.29,48,0.339,0,31.5,36.8,10,26.8,84.6,poor,2.294,excellent,0,0.6322,1,0.3593,0,4.87
XB-20242759,Fresh Fish,Enugu,Ibadan,6.44,7.5,7.38,3.93,1096.8,618247.0,646.9,13.76,0.08,13.84,24,0.577,0,36.1,41.3,4,37.3,90.9,fair,0.513,good,1,0.7623,1,0.4915,0,5.93
XB-20242760,Leafy Greens,Kaduna,Abuja,10.52,7.44,9.07,7.4,2053.5,555792.0,227.1,3.83,1.47,5.3,48,0.11,0,30.5,32.7,10,22.7,65.6,poor,2.068,good,1,0.5722,1,0.4537,0,5.63
XB-20242761,Tomatoes,Zaria,Jos,11.08,7.71,9.92,8.89,4585.4,1571926.0,279.8,4.98,0.71,5.69,72,0.079,0,30.7,37.7,25,12.7,91.4,poor,1.718,good,0,0.5682,0,0.3318,0,4.65
XB-20242762,Tomatoes,Ibadan,Lagos,7.38,3.93,6.52,3.38,3936.7,1344497.0,179.2,2.82,1.37,4.2,72,0.058,1,24.5,31.7,25,6.7,57.1,good,0.0,excellent,0,0.2333,0,0.0931,0,2.74
XB-20242763,Dairy,Abuja,Lagos,9.07,7.4,6.52,3.38,3893.0,1641792.0,636.4,14.33,7.39,21.72,48,0.452,0,30.5,35.2,6,29.2,86.1,poor,1.766,excellent,0,0.804,1,0.4117,0,5.29
XB-20242764,Leafy Greens,Abuja,Onitsha,9.07,7.4,6.14,6.79,4193.1,1061543.0,479.9,9.68,1.29,10.96,48,0.228,1,12.7,16.3,10,6.3,81.8,poor,1.815,excellent,0,0.4153,1,0.1606,0,3.28
XB-20242765,Fresh Fish,Kano,Lagos,12.0,8.52,6.52,3.38,3216.0,2058126.0,1005.8,16.35,0.03,16.37,24,0.682,0,33.6,39.4,4,35.4,57.1,good,0.0,excellent,0,0.6616,1,0.3738,0,4.99
XB-20242766,Tomatoes,Enugu,Kano,6.44,7.5,12.0,8.52,282.7,98464.0,985.7,16.68,2.38,19.06,72,0.265,0,23.6,28.0,25,3.0,67.2,good,0.0,fair,1,0.4359,0,0.4709,0,5.77
XB-20242767,Tomatoes,Ibadan,Jos,7.38,3.93,9.92,8.89,1660.3,560250.0,765.7,12.4,3.6,16.0,72,0.222,1,25.4,33.2,25,8.2,89.9,fair,0.546,excellent,0,0.3624,0,0.1459,0,3.17
XB-20242768,Peppers,Zaria,Port Harcourt,11.08,7.71,4.82,7.04,4105.2,710235.0,913.9,19.9,2.54,22.44,96,0.234,1,25.5,32.8,22,10.8,84.8,good,0.0,poor,1,0.4556,0,0.6358,1,7.09
XB-20242769,Peppers,Port Harcourt,Ibadan,4.82,7.04,7.38,3.93,2663.3,471757.0,550.4,10.06,0.05,10.11,96,0.105,1,21.3,27.9,22,5.9,83.6,poor,2.807,excellent,0,0.3693,0,0.2329,0,3.86
XB-20242770,Strawberries,Onitsha,Kaduna,6.14,6.79,10.52,7.44,2626.8,1947478.0,617.6,11.88,0.51,12.39,36,0.344,0,29.5,36.4,8,28.4,64.1,good,0.0,good,1,0.4065,1,0.3536,0,4.83
XB-20242771,Tomatoes,Kaduna,Ibadan,10.52,7.44,7.38,3.93,245.0,82513.0,728.4,15.46,1.7,17.16,72,0.238,1,25.4,33.1,25,8.1,71.2,good,0.0,good,2,0.3956,1,0.4654,0,5.72
XB-20242772,Mangoes,Onitsha,Kano,6.14,6.79,12.0,8.52,4567.9,943662.0,906.5,15.13,0.73,15.86,96,0.165,1,23.6,25.8,20,5.8,77.1,fair,0.93,good,0,0.212,0,0.2267,0,3.81
XB-20242773,Peppers,Lagos,Jos,6.52,3.38,9.92,8.89,4822.7,814697.0,1022.7,28.47,1.34,29.81,96,0.311,1,22.8,27.6,22,5.6,86.5,good,0.0,good,1,0.16,0,0.4036,0,5.23
XB-20242774,Fresh Fish,Enugu,Lagos,6.44,7.5,6.52,3.38,1912.2,1118996.0,556.1,12.09,0.03,12.12,24,0.505,0,36.4,40.3,4,36.3,64.0,poor,2.618,fair,1,0.5409,1,0.4495,0,5.6
XB-20242775,Tomatoes,Kaduna,Lagos,10.52,7.44,6.52,3.38,4690.2,1708765.0,925.2,24.64,0.12,24.77,72,0.344,1,26.0,31.2,25,6.2,60.4,poor,2.65,fair,0,0.4098,0,0.3367,0,4.69
XB-20242776,Strawberries,Abuja,Lagos,9.07,7.4,6.52,3.38,4432.4,3859659.0,788.4,13.53,0.78,14.31,36,0.397,1,9.2,14.1,8,6.1,72.3,fair,1.082,fair,2,0.2424,0,0.4152,0,5.32
XB-20242777,Tomatoes,Jos,Abuja,9.92,8.89,9.07,7.4,2782.5,1021025.0,258.1,5.5,0.73,6.23,72,0.086,1,28.6,33.5,25,8.5,62.6,fair,0.905,fair,0,0.2594,0,0.3544,0,4.84
XB-20242778,Leafy Greens,Abuja,Lagos,9.07,7.4,6.52,3.38,1410.4,385527.0,834.1,15.0,1.56,16.55,48,0.345,1,11.4,16.3,10,6.3,90.8,good,0.0,fair,0,0.3934,0,0.3801,0,5.04
XB-20242779,Mangoes,Kaduna,Enugu,10.52,7.44,6.44,7.5,1134.3,213857.0,620.4,11.05,1.31,12.37,96,0.129,0,32.5,34.7,20,14.7,91.8,fair,0.662,poor,1,0.5779,1,0.6715,1,7.37
XB-20242780,Leafy Greens,Ibadan,Lagos,7.38,3.93,6.52,3.38,656.5,188043.0,172.1,2.89,0.28,3.18,48,0.066,1,9.7,17.5,10,7.5,83.9,good,0.0,excellent,0,0.1452,0,0.01,0,2.08
XB-20242781,Fresh Fish,Kano,Jos,12.0,8.52,9.92,8.89,419.0,231224.0,306.8,7.1,0.78,7.89,24,0.329,0,34.7,39.4,4,35.4,89.5,fair,1.003,fair,1,0.7789,1,0.7137,1,7.71
XB-20242782,Strawberries,Abuja,Port Harcourt,9.07,7.4,4.82,7.04,3988.1,3126635.0,751.0,13.66,4.7,18.36,36,0.51,0,31.6,39.2,8,31.2,87.4,poor,2.834,fair,1,0.8221,1,0.7746,1,8.2
XB-20242783,Mangoes,Zaria,Abuja,11.08,7.71,9.07,7.4,3572.0,767228.0,327.9,6.16,1.31,7.47,96,0.078,1,18.3,21.2,20,1.2,57.1,fair,0.904,excellent,0,0.1279,0,0.0389,0,2.31
XB-20242784,Fresh Fish,Abuja,Onitsha,9.07,7.4,6.14,6.79,1340.3,860733.0,415.9,10.35,3.96,14.31,24,0.596,1,5.4,12.5,4,8.5,76.3,good,0.0,good,0,0.6149,1,0.4471,0,5.58
XB-20242785,Mangoes,Abuja,Jos,9.07,7.4,9.92,8.89,4458.4,916461.0,288.8,6.19,1.38,7.56,96,0.079,0,33.6,38.7,20,18.7,90.5,poor,2.932,good,0,0.6478,1,0.3681,0,4.95
XB-20242786,Tomatoes,Abuja,Onitsha,9.07,7.4,6.14,6.79,560.9,215727.0,446.0,9.62,0.34,9.97,72,0.138,0,34.5,38.8,25,13.8,75.8,fair,1.166,good,0,0.4967,0,0.4088,0,5.27
XB-20242787,Mangoes,Lagos,Kaduna,6.52,3.38,10.52,7.44,3239.0,615032.0,929.1,22.05,1.17,23.22,96,0.242,0,36.4,41.1,20,21.1,58.3,fair,1.291,excellent,0,0.4335,0,0.3219,0,4.58
XB-20242788,Fresh Fish,Lagos,Jos,6.52,3.38,9.92,8.89,967.1,605456.0,944.3,18.34,2.82,21.16,24,0.882,0,33.9,39.5,4,35.5,66.8,fair,1.153,fair,0,0.8161,1,0.7492,1,7.99
XB-20242789,Tomatoes,Kano,Onitsha,12.0,8.52,6.14,6.79,207.3,78878.0,1084.8,20.38,1.28,21.66,72,0.301,1,24.3,30.7,25,5.7,68.4,poor,2.413,good,1,0.4224,0,0.3077,0,4.46
XB-20242790,Leafy Greens,Kano,Onitsha,12.0,8.52,6.14,6.79,1689.2,498306.0,961.0,23.54,0.6,24.13,48,0.503,0,34.1,39.8,10,29.8,78.2,fair,1.245,fair,0,0.7592,1,0.6998,1,7.6
XB-20242791,Strawberries,Ibadan,Onitsha,7.38,3.93,6.14,6.79,1653.3,1376065.0,478.1,8.92,0.7,9.62,36,0.267,1,6.1,12.4,8,4.4,70.4,poor,2.015,excellent,0,0.3373,0,0.2063,0,3.65
XB-20242792,Tomatoes,Abuja,Kano,9.07,7.4,12.0,8.52,1210.7,441103.0,463.6,10.44,0.28,10.72,72,0.149,0,29.9,36.4,25,11.4,62.6,poor,1.59,fair,1,0.5617,1,0.5068,0,6.05
XB-20242793,Leafy Greens,Onitsha,Abuja,6.14,6.79,9.07,7.4,556.2,164625.0,428.3,9.9,1.93,11.82,48,0.246,1,11.3,17.6,10,7.6,73.3,poor,2.894,fair,1,0.3259,0,0.4094,0,5.28
XB-20242794,Strawberries,Enugu,Lagos,6.44,7.5,6.52,3.38,2425.2,2064704.0,558.9,12.25,0.72,12.97,36,0.36,1,8.4,15.8,8,7.8,55.9,fair,1.388,good,0,0.2237,0,0.2683,0,4.15
XB-20242795,Leafy Greens,Port Harcourt,Onitsha,4.82,7.04,6.14,6.79,1596.6,450417.0,200.0,4.44,3.36,7.79,48,0.162,1,8.7,15.2,10,5.2,61.0,fair,1.267,excellent,0,0.2712,0,0.1563,0,3.25
XB-20242796,Fresh Fish,Port Harcourt,Abuja,4.82,7.04,9.07,7.4,2836.0,1773313.0,673.5,13.76,0.61,14.37,24,0.599,0,38.8,44.1,4,40.1,71.6,poor,2.821,good,0,0.6715,1,0.3247,0,4.6
XB-20242797,Strawberries,Jos,Zaria,9.92,8.89,11.08,7.71,2366.2,1743825.0,275.3,6.44,0.27,6.72,36,0.187,0,34.7,41.5,8,33.5,80.9,good,0.0,excellent,0,0.5962,1,0.2405,0,3.92
XB-20242798,Tomatoes,Enugu,Lagos,6.44,7.5,6.52,3.38,1209.4,391359.0,702.7,12.28,0.31,12.59,72,0.175,0,39.3,46.4,25,21.4,65.1,fair,0.837,good,0,0.5709,1,0.4341,0,5.47
XB-20242799,Dairy,Kaduna,Port Harcourt,10.52,7.44,4.82,7.04,210.5,84961.0,979.7,23.79,1.45,25.24,48,0.526,1,7.2,14.4,6,8.4,71.7,fair,0.679,good,0,0.3655,0,0.3633,0,4.91
XB-20242800,Tomatoes,Onitsha,Kano,6.14,6.79,12.0,8.52,2486.5,807451.0,973.3,23.85,0.15,24.0,72,0.333,1,25.0,32.0,25,7.0,83.3,fair,0.944,good,0,0.3397,0,0.3181,0,4.54
XB-20242801,Fresh Fish,Kaduna,Zaria,10.52,7.44,11.08,7.71,569.2,310192.0,93.8,1.61,0.75,2.36,24,0.098,1,2.5,6.1,4,2.1,86.7,fair,1.084,excellent,0,0.1645,0,0.0615,0,2.49
XB-20242802,Dairy,Port Harcourt,Jos,4.82,7.04,9.92,8.89,883.1,364236.0,906.2,14.06,0.02,14.08,48,0.293,0,33.4,40.2,6,34.2,82.6,good,0.0,excellent,0,0.4711,1,0.2473,0,3.98
XB-20242803,Fresh Fish,Jos,Kano,9.92,8.89,12.0,8.52,1566.7,849305.0,350.6,8.0,1.74,9.74,24,0.406,0,35.3,42.5,4,38.5,81.9,fair,1.455,poor,1,0.6936,1,0.7006,1,7.6
XB-20242804,Fresh Fish,Onitsha,Jos,6.14,6.79,9.92,8.89,2263.8,1455283.0,691.6,13.92,1.76,15.67,24,0.653,0,31.7,34.7,4,30.7,81.8,good,0.0,poor,2,0.5481,1,0.7608,1,8.09
XB-20242805,Fresh Fish,Ibadan,Kano,7.38,3.93,12.0,8.52,2573.2,1626529.0,1104.8,19.21,0.33,19.54,24,0.814,0,43.5,50.4,4,46.4,72.9,fair,1.13,excellent,0,0.808,1,0.3808,0,5.05
XB-20242806,Mangoes,Port Harcourt,Kaduna,4.82,7.04,10.52,7.44,1394.7,305887.0,770.3,12.75,0.03,12.79,96,0.133,1,23.3,26.9,20,6.9,91.9,good,0.0,fair,0,0.275,0,0.3601,0,4.88
XB-20242807,Dairy,Port Harcourt,Kaduna,4.82,7.04,10.52,7.44,1932.0,761163.0,771.3,16.04,0.33,16.37,48,0.341,0,28.3,35.4,6,29.4,85.9,poor,2.163,poor,0,0.5884,1,0.5529,1,6.42
XB-20242808,Mangoes,Abuja,Enugu,9.07,7.4,6.44,7.5,3325.0,716625.0,379.0,5.95,1.71,7.66,96,0.08,1,21.3,23.7,20,3.7,64.5,good,0.0,good,0,0.3318,0,0.3625,0,4.9
XB-20242809,Fresh Fish,Ibadan,Port Harcourt,7.38,3.93,4.82,7.04,4344.0,2405651.0,605.0,9.7,0.48,10.18,24,0.424,1,3.1,9.3,4,5.3,74.4,poor,2.822,fair,0,0.311,0,0.3039,0,4.43
XB-20242810,Leafy Greens,Ibadan,Enugu,7.38,3.93,6.44,7.5,3714.8,1130489.0,507.0,8.55,1.94,10.49,48,0.219,0,39.8,43.2,10,33.2,73.1,poor,2.617,poor,2,0.6349,1,0.8088,1,8.47
XB-20242811,Tomatoes,Abuja,Lagos,9.07,7.4,6.52,3.38,663.3,231814.0,800.1,14.38,0.78,15.16,72,0.211,0,35.0,37.7,25,12.7,74.6,fair,1.454,good,1,0.6816,1,0.4757,0,5.81
XB-20242812,Leafy Greens,Kaduna,Onitsha,10.52,7.44,6.14,6.79,1229.5,310402.0,713.1,19.58,1.8,21.38,48,0.445,0,33.8,36.3,10,26.3,60.6,fair,0.735,fair,2,0.4438,0,0.6712,1,7.37
XB-20242813,Peppers,Jos,Kano,9.92,8.89,12.0,8.52,266.8,51764.0,303.1,7.04,0.08,7.12,96,0.074,1,22.4,26.0,22,4.0,75.2,fair,1.259,fair,1,0.214,0,0.4325,0,5.46
XB-20242814,Dairy,Zaria,Lagos,11.08,7.71,6.52,3.38,2257.7,900090.0,866.7,14.59,0.46,15.06,48,0.314,1,5.7,7.7,6,1.7,73.6,poor,2.288,excellent,0,0.1709,0,0.1326,0,3.06
XB-20242815,Strawberries,Onitsha,Enugu,6.14,6.79,6.44,7.5,2171.8,1866153.0,110.3,2.24,2.13,4.37,36,0.121,0,32.1,37.9,8,29.9,90.2,poor,1.606,fair,1,0.5767,1,0.4886,0,5.91
XB-20242816,Fresh Fish,Kaduna,Zaria,10.52,7.44,11.08,7.71,903.9,587818.0,96.9,2.36,0.1,2.47,24,0.103,1,2.4,8.9,4,4.9,75.6,good,0.0,excellent,0,0.0529,0,0.01,0,2.08
XB-20242817,Tomatoes,Enugu,Onitsha,6.44,7.5,6.14,6.79,1216.4,442627.0,107.1,2.04,1.22,3.25,72,0.045,0,33.3,37.6,25,12.6,91.6,fair,0.99,fair,1,0.5243,1,0.5303,0,6.24
XB-20242818,Strawberries,Kaduna,Onitsha,10.52,7.44,6.14,6.79,4118.9,3572695.0,778.3,14.46,2.0,16.46,36,0.457,0,31.5,33.7,8,25.7,80.3,good,0.0,good,0,0.604,1,0.4552,0,5.64
XB-20242819,Mangoes,Enugu,Lagos,6.44,7.5,6.52,3.38,3326.9,615421.0,620.0,10.36,2.72,13.08,96,0.136,0,26.9,33.5,20,13.5,66.5,fair,1.445,good,1,0.5364,1,0.45,0,5.6
XB-20242820,Strawberries,Jos,Port Harcourt,9.92,8.89,4.82,7.04,4921.4,4207736.0,841.6,15.16,3.71,18.86,36,0.524,1,7.9,15.8,8,7.8,87.6,good,0.0,excellent,0,0.4505,0,0.2694,0,4.16
XB-20242821,Fresh Fish,Abuja,Lagos,9.07,7.4,6.52,3.38,3433.1,2088781.0,687.4,16.6,0.34,16.94,24,0.706,1,2.9,5.6,4,1.6,73.8,poor,1.448,excellent,0,0.3401,0,0.2141,0,3.71
XB-20242822,Tomatoes,Kaduna,Zaria,10.52,7.44,11.08,7.71,2607.8,849038.0,91.0,1.97,0.54,2.51,72,0.035,1,28.0,31.5,25,6.5,79.4,fair,0.642,poor,1,0.3687,0,0.5954,1,6.76
XB-20242823,Mangoes,Kaduna,Abuja,10.52,7.44,9.07,7.4,1027.2,214819.0,205.0,3.89,0.64,4.53,96,0.047,0,28.6,36.1,20,16.1,67.8,poor,1.517,fair,0,0.4812,0,0.4242,0,5.39
XB-20242824,Mangoes,Zaria,Abuja,11.08,7.71,9.07,7.4,3375.1,723572.0,360.0,6.45,2.27,8.72,96,0.091,0,35.7,41.5,20,21.5,76.7,poor,1.842,excellent,0,0.5673,1,0.3204,0,4.56
XB-20242825,Strawberries,Abuja,Onitsha,9.07,7.4,6.14,6.79,2709.6,2272403.0,482.0,7.85,0.93,8.78,36,0.244,1,10.2,15.6,8,7.6,73.0,good,0.0,fair,0,0.3436,0,0.2444,0,3.96
XB-20242826,Mangoes,Abuja,Zaria,9.07,7.4,11.08,7.71,3431.3,728442.0,276.2,5.83,0.2,6.03,96,0.063,1,22.5,24.6,20,4.6,69.3,fair,1.05,poor,1,0.3444,0,0.6038,1,6.83
XB-20242827,Mangoes,Enugu,Port Harcourt,6.44,7.5,4.82,7.04,2440.0,460545.0,232.2,3.67,0.95,4.62,96,0.048,1,19.6,27.5,20,7.5,66.2,poor,1.66,good,0,0.2745,0,0.2838,0,4.27
XB-20242828,Tomatoes,Kano,Jos,12.0,8.52,9.92,8.89,3817.0,1431480.0,304.3,5.77,0.68,6.46,72,0.09,1,24.8,28.8,25,3.8,60.9,fair,0.587,good,0,0.0995,0,0.1529,0,3.22
XB-20242829,Fresh Fish,Kaduna,Lagos,10.52,7.44,6.52,3.38,1481.5,888599.0,828.0,14.09,0.73,14.82,24,0.618,0,34.0,37.3,4,33.3,91.8,fair,0.758,poor,0,0.6878,1,0.6545,1,7.24
XB-20242830,Dairy,Jos,Enugu,9.92,8.89,6.44,7.5,419.7,190032.0,569.6,9.06,2.52,11.57,48,0.241,1,4.1,8.8,6,2.8,73.5,poor,2.502,fair,1,0.2472,0,0.387,0,5.1
XB-20242831,Strawberries,Zaria,Port Harcourt,11.08,7.71,4.82,7.04,1377.7,1091021.0,989.1,23.32,1.84,25.16,36,0.699,1,9.3,13.9,8,5.9,68.5,good,0.0,excellent,0,0.3997,0,0.2694,0,4.16
XB-20242832,Peppers,Ibadan,Jos,7.38,3.93,9.92,8.89,1209.2,211923.0,947.1,23.1,0.06,23.16,96,0.241,1,25.7,31.5,22,9.5,69.4,poor,2.01,good,0,0.4099,0,0.3918,0,5.13
XB-20242833,Dairy,Ibadan,Zaria,7.38,3.93,11.08,7.71,2680.1,1207964.0,716.3,11.81,1.28,13.09,48,0.273,1,5.9,13.8,6,7.8,81.9,poor,2.522,fair,1,0.5176,1,0.5159,0,6.13
XB-20242834,Fresh Fish,Ibadan,Enugu,7.38,3.93,6.44,7.5,2364.4,1326193.0,495.4,9.33,0.19,9.53,24,0.397,0,36.1,40.1,4,36.1,86.5,fair,0.858,good,0,0.7107,1,0.4391,0,5.51
XB-20242835,Peppers,Ibadan,Kaduna,7.38,3.93,10.52,7.44,492.5,94852.0,744.4,16.09,1.02,17.11,96,0.178,1,20.1,27.0,22,5.0,67.3,poor,1.13,good,1,0.1392,0,0.2288,0,3.83
XB-20242836,Strawberries,Port Harcourt,Zaria,4.82,7.04,11.08,7.71,3054.7,2298854.0,1028.3,18.67,4.03,22.7,36,0.631,0,26.1,28.9,8,20.9,79.8,fair,1.045,poor,2,0.7181,1,0.8191,1,8.55
XB-20242837,Mangoes,Abuja,Jos,9.07,7.4,9.92,8.89,1232.2,232470.0,241.9,6.57,2.19,8.76,96,0.091,1,22.3,26.1,20,6.1,77.2,fair,0.834,good,0,0.2718,0,0.2116,0,3.69
XB-20242838,Dairy,Jos,Lagos,9.92,8.89,6.52,3.38,1253.5,505384.0,1068.9,20.54,2.99,23.53,48,0.49,1,8.7,10.8,6,4.8,66.2,fair,1.101,excellent,0,0.5128,1,0.1461,0,3.17
XB-20242839,Dairy,Enugu,Kaduna,6.44,7.5,10.52,7.44,3467.7,1598365.0,613.3,9.78,0.31,10.09,48,0.21,0,30.9,34.2,6,28.2,62.9,fair,1.004,good,0,0.5864,1,0.4436,0,5.55
XB-20242840,Leafy Greens,Jos,Lagos,9.92,8.89,6.52,3.38,2757.3,696485.0,915.1,18.69,0.16,18.85,48,0.393,1,11.8,17.7,10,7.7,70.0,fair,0.803,good,0,0.4549,1,0.3252,0,4.6
XB-20242841,Strawberries,Kano,Port Harcourt,12.0,8.52,4.82,7.04,1527.2,1144128.0,1087.2,17.77,0.19,17.96,36,0.499,0,26.2,29.3,8,21.3,61.8,poor,2.72,good,0,0.6119,1,0.4387,1,5.51
XB-20242842,Dairy,Onitsha,Kaduna,6.14,6.79,10.52,7.44,4563.4,1936715.0,667.4,11.27,0.16,11.43,48,0.238,0,35.2,37.3,6,31.3,56.5,good,0.0,good,0,0.3796,0,0.2067,0,3.65
XB-20242843,Dairy,Enugu,Jos,6.44,7.5,9.92,8.89,4135.0,1773556.0,612.4,9.93,0.31,10.25,48,0.213,0,38.3,41.5,6,35.5,72.1,fair,0.517,fair,1,0.5125,1,0.5795,0,6.64
XB-20242844,Mangoes,Jos,Abuja,9.92,8.89,9.07,7.4,4382.1,844870.0,253.1,6.63,1.11,7.74,96,0.081,1,23.4,29.0,20,9.0,67.8,poor,1.275,fair,0,0.3679,0,0.287,0,4.3
XB-20242845,Mangoes,Enugu,Port Harcourt,6.44,7.5,4.82,7.04,4470.7,924527.0,279.8,6.51,1.06,7.57,96,0.079,0,24.6,28.6,20,8.6,78.1,fair,1.471,good,0,0.6738,1,0.4055,0,5.24
XB-20242846,Tomatoes,Jos,Enugu,9.92,8.89,6.44,7.5,2429.1,845916.0,665.0,16.69,2.04,18.72,72,0.26,1,24.1,30.8,25,5.8,79.9,poor,1.297,fair,1,0.3848,0,0.4746,1,5.8
XB-20242847,Peppers,Abuja,Lagos,9.07,7.4,6.52,3.38,3269.7,603448.0,745.8,11.54,1.84,13.39,96,0.139,1,24.8,27.8,22,5.8,78.2,good,0.0,fair,3,0.1874,0,0.5855,1,6.68
XB-20242848,Mangoes,Onitsha,Kano,6.14,6.79,12.0,8.52,2415.4,475733.0,1054.1,17.98,0.37,18.35,96,0.191,0,34.0,39.9,20,19.9,61.9,fair,1.127,excellent,0,0.6668,1,0.301,0,4.41
XB-20242849,Peppers,Lagos,Ibadan,6.52,3.38,7.38,3.93,3888.2,715881.0,175.2,4.49,0.81,5.3,96,0.055,0,36.0,43.3,22,21.3,79.0,poor,2.816,good,0,0.4694,0,0.4237,0,5.39
XB-20242850,Dairy,Onitsha,Zaria,6.14,6.79,11.08,7.71,3966.3,1556223.0,871.8,19.99,0.53,20.51,48,0.427,0,32.7,37.3,6,31.3,74.3,good,0.0,fair,1,0.4253,1,0.4566,0,5.65
XB-20242851,Dairy,Zaria,Onitsha,11.08,7.71,6.14,6.79,1184.7,470409.0,804.7,16.35,0.37,16.72,48,0.348,1,8.7,11.0,6,5.0,66.8,fair,0.561,fair,0,0.1659,0,0.2436,0,3.95
XB-20242852,Dairy,Kano,Lagos,12.0,8.52,6.52,3.38,2059.3,789036.0,1307.0,22.63,0.03,22.66,48,0.472,0,32.2,36.4,6,30.4,88.3,poor,1.161,poor,1,0.8198,1,0.8994,1,9.19
XB-20242853,Mangoes,Kano,Onitsha,12.0,8.52,6.14,6.79,580.1,115887.0,843.1,14.55,1.45,16.0,96,0.167,0,29.1,33.6,20,13.6,75.4,fair,0.505,excellent,0,0.527,0,0.3025,0,4.42
XB-20242854,Tomatoes,Port Harcourt,Abuja,4.82,7.04,9.07,7.4,297.0,98893.0,636.7,10.16,0.07,10.23,72,0.142,1,28.9,32.6,25,7.6,83.3,fair,1.113,fair,0,0.382,0,0.275,0,4.2
XB-20242855,Mangoes,Jos,Kano,9.92,8.89,12.0,8.52,2460.3,540615.0,331.3,9.29,0.6,9.89,96,0.103,0,40.8,44.8,20,24.8,57.6,fair,0.836,good,0,0.5432,1,0.3402,0,4.72
XB-20242856,Strawberries,Onitsha,Jos,6.14,6.79,9.92,8.89,4431.1,3354932.0,641.2,10.31,1.3,11.61,36,0.323,0,27.8,32.6,8,24.6,66.0,poor,1.683,good,1,0.6178,1,0.4384,0,5.51
XB-20242857,Mangoes,Ibadan,Enugu,7.38,3.93,6.44,7.5,3397.2,677273.0,522.1,9.49,0.72,10.21,96,0.106,0,34.3,41.4,20,21.4,68.9,good,0.0,good,0,0.4484,0,0.4174,0,5.34
XB-20242858,Mangoes,Zaria,Enugu,11.08,7.71,6.44,7.5,2871.9,607513.0,746.4,16.38,4.72,21.1,96,0.22,1,21.0,26.7,20,6.7,59.3,fair,1.064,fair,0,0.331,0,0.4489,0,5.59
XB-20242859,Mangoes,Jos,Lagos,9.92,8.89,6.52,3.38,2547.5,472315.0,1048.9,19.94,1.29,21.23,96,0.221,0,32.3,40.2,20,20.2,69.2,fair,0.774,excellent,0,0.4628,0,0.1901,0,3.52
XB-20242860,Tomatoes,Jos,Kaduna,9.92,8.89,10.52,7.44,727.5,262858.0,235.8,4.3,4.02,8.32,72,0.116,1,28.1,35.9,25,10.9,56.1,fair,0.744,fair,2,0.4243,0,0.4766,0,5.81
XB-20242861,Fresh Fish,Enugu,Onitsha,6.44,7.5,6.14,6.79,2012.8,1216162.0,110.7,2.32,0.24,2.56,24,0.107,0,34.9,37.7,4,33.7,74.3,fair,0.985,fair,1,0.5663,1,0.5453,1,6.36
XB-20242862,Strawberries,Jos,Ibadan,9.92,8.89,7.38,3.93,4518.0,3375508.0,895.4,15.68,0.24,15.92,36,0.442,1,9.2,11.6,8,3.6,68.4,fair,0.891,fair,2,0.2234,0,0.4842,0,5.87
XB-20242863,Dairy,Lagos,Enugu,6.52,3.38,6.44,7.5,3493.5,1486238.0,607.9,13.17,3.76,16.93,48,0.353,1,8.3,13.7,6,7.7,67.0,good,0.0,fair,4,0.1974,0,0.571,1,6.57
XB-20242864,Mangoes,Enugu,Port Harcourt,6.44,7.5,4.82,7.04,4849.7,979506.0,294.5,4.6,0.52,5.12,96,0.053,0,31.1,38.0,20,18.0,89.3,fair,1.229,poor,1,0.5698,0,0.6929,1,7.54
XB-20242865,Peppers,Ibadan,Zaria,7.38,3.93,11.08,7.71,3781.0,738850.0,704.1,17.27,0.43,17.7,96,0.184,1,21.9,25.6,22,3.6,69.3,fair,1.228,poor,2,0.2151,0,0.6461,1,7.17
XB-20242866,Tomatoes,Abuja,Kaduna,9.07,7.4,10.52,7.44,850.7,320361.0,224.4,3.69,0.42,4.1,72,0.057,1,25.9,28.5,25,3.5,63.0,poor,1.163,good,0,0.1302,0,0.2022,0,3.62
XB-20242867,Peppers,Abuja,Onitsha,9.07,7.4,6.14,6.79,4796.6,908330.0,442.9,7.41,0.59,8.0,96,0.083,1,22.7,26.3,22,4.3,91.9,poor,1.476,poor,1,0.3179,0,0.5237,1,6.19
XB-20242868,Tomatoes,Jos,Enugu,9.92,8.89,6.44,7.5,3740.7,1189036.0,524.1,12.37,1.64,14.01,72,0.195,1,23.7,31.2,25,6.2,88.8,poor,1.154,good,0,0.4229,1,0.3228,0,4.58
XB-20242869,Mangoes,Enugu,Port Harcourt,6.44,7.5,4.82,7.04,1994.4,386543.0,260.3,4.66,0.64,5.3,96,0.055,1,22.7,26.5,20,6.5,55.5,fair,0.778,poor,1,0.2961,0,0.5887,1,6.71
XB-20242870,Mangoes,Ibadan,Kano,7.38,3.93,12.0,8.52,1900.4,363043.0,999.3,21.14,0.19,21.33,96,0.222,1,20.7,23.8,20,3.8,59.0,good,0.0,good,0,0.1057,0,0.1893,0,3.51
XB-20242871,Peppers,Onitsha,Zaria,6.14,6.79,11.08,7.71,825.7,157910.0,708.2,12.71,1.03,13.74,96,0.143,0,32.2,35.9,22,13.9,71.6,poor,2.849,good,1,0.6279,1,0.4607,0,5.69
XB-20242872,Leafy Greens,Enugu,Zaria,6.44,7.5,11.08,7.71,1985.4,516259.0,666.4,10.26,1.61,11.87,48,0.247,1,12.5,19.7,10,9.7,70.8,poor,1.657,fair,0,0.5283,1,0.4377,0,5.5
XB-20242873,Strawberries,Enugu,Onitsha,6.44,7.5,6.14,6.79,553.4,438475.0,113.5,2.04,5.65,7.69,36,0.214,0,35.6,43.0,8,35.0,75.1,good,0.0,good,1,0.4784,0,0.3461,0,4.77
XB-20242874,Peppers,Kano,Lagos,12.0,8.52,6.52,3.38,1407.2,229987.0,1277.4,27.53,0.93,28.45,96,0.296,0,26.9,32.8,22,10.8,64.6,fair,0.503,excellent,0,0.5582,1,0.2071,0,3.66
XB-20242875,Mangoes,Jos,Zaria,9.92,8.89,11.08,7.71,3909.9,798585.0,247.3,5.27,6.13,11.4,96,0.119,1,19.0,22.9,20,2.9,59.9,fair,0.902,poor,2,0.306,0,0.6486,1,7.19
XB-20242876,Leafy Greens,Kaduna,Onitsha,10.52,7.44,6.14,6.79,2366.8,666133.0,652.8,10.06,3.06,13.12,48,0.273,0,32.6,40.3,10,30.3,80.4,poor,2.442,fair,2,0.5775,1,0.6796,1,7.44
XB-20242877,Tomatoes,Kano,Abuja,12.0,8.52,9.07,7.4,1027.8,388277.0,511.4,9.54,0.2,9.74,72,0.135,1,27.7,34.0,25,9.0,84.2,fair,0.789,good,0,0.414,0,0.2809,0,4.25
XB-20242878,Tomatoes,Jos,Abuja,9.92,8.89,9.07,7.4,4193.3,1522883.0,292.3,6.43,0.42,6.85,72,0.095,1,28.3,33.0,25,8.0,77.2,poor,2.711,fair,3,0.4964,0,0.6513,1,7.21
XB-20242879,Strawberries,Jos,Kaduna,9.92,8.89,10.52,7.44,3450.0,2528602.0,266.2,6.86,5.28,12.15,36,0.337,1,8.8,16.1,8,8.1,67.3,fair,0.657,good,2,0.4926,1,0.5456,1,6.36
XB-20242880,Fresh Fish,Port Harcourt,Zaria,4.82,7.04,11.08,7.71,2670.9,1679696.0,1112.1,21.87,0.15,22.02,24,0.918,0,39.3,44.3,4,40.3,59.6,fair,0.577,fair,0,0.6722,1,0.4973,0,5.98
XB-20242881,Tomatoes,Enugu,Zaria,6.44,7.5,11.08,7.71,1875.5,650833.0,792.3,20.45,1.85,22.3,72,0.31,1,25.6,27.9,25,2.9,81.0,fair,0.934,good,0,0.2202,0,0.1713,0,3.37
XB-20242882,Fresh Fish,Lagos,Onitsha,6.52,3.38,6.14,6.79,4861.2,3155002.0,481.1,7.5,3.27,10.77,24,0.449,1,2.5,7.7,4,3.7,74.6,poor,2.939,good,0,0.3742,0,0.3866,0,5.09
XB-20242883,Mangoes,Lagos,Onitsha,6.52,3.38,6.14,6.79,3483.1,714906.0,507.4,7.83,0.62,8.45,96,0.088,0,45.1,51.3,20,31.3,79.0,good,0.0,good,0,0.5313,1,0.3653,0,4.92
XB-20242884,Mangoes,Port Harcourt,Jos,4.82,7.04,9.92,8.89,4768.4,1020390.0,957.1,15.62,3.73,19.35,96,0.202,0,34.1,41.4,20,21.4,91.2,good,0.0,fair,1,0.5339,1,0.5921,1,6.74
XB-20242885,Tomatoes,Lagos,Kano,6.52,3.38,12.0,8.52,728.1,264085.0,1325.6,23.03,0.04,23.07,72,0.32,1,27.7,30.8,25,5.8,63.7,poor,2.404,good,1,0.2329,0,0.3766,0,5.01
XB-20242886,Strawberries,Jos,Enugu,9.92,8.89,6.44,7.5,1911.1,1540125.0,519.2,9.03,1.24,10.27,36,0.285,0,32.5,38.8,8,30.8,88.3,good,0.0,fair,0,0.5062,0,0.4192,0,5.35
XB-20242887,Tomatoes,Zaria,Abuja,11.08,7.71,9.07,7.4,4020.6,1301432.0,289.3,6.47,0.17,6.63,72,0.092,0,34.8,38.3,25,13.3,75.0,good,0.0,good,0,0.3993,0,0.1888,0,3.51
XB-20242888,Tomatoes,Jos,Ibadan,9.92,8.89,7.38,3.93,1542.6,516369.0,904.9,18.48,4.59,23.07,72,0.32,1,24.0,28.4,25,3.4,61.7,good,0.0,excellent,0,0.2387,0,0.1586,0,3.27
XB-20242889,Strawberries,Onitsha,Enugu,6.14,6.79,6.44,7.5,4676.0,3762977.0,130.8,2.05,0.65,2.7,36,0.075,0,32.8,39.6,8,31.6,56.5,fair,0.892,good,0,0.4096,0,0.3442,0,4.75
XB-20242890,Tomatoes,Lagos,Abuja,6.52,3.38,9.07,7.4,3821.4,1345269.0,689.6,15.21,0.69,15.9,72,0.221,1,27.4,34.6,25,9.6,64.8,fair,0.535,excellent,0,0.346,0,0.0593,0,2.47
XB-20242891,Mangoes,Jos,Ibadan,9.92,8.89,7.38,3.93,1573.8,313175.0,840.1,20.34,0.12,20.47,96,0.213,1,23.5,26.3,20,6.3,77.8,fair,0.624,good,0,0.3885,0,0.2549,0,4.04
XB-20242892,Dairy,Lagos,Enugu,6.52,3.38,6.44,7.5,4984.7,1960048.0,708.4,12.24,1.4,13.64,48,0.284,0,30.9,36.6,6,30.6,90.6,fair,0.944,poor,1,0.5638,1,0.6683,1,7.35
XB-20242893,Strawberries,Port Harcourt,Ibadan,4.82,7.04,7.38,3.93,1750.5,1282317.0,601.0,10.27,0.81,11.08,36,0.308,0,29.0,32.9,8,24.9,65.3,poor,2.015,excellent,0,0.6464,1,0.3134,0,4.51
XB-20242894,Tomatoes,Kano,Lagos,12.0,8.52,6.52,3.38,3738.9,1232026.0,1278.6,27.52,3.06,30.58,72,0.425,0,30.6,35.7,25,10.7,81.6,good,0.0,fair,0,0.6054,1,0.4986,0,5.99
XB-20242895,Mangoes,Port Harcourt,Abuja,4.82,7.04,9.07,7.4,2210.1,398410.0,638.9,11.35,0.07,11.42,96,0.119,1,18.6,24.7,20,4.7,66.9,fair,1.148,good,0,0.3387,0,0.3257,0,4.61
XB-20242896,Fresh Fish,Port Harcourt,Enugu,4.82,7.04,6.44,7.5,3009.5,1898479.0,296.3,5.16,0.76,5.91,24,0.246,1,2.8,6.6,4,2.6,66.7,fair,0.966,good,0,0.2676,0,0.3036,0,4.43
XB-20242897,Mangoes,Zaria,Enugu,11.08,7.71,6.44,7.5,2953.6,546515.0,711.5,15.64,1.28,16.92,96,0.176,1,21.3,29.0,20,9.0,64.1,fair,1.482,excellent,0,0.3968,0,0.2179,0,3.74
XB-20242898,Dairy,Abuja,Lagos,9.07,7.4,6.52,3.38,1723.7,787807.0,775.7,20.89,0.39,21.28,48,0.443,0,36.8,40.3,6,34.3,85.2,fair,0.852,poor,1,0.4737,1,0.5904,1,6.72
XB-20242899,Dairy,Ibadan,Port Harcourt,7.38,3.93,4.82,7.04,2102.4,868473.0,611.7,10.27,1.02,11.29,48,0.235,0,27.3,32.0,6,26.0,86.6,fair,1.02,good,0,0.5785,0,0.4328,0,5.46
XB-20242900,Leafy Greens,Kaduna,Abuja,10.52,7.44,9.07,7.4,1456.3,412655.0,256.4,4.16,1.61,5.77,48,0.12,1,9.6,12.3,10,2.3,71.0,poor,1.069,fair,0,0.2287,0,0.2984,0,4.39
XB-20242901,Dairy,Jos,Enugu,9.92,8.89,6.44,7.5,4418.6,1982429.0,581.1,12.23,2.43,14.66,48,0.305,0,29.0,32.6,6,26.6,73.5,poor,1.216,poor,0,0.4779,1,0.5304,0,6.24
XB-20242902,Tomatoes,Onitsha,Kano,6.14,6.79,12.0,8.52,4477.3,1440171.0,985.0,20.25,1.82,22.07,72,0.307,0,28.4,32.9,25,7.9,71.9,fair,1.471,fair,1,0.3361,0,0.4398,0,5.52
XB-20242903,Tomatoes,Jos,Abuja,9.92,8.89,9.07,7.4,1602.5,510572.0,293.1,5.45,2.62,8.07,72,0.112,0,32.9,38.7,25,13.7,91.7,fair,0.815,good,2,0.6749,1,0.5331,0,6.26
XB-20242904,Leafy Greens,Enugu,Kaduna,6.44,7.5,10.52,7.44,4842.4,1471786.0,586.3,10.93,1.99,12.91,48,0.269,0,34.1,41.3,10,31.3,58.5,fair,0.83,good,0,0.6083,1,0.3946,0,5.16
XB-20242905,Fresh Fish,Zaria,Port Harcourt,11.08,7.71,4.82,7.04,3520.0,2127947.0,1014.6,24.06,2.11,26.17,24,1.09,0,35.3,43.0,4,39.0,82.7,good,0.0,fair,0,0.736,1,0.5435,1,6.35
XB-20242906,Mangoes,Onitsha,Abuja,6.14,6.79,9.07,7.4,373.3,79643.0,512.1,12.94,2.43,15.37,96,0.16,0,28.9,34.7,20,14.7,87.2,fair,0.866,poor,1,0.728,1,0.7336,1,7.87
XB-20242907,Leafy Greens,Lagos,Onitsha,6.52,3.38,6.14,6.79,3603.7,1055833.0,482.9,9.39,2.52,11.91,48,0.248,0,21.0,28.9,10,18.9,66.2,poor,1.585,poor,1,0.6266,1,0.7199,1,7.76
XB-20242908,Tomatoes,Ibadan,Zaria,7.38,3.93,11.08,7.71,499.8,163937.0,798.9,14.87,1.59,16.45,72,0.229,1,24.1,27.2,25,2.2,78.5,fair,0.526,poor,0,0.2819,0,0.4062,0,5.25
XB-20242909,Strawberries,Kaduna,Kano,10.52,7.44,12.0,8.52,1691.0,1388892.0,260.8,4.75,1.25,5.99,36,0.166,0,35.0,41.1,8,33.1,61.8,fair,1.002,fair,0,0.6231,1,0.4624,0,5.7
XB-20242910,Tomatoes,Kano,Abuja,12.0,8.52,9.07,7.4,1408.0,531508.0,499.1,11.92,0.78,12.7,72,0.176,0,29.5,37.2,25,12.2,69.4,poor,1.712,good,0,0.5717,1,0.4247,0,5.4
XB-20242911,Mangoes,Onitsha,Jos,6.14,6.79,9.92,8.89,2883.7,522570.0,616.8,13.37,1.23,14.6,96,0.152,1,19.1,22.0,20,2.0,66.4,good,0.0,excellent,0,0.2439,0,0.0778,0,2.62
XB-20242912,Tomatoes,Enugu,Ibadan,6.44,7.5,7.38,3.93,686.0,246993.0,647.7,11.36,1.83,13.19,72,0.183,1,28.7,32.5,25,7.5,64.7,poor,2.417,good,1,0.3292,0,0.3297,0,4.64
XB-20242913,Strawberries,Jos,Port Harcourt,9.92,8.89,4.82,7.04,3236.2,2583645.0,766.1,18.37,0.02,18.39,36,0.511,1,10.0,15.8,8,7.8,60.7,poor,1.822,fair,0,0.6023,1,0.3444,0,4.76
XB-20242914,Tomatoes,Kaduna,Kano,10.52,7.44,12.0,8.52,2287.0,829506.0,285.7,4.95,2.46,7.41,72,0.103,0,32.8,35.1,25,10.1,90.8,fair,1.004,excellent,0,0.5565,0,0.1641,0,3.31
XB-20242915,Tomatoes,Zaria,Onitsha,11.08,7.71,6.14,6.79,3529.3,1230463.0,672.4,11.12,2.1,13.22,72,0.184,0,33.4,39.9,25,14.9,82.4,fair,0.605,fair,0,0.6182,1,0.5849,0,6.68
XB-20242916,Tomatoes,Ibadan,Jos,7.38,3.93,9.92,8.89,3805.5,1463473.0,870.7,16.86,0.33,17.19,72,0.239,1,25.9,32.2,25,7.2,79.4,poor,1.532,good,1,0.4155,1,0.3541,0,4.83
XB-20242917,Leafy Greens,Enugu,Port Harcourt,6.44,7.5,4.82,7.04,2746.7,700278.0,271.0,4.28,0.67,4.95,48,0.103,0,28.9,31.7,10,21.7,78.3,poor,1.063,fair,1,0.5181,0,0.506,1,6.05
XB-20242918,Mangoes,Jos,Lagos,9.92,8.89,6.52,3.38,4268.6,927125.0,941.5,14.91,1.23,16.14,96,0.168,0,29.3,35.0,20,15.0,66.2,poor,1.614,poor,0,0.6319,1,0.7749,1,8.2
XB-20242919,Tomatoes,Lagos,Kaduna,6.52,3.38,10.52,7.44,1999.3,694884.0,770.2,15.61,0.53,16.14,72,0.224,0,37.6,44.8,25,19.8,79.0,fair,1.458,fair,0,0.4889,1,0.4504,0,5.6
XB-20242920,Tomatoes,Port Harcourt,Onitsha,4.82,7.04,6.14,6.79,4616.5,1735462.0,236.2,3.79,0.15,3.94,72,0.055,1,28.8,34.8,25,9.8,61.6,poor,1.886,fair,1,0.3427,0,0.3707,0,4.97
XB-20242921,Strawberries,Enugu,Port Harcourt,6.44,7.5,4.82,7.04,3370.5,2471463.0,294.8,4.71,0.53,5.24,36,0.145,0,35.8,39.3,8,31.3,88.8,fair,1.159,poor,1,0.6387,1,0.8102,1,8.48
XB-20242922,Mangoes,Ibadan,Lagos,7.38,3.93,6.52,3.38,761.2,150226.0,140.8,2.72,0.06,2.77,96,0.029,1,22.5,26.7,20,6.7,64.7,fair,1.328,good,2,0.218,0,0.3593,0,4.87
XB-20242923,Strawberries,Lagos,Enugu,6.52,3.38,6.44,7.5,2543.5,1909593.0,687.0,11.16,0.67,11.82,36,0.328,0,34.1,37.0,8,29.0,87.1,fair,0.519,good,2,0.5101,1,0.5633,1,6.51
XB-20242924,Mangoes,Zaria,Abuja,11.08,7.71,9.07,7.4,2994.3,563843.0,302.5,8.03,0.15,8.18,96,0.085,0,36.5,43.1,20,23.1,73.4,fair,0.627,fair,1,0.4273,0,0.4604,0,5.68
XB-20242925,Strawberries,Enugu,Kano,6.44,7.5,12.0,8.52,2205.9,1820829.0,927.3,16.51,2.96,19.47,36,0.541,0,27.7,31.4,8,23.4,63.2,fair,0.93,fair,0,0.5921,1,0.4418,0,5.53
XB-20242926,Leafy Greens,Lagos,Enugu,6.52,3.38,6.44,7.5,1603.1,441377.0,568.6,10.65,3.72,14.37,48,0.299,0,34.0,37.9,10,27.9,65.3,fair,0.681,fair,1,0.5857,1,0.5102,0,6.08
XB-20242927,Fresh Fish,Port Harcourt,Abuja,4.82,7.04,9.07,7.4,3688.9,2205156.0,653.7,15.92,1.19,17.11,24,0.713,0,26.3,29.8,4,25.8,63.8,fair,0.763,poor,1,0.6243,1,0.6811,1,7.45
XB-20242928,Tomatoes,Abuja,Enugu,9.07,7.4,6.44,7.5,931.2,323158.0,364.6,9.26,2.34,11.61,72,0.161,1,23.6,28.3,25,3.3,65.4,poor,1.106,fair,4,0.3115,0,0.6066,1,6.85
XB-20242929,Leafy Greens,Port Harcourt,Enugu,4.82,7.04,6.44,7.5,806.2,222294.0,225.3,6.23,3.87,10.09,48,0.21,1,13.2,20.1,10,10.1,87.3,poor,1.387,good,0,0.3539,0,0.2443,0,3.95
XB-20242930,Fresh Fish,Zaria,Kano,11.08,7.71,12.0,8.52,3592.8,2331146.0,178.8,3.22,0.72,3.94,24,0.164,0,33.2,38.8,4,34.8,73.5,good,0.0,excellent,0,0.3491,0,0.139,0,3.11
XB-20242931,Strawberries,Jos,Lagos,9.92,8.89,6.52,3.38,4814.4,3952217.0,943.7,16.45,0.76,17.21,36,0.478,1,9.1,14.0,8,6.0,63.6,fair,1.218,good,0,0.3186,0,0.2148,0,3.72
XB-20242932,Dairy,Kano,Abuja,12.0,8.52,9.07,7.4,1496.5,638652.0,503.8,9.78,0.77,10.55,48,0.22,1,9.7,11.8,6,5.8,81.5,poor,2.525,good,0,0.3911,0,0.4121,0,5.3
XB-20242933,Peppers,Onitsha,Kano,6.14,6.79,12.0,8.52,3016.9,528264.0,914.7,16.38,0.43,16.8,96,0.175,1,25.6,32.7,22,10.7,85.7,poor,2.274,excellent,0,0.5159,1,0.1454,0,3.16
XB-20242934,Tomatoes,Onitsha,Ibadan,6.14,6.79,7.38,3.93,3412.4,1306656.0,428.4,7.75,2.52,10.27,72,0.143,1,24.2,26.7,25,1.7,75.4,poor,2.093,poor,1,0.1808,0,0.4833,0,5.87
XB-20242935,Peppers,Enugu,Ibadan,6.44,7.5,7.38,3.93,4506.5,872403.0,505.9,11.76,2.04,13.8,96,0.144,1,23.1,25.3,22,3.3,71.0,poor,2.779,good,0,0.1492,0,0.2205,0,3.76
XB-20242936,Dairy,Lagos,Abuja,6.52,3.38,9.07,7.4,3629.7,1663820.0,805.5,15.48,0.61,16.09,48,0.335,0,36.0,39.3,6,33.3,55.0,poor,1.834,good,1,0.797,1,0.5223,0,6.18
XB-20242937,Tomatoes,Lagos,Kano,6.52,3.38,12.0,8.52,569.1,207698.0,1313.4,36.43,0.3,36.73,72,0.51,0,35.4,42.4,25,17.4,77.5,poor,2.71,good,3,0.4714,0,0.5849,1,6.68
XB-20242938,Mangoes,Jos,Abuja,9.92,8.89,9.07,7.4,1491.7,284045.0,228.0,6.39,0.72,7.11,96,0.074,1,19.1,26.5,20,6.5,86.4,poor,2.617,poor,2,0.4275,0,0.6258,1,7.01
XB-20242939,Tomatoes,Kaduna,Kano,10.52,7.44,12.0,8.52,733.6,239922.0,316.6,4.92,0.81,5.73,72,0.08,0,37.5,45.0,25,20.0,76.9,fair,1.425,good,0,0.5556,0,0.4535,0,5.63
XB-20242940,Tomatoes,Port Harcourt,Onitsha,4.82,7.04,6.14,6.79,344.6,124198.0,180.2,4.72,1.2,5.92,72,0.082,0,34.8,37.1,25,12.1,87.8,good,0.0,excellent,0,0.5327,0,0.2763,0,4.21
XB-20242941,Tomatoes,Jos,Zaria,9.92,8.89,11.08,7.71,4852.5,1617820.0,256.2,5.16,0.36,5.52,72,0.077,1,24.2,30.2,25,5.2,59.8,good,0.0,fair,3,0.2014,0,0.5138,0,6.11
XB-20242942,Strawberries,Jos,Zaria,9.92,8.89,11.08,7.71,2851.3,2279961.0,253.2,5.59,1.79,7.38,36,0.205,1,10.9,16.7,8,8.7,65.3,poor,1.504,good,0,0.3299,0,0.3527,0,4.82
XB-20242943,Strawberries,Abuja,Kano,9.07,7.4,12.0,8.52,1936.4,1626449.0,514.9,8.45,0.4,8.85,36,0.246,1,10.0,17.5,8,9.5,86.9,good,0.0,fair,2,0.3987,1,0.5497,0,6.4
XB-20242944,Strawberries,Kaduna,Onitsha,10.52,7.44,6.14,6.79,3901.1,3318966.0,632.8,10.87,0.59,11.46,36,0.318,0,38.9,43.4,8,35.4,63.3,fair,0.666,fair,0,0.5032,0,0.4256,0,5.4
XB-20242945,Peppers,Kano,Lagos,12.0,8.52,6.52,3.38,3312.3,545793.0,1157.4,19.1,5.15,24.25,96,0.253,1,22.0,25.0,22,3.0,65.2,fair,1.131,fair,0,0.2082,0,0.2609,0,4.09
XB-20242946,Fresh Fish,Zaria,Port Harcourt,11.08,7.71,4.82,7.04,3259.9,2005042.0,970.4,17.56,0.78,18.34,24,0.764,1,5.6,11.7,4,7.7,71.9,fair,0.747,excellent,0,0.4061,0,0.254,0,4.03
XB-20242947,Strawberries,Lagos,Kaduna,6.52,3.38,10.52,7.44,4870.2,4151537.0,876.6,13.87,0.76,14.63,36,0.406,0,32.1,39.3,8,31.3,89.5,fair,0.605,good,0,0.7231,1,0.3803,0,5.04
XB-20242948,Strawberries,Onitsha,Jos,6.14,6.79,9.92,8.89,3540.7,3037289.0,642.4,13.37,3.17,16.53,36,0.459,1,11.9,14.1,8,6.1,66.8,fair,0.811,good,0,0.3372,0,0.2587,0,4.07
XB-20242949,Strawberries,Enugu,Jos,6.44,7.5,9.92,8.89,4447.1,3681025.0,625.9,12.12,0.1,12.22,36,0.339,0,36.8,41.5,8,33.5,62.6,poor,2.851,good,0,0.6824,1,0.51,1,6.08
XB-20242950,Leafy Greens,Enugu,Kaduna,6.44,7.5,10.52,7.44,1771.6,505811.0,666.8,16.91,0.16,17.06,48,0.355,1,9.9,14.2,10,4.2,57.2,poor,2.534,fair,2,0.3991,0,0.5938,0,6.75
XB-20242951,Leafy Greens,Zaria,Kano,11.08,7.71,12.0,8.52,4534.2,1363186.0,198.3,5.35,1.85,7.2,48,0.15,1,11.3,18.3,10,8.3,63.8,poor,2.469,fair,0,0.2915,0,0.3831,0,5.06
XB-20242952,Peppers,Jos,Kaduna,9.92,8.89,10.52,7.44,3674.9,701695.0,240.9,5.49,1.65,7.14,96,0.074,1,25.6,29.6,22,7.6,60.7,good,0.0,good,0,0.1124,0,0.1355,0,3.08
XB-20242953,Tomatoes,Port Harcourt,Jos,4.82,7.04,9.92,8.89,1612.3,508352.0,739.7,12.93,2.33,15.26,72,0.212,1,27.8,33.8,25,8.8,56.4,fair,1.432,fair,0,0.3921,0,0.3953,0,5.16
XB-20242954,Strawberries,Ibadan,Enugu,7.38,3.93,6.44,7.5,4201.6,3657277.0,552.9,9.75,0.36,10.11,36,0.281,1,9.1,12.6,8,4.6,79.3,poor,1.715,good,0,0.3452,0,0.1792,0,3.43
XB-20242955,Dairy,Enugu,Lagos,6.44,7.5,6.52,3.38,3802.0,1621169.0,654.1,12.33,2.12,14.45,48,0.301,0,28.1,32.5,6,26.5,83.9,fair,1.416,fair,1,0.4739,1,0.5352,1,6.28
XB-20242956,Peppers,Jos,Abuja,9.92,8.89,9.07,7.4,4658.2,826394.0,252.7,6.53,0.06,6.59,96,0.069,1,23.8,31.6,22,9.6,65.1,poor,2.823,good,0,0.4386,1,0.318,0,4.54
XB-20242957,Fresh Fish,Abuja,Port Harcourt,9.07,7.4,4.82,7.04,609.9,346795.0,663.4,12.87,0.24,13.11,24,0.546,1,3.3,10.5,4,6.5,76.8,good,0.0,excellent,0,0.2728,0,0.1526,0,3.22
XB-20242958,Tomatoes,Enugu,Port Harcourt,6.44,7.5,4.82,7.04,1512.8,496904.0,248.5,4.92,0.13,5.05,72,0.07,0,28.6,36.6,25,11.6,67.7,fair,1.363,good,0,0.4834,1,0.298,0,4.38
XB-20242959,Peppers,Onitsha,Lagos,6.14,6.79,6.52,3.38,2044.0,352202.0,466.9,8.77,0.74,9.51,96,0.099,0,36.4,39.8,22,17.8,69.9,fair,0.516,good,0,0.5648,1,0.3687,0,4.95
XB-20242960,Leafy Greens,Enugu,Ibadan,6.44,7.5,7.38,3.93,1366.1,387534.0,630.6,13.34,0.67,14.02,48,0.292,0,30.9,36.4,10,26.4,80.6,poor,1.599,good,1,0.6302,1,0.4679,0,5.74
XB-20242961,Tomatoes,Ibadan,Jos,7.38,3.93,9.92,8.89,3673.5,1217470.0,737.9,11.39,1.14,12.53,72,0.174,1,25.5,31.1,25,6.1,90.2,fair,1.304,good,1,0.2544,0,0.2559,0,4.05
XB-20242962,Fresh Fish,Kano,Enugu,12.0,8.52,6.44,7.5,4907.3,3057122.0,979.8,25.5,2.07,27.57,24,1.149,1,5.8,11.0,4,7.0,75.6,fair,1.232,excellent,0,0.5296,1,0.2522,0,4.02
XB-20242963,Strawberries,Enugu,Onitsha,6.44,7.5,6.14,6.79,3772.1,2832472.0,103.4,1.65,1.65,3.31,36,0.092,0,24.2,30.3,8,22.3,58.6,fair,1.074,fair,0,0.535,1,0.5571,0,6.46
XB-20242964,Strawberries,Onitsha,Kano,6.14,6.79,12.0,8.52,4165.5,3591014.0,861.2,21.97,0.08,22.05,36,0.613,1,9.0,14.0,8,6.0,60.6,fair,1.459,good,0,0.5351,1,0.2853,0,4.28
XB-20242965,Leafy Greens,Jos,Onitsha,9.92,8.89,6.14,6.79,1715.7,438878.0,703.8,11.04,7.32,18.37,48,0.383,0,25.2,29.7,10,19.7,57.7,fair,0.879,poor,0,0.6702,1,0.5563,0,6.45
XB-20242966,Dairy,Zaria,Abuja,11.08,7.71,9.07,7.4,3111.1,1197488.0,311.9,4.93,2.26,7.19,48,0.15,0,29.0,31.0,6,25.0,68.2,fair,0.744,good,0,0.5675,0,0.3498,0,4.8
XB-20242967,Strawberries,Enugu,Jos,6.44,7.5,9.92,8.89,3653.1,3062343.0,540.3,9.02,0.44,9.46,36,0.263,1,10.6,15.7,8,7.7,69.7,poor,1.83,fair,0,0.4624,0,0.3478,0,4.78
XB-20242968,Leafy Greens,Enugu,Onitsha,6.44,7.5,6.14,6.79,717.2,212628.0,126.8,2.82,3.04,5.86,48,0.122,1,9.8,13.3,10,3.3,56.9,fair,0.892,excellent,0,0.2152,0,0.0146,0,2.12
XB-20242969,Leafy Greens,Onitsha,Kano,6.14,6.79,12.0,8.52,4821.7,1266493.0,830.2,16.3,2.58,18.88,48,0.393,0,27.6,34.4,10,24.4,63.4,fair,1.067,fair,0,0.5534,1,0.5234,0,6.19
XB-20242970,Strawberries,Ibadan,Enugu,7.38,3.93,6.44,7.5,1694.7,1430192.0,583.9,15.8,1.08,16.88,36,0.469,1,9.6,14.4,8,6.4,65.3,good,0.0,poor,3,0.2783,0,0.6838,1,7.47
XB-20242971,Leafy Greens,Port Harcourt,Abuja,4.82,7.04,9.07,7.4,3341.9,1027334.0,678.3,13.56,0.46,14.02,48,0.292,0,36.7,38.8,10,28.8,91.7,fair,1.299,excellent,0,0.5749,1,0.1896,0,3.52
XB-20242972,Strawberries,Zaria,Ibadan,11.08,7.71,7.38,3.93,4112.6,3217545.0,816.3,13.89,1.54,15.43,36,0.429,0,36.3,43.8,8,35.8,60.7,good,0.0,fair,0,0.6288,0,0.5495,0,6.4
XB-20242973,Leafy Greens,Kano,Kaduna,12.0,8.52,10.52,7.44,295.1,90649.0,285.0,6.59,0.11,6.7,48,0.14,0,28.5,32.6,10,22.6,68.1,good,0.0,good,0,0.5059,1,0.3064,0,4.45
XB-20242974,Leafy Greens,Ibadan,Onitsha,7.38,3.93,6.14,6.79,643.9,166470.0,440.5,9.37,0.78,10.15,48,0.212,0,27.9,34.1,10,24.1,77.5,poor,2.766,good,0,0.6086,1,0.3745,0,5.0
XB-20242975,Fresh Fish,Kano,Onitsha,12.0,8.52,6.14,6.79,1570.3,984819.0,832.4,21.71,1.48,23.2,24,0.967,0,33.6,38.3,4,34.3,73.3,fair,0.947,good,1,0.6911,1,0.4713,1,5.77
XB-20242976,Peppers,Jos,Zaria,9.92,8.89,11.08,7.71,1874.6,338147.0,284.3,5.7,0.66,6.37,96,0.066,0,22.6,27.3,22,5.3,76.3,fair,0.683,good,3,0.4872,1,0.5448,0,6.36
XB-20242977,Tomatoes,Onitsha,Ibadan,6.14,6.79,7.38,3.93,3502.0,1132551.0,503.9,8.05,3.44,11.49,72,0.16,0,32.3,37.3,25,12.3,59.3,good,0.0,good,0,0.6493,1,0.5175,0,6.14
XB-20242978,Dairy,Kano,Port Harcourt,12.0,8.52,4.82,7.04,274.6,114364.0,1298.3,23.77,2.37,26.14,48,0.545,1,8.9,11.5,6,5.5,71.3,poor,1.82,good,0,0.5812,1,0.3844,0,5.08
XB-20242979,Leafy Greens,Port Harcourt,Jos,4.82,7.04,9.92,8.89,2060.1,589388.0,911.5,23.95,0.27,24.22,48,0.505,1,13.6,20.6,10,10.6,63.6,fair,1.302,good,1,0.5364,1,0.4347,0,5.48
XB-20242980,Tomatoes,Lagos,Kano,6.52,3.38,12.0,8.52,3385.4,1161346.0,1275.2,24.0,0.13,24.13,72,0.335,1,27.3,32.6,25,7.6,55.5,fair,1.44,excellent,0,0.2817,0,0.0775,0,2.62
XB-20242981,Dairy,Enugu,Port Harcourt,6.44,7.5,4.82,7.04,980.8,421390.0,225.0,4.92,2.59,7.5,48,0.156,1,7.7,12.3,6,6.3,73.6,good,0.0,poor,2,0.3597,0,0.6788,1,7.43
XB-20242982,Leafy Greens,Lagos,Jos,6.52,3.38,9.92,8.89,3132.7,797842.0,959.7,17.49,0.63,18.12,48,0.378,0,34.3,37.1,10,27.1,76.5,poor,2.622,good,2,0.5442,1,0.6021,1,6.82
XB-20242983,Leafy Greens,Abuja,Kaduna,9.07,7.4,10.52,7.44,1249.8,356889.0,237.8,6.57,0.26,6.83,48,0.142,0,30.9,35.9,10,25.9,55.4,fair,0.825,good,0,0.3409,0,0.3401,0,4.72
XB-20242984,Leafy Greens,Kano,Zaria,12.0,8.52,11.08,7.71,2002.6,531843.0,199.3,4.11,0.07,4.18,48,0.087,1,13.1,19.3,10,9.3,78.4,poor,1.256,good,0,0.3871,0,0.3851,0,5.08
XB-20242985,Mangoes,Kano,Onitsha,12.0,8.52,6.14,6.79,4329.4,854610.0,926.4,17.08,2.78,19.86,96,0.207,0,33.1,38.5,20,18.5,78.6,poor,2.643,poor,3,0.5771,1,0.8623,1,8.9
XB-20242986,Leafy Greens,Abuja,Kaduna,9.07,7.4,10.52,7.44,2039.3,521982.0,239.3,5.71,1.89,7.6,48,0.158,1,10.5,13.1,10,3.1,86.2,poor,2.856,good,1,0.2589,0,0.1479,0,3.18
XB-20242987,Peppers,Enugu,Abuja,6.44,7.5,9.07,7.4,2657.6,457864.0,436.8,10.84,0.33,11.17,96,0.116,1,21.3,27.6,22,5.6,67.4,poor,1.125,good,1,0.3771,0,0.2694,0,4.16
XB-20242988,Fresh Fish,Zaria,Enugu,11.08,7.71,6.44,7.5,2220.0,1271098.0,686.1,12.12,0.1,12.22,24,0.509,0,34.3,39.3,4,35.3,70.3,poor,1.713,fair,1,0.6295,1,0.6286,1,7.03
XB-20242989,Tomatoes,Zaria,Port Harcourt,11.08,7.71,4.82,7.04,2254.2,740758.0,933.1,20.43,0.76,21.2,72,0.294,0,33.8,39.8,25,14.8,68.7,good,0.0,good,0,0.3778,0,0.2483,0,3.99
XB-20242990,Fresh Fish,Ibadan,Enugu,7.38,3.93,6.44,7.5,4360.2,2764196.0,567.0,10.82,0.78,11.59,24,0.483,0,32.4,36.3,4,32.3,87.4,fair,1.451,fair,0,0.6252,1,0.463,0,5.7
XB-20242991,Strawberries,Port Harcourt,Abuja,4.82,7.04,9.07,7.4,3780.4,2766476.0,674.1,12.79,2.1,14.89,36,0.414,0,31.2,37.2,8,29.2,59.7,good,0.0,good,1,0.6492,1,0.4808,1,5.85
XB-20242992,Dairy,Enugu,Kano,6.44,7.5,12.0,8.52,1735.0,734050.0,790.2,16.42,0.1,16.52,48,0.344,1,4.6,12.3,6,6.3,66.4,good,0.0,excellent,0,0.2028,0,0.161,0,3.29
XB-20242993,Strawberries,Onitsha,Zaria,6.14,6.79,11.08,7.71,685.6,509782.0,806.2,22.27,0.59,22.86,36,0.635,0,31.3,38.4,8,30.4,58.1,good,0.0,good,0,0.4137,0,0.2782,0,4.23
XB-20242994,Mangoes,Enugu,Port Harcourt,6.44,7.5,4.82,7.04,3444.9,672872.0,272.3,6.89,0.32,7.21,96,0.075,1,20.5,24.0,20,4.0,87.7,poor,2.383,fair,0,0.2557,0,0.338,0,4.7
XB-20242995,Dairy,Port Harcourt,Abuja,4.82,7.04,9.07,7.4,1043.9,456443.0,715.7,20.26,0.69,20.95,48,0.436,0,27.0,29.5,6,23.5,68.6,poor,2.927,fair,1,0.6669,1,0.5407,1,6.33
XB-20242996,Leafy Greens,Zaria,Kaduna,11.08,7.71,10.52,7.44,931.0,242276.0,90.6,2.0,7.9,9.9,48,0.206,0,31.9,36.2,10,26.2,75.5,fair,1.174,good,0,0.6546,1,0.3485,0,4.79
XB-20242997,Tomatoes,Zaria,Jos,11.08,7.71,9.92,8.89,3522.3,1351218.0,279.1,4.7,0.8,5.51,72,0.076,1,26.9,30.3,25,5.3,80.3,poor,2.76,good,1,0.2322,0,0.2652,0,4.12
XB-20242998,Strawberries,Lagos,Abuja,6.52,3.38,9.07,7.4,3922.6,3097603.0,771.3,12.85,0.28,13.14,36,0.365,1,7.9,11.2,8,3.2,67.5,good,0.0,fair,1,0.2496,0,0.3851,0,5.08
XB-20242999,Peppers,Abuja,Kano,9.07,7.4,12.0,8.52,2465.7,463058.0,522.8,8.98,1.91,10.89,96,0.113,0,29.8,32.8,22,10.8,80.2,fair,0.859,good,0,0.6148,1,0.303,0,4.42
XB-20243000,Dairy,Lagos,Abuja,6.52,3.38,9.07,7.4,3446.0,1360600.0,698.3,16.44,3.99,20.43,48,0.426,1,8.2,13.0,6,7.0,64.1,fair,0.644,good,0,0.5136,1,0.316,0,4.53
XB-20243001,Dairy,Lagos,Kano,6.52,3.38,12.0,8.52,3912.5,1597830.0,1075.0,25.11,0.3,25.41,48,0.529,0,41.7,44.2,6,38.2,63.6,fair,1.17,good,0,0.6299,1,0.4204,0,5.36
XB-20243002,Mangoes,Jos,Abuja,9.92,8.89,9.07,7.4,2729.1,576196.0,297.7,8.42,3.12,11.54,96,0.12,0,26.4,28.7,20,8.7,60.1,fair,0.995,good,2,0.5461,1,0.6041,1,6.83
XB-20243003,Mangoes,Zaria,Lagos,11.08,7.71,6.52,3.38,2868.5,611306.0,1025.8,28.02,3.52,31.54,96,0.329,0,36.5,39.3,20,19.3,64.7,poor,2.901,good,0,0.6188,1,0.3676,0,4.94
XB-20243004,Dairy,Enugu,Ibadan,6.44,7.5,7.38,3.93,1595.6,713971.0,651.1,10.3,1.19,11.49,48,0.239,1,6.9,14.0,6,8.0,85.8,fair,1.305,excellent,0,0.3392,0,0.1572,0,3.26
XB-20243005,Strawberries,Port Harcourt,Kaduna,4.82,7.04,10.52,7.44,2746.7,2305457.0,957.2,18.76,0.98,19.75,36,0.549,0,38.1,41.6,8,33.6,77.9,poor,2.124,fair,1,0.7616,1,0.5531,0,6.43
XB-20243006,Tomatoes,Onitsha,Enugu,6.14,6.79,6.44,7.5,4360.5,1415381.0,114.5,3.11,0.38,3.49,72,0.048,0,35.0,40.0,25,15.0,59.2,poor,1.604,poor,1,0.5329,1,0.6019,1,6.82
XB-20243007,Strawberries,Zaria,Jos,11.08,7.71,9.92,8.89,1025.3,870894.0,253.9,4.89,2.02,6.91,36,0.192,1,10.8,18.3,8,10.3,63.4,poor,1.217,good,2,0.4092,0,0.417,0,5.34
XB-20243008,Mangoes,Kaduna,Port Harcourt,10.52,7.44,4.82,7.04,698.2,135272.0,766.7,16.13,0.29,16.42,96,0.171,1,21.2,24.8,20,4.8,90.5,fair,0.63,good,1,0.2449,0,0.2705,0,4.16
XB-20243009,Dairy,Jos,Abuja,9.92,8.89,9.07,7.4,558.6,227449.0,277.6,5.36,2.19,7.55,48,0.157,1,9.5,14.1,6,8.1,71.5,fair,0.863,fair,0,0.2207,0,0.2617,0,4.09
XB-20243010,Leafy Greens,Lagos,Enugu,6.52,3.38,6.44,7.5,1798.4,475803.0,583.0,11.15,7.02,18.17,48,0.379,0,37.9,44.1,10,34.1,80.0,fair,1.458,good,0,0.6776,1,0.4199,0,5.36
XB-20243011,Dairy,Jos,Kaduna,9.92,8.89,10.52,7.44,576.4,251119.0,265.3,7.39,2.94,10.33,48,0.215,0,35.1,40.4,6,34.4,91.0,fair,1.487,poor,0,0.6184,1,0.6475,1,7.18
XB-20243012,Fresh Fish,Jos,Abuja,9.92,8.89,9.07,7.4,706.5,402119.0,239.4,4.1,0.93,5.03,24,0.21,0,37.5,44.0,4,40.0,66.7,poor,2.037,fair,1,0.5554,0,0.4785,0,5.83
XB-20243013,Dairy,Jos,Kaduna,9.92,8.89,10.52,7.44,2164.6,911124.0,246.6,3.84,4.1,7.95,48,0.166,0,39.6,43.8,6,37.8,56.5,fair,1.348,fair,2,0.6687,1,0.5978,0,6.78
XB-20243014,Dairy,Zaria,Kano,11.08,7.71,12.0,8.52,2003.7,787944.0,200.0,4.78,0.01,4.8,48,0.1,1,4.4,8.4,6,2.4,66.2,poor,1.312,fair,0,0.3298,0,0.3633,0,4.91
XB-20243015,Strawberries,Kano,Onitsha,12.0,8.52,6.14,6.79,3548.3,2866434.0,1072.9,18.79,0.63,19.42,36,0.539,0,27.4,32.3,8,24.3,58.2,poor,2.892,good,0,0.6019,1,0.4435,0,5.55
XB-20243016,Tomatoes,Onitsha,Enugu,6.14,6.79,6.44,7.5,371.9,119609.0,111.8,2.03,0.1,2.12,72,0.029,1,23.2,25.7,25,0.7,75.3,fair,1.464,poor,1,0.02,0,0.4281,0,5.42
XB-20243017,Mangoes,Enugu,Onitsha,6.44,7.5,6.14,6.79,3372.7,741517.0,129.1,3.36,7.72,11.08,96,0.115,0,42.5,49.5,20,29.5,89.2,good,0.0,good,0,0.622,1,0.4098,0,5.28
XB-20243018,Mangoes,Jos,Port Harcourt,9.92,8.89,4.82,7.04,3132.0,600612.0,790.4,12.44,2.55,14.98,96,0.156,1,20.1,23.4,20,3.4,83.9,poor,2.921,good,0,0.4429,0,0.4044,0,5.24
XB-20243019,Leafy Greens,Ibadan,Port Harcourt,7.38,3.93,4.82,7.04,1067.3,327746.0,703.5,11.91,5.96,17.87,48,0.372,1,12.9,18.2,10,8.2,68.1,good,0.0,good,1,0.4387,0,0.3331,0,4.66
XB-20243020,Dairy,Kano,Abuja,12.0,8.52,9.07,7.4,1110.6,450324.0,484.4,7.91,0.08,7.99,48,0.166,1,5.1,8.5,6,2.5,61.8,fair,0.556,poor,0,0.133,0,0.39,0,5.12
XB-20243021,Peppers,Port Harcourt,Zaria,4.82,7.04,11.08,7.71,4810.6,852306.0,884.6,24.41,0.3,24.71,96,0.257,0,31.1,37.4,22,15.4,64.5,good,0.0,fair,2,0.5898,1,0.6272,0,7.02
XB-20243022,Dairy,Kaduna,Kano,10.52,7.44,12.0,8.52,1222.6,547640.0,298.2,7.88,3.22,11.1,48,0.231,0,38.2,43.8,6,37.8,67.8,good,0.0,fair,2,0.4844,1,0.5935,1,6.75
XB-20243023,Peppers,Zaria,Ibadan,11.08,7.71,7.38,3.93,522.7,97818.0,718.5,16.45,3.05,19.5,96,0.203,0,29.9,36.3,22,14.3,81.4,poor,2.714,fair,2,0.7628,1,0.6913,1,7.53
XB-20243024,Dairy,Abuja,Lagos,9.07,7.4,6.52,3.38,1219.5,486704.0,720.5,14.69,0.24,14.93,48,0.311,1,4.1,8.5,6,2.5,69.7,poor,2.549,good,0,0.2205,0,0.2927,0,4.34
XB-20243025,Dairy,Zaria,Kaduna,11.08,7.71,10.52,7.44,388.5,170312.0,84.6,1.71,4.65,6.37,48,0.133,0,33.1,37.7,6,31.7,66.7,good,0.0,poor,1,0.513,1,0.5876,1,6.7
XB-20243026,Mangoes,Kano,Ibadan,12.0,8.52,7.38,3.93,2267.9,433648.0,893.6,19.79,0.49,20.28,96,0.211,1,23.0,29.4,20,9.4,78.0,poor,1.528,good,0,0.4108,1,0.363,0,4.9
XB-20243027,Tomatoes,Lagos,Abuja,6.52,3.38,9.07,7.4,1792.9,616100.0,663.2,12.89,1.33,14.22,72,0.197,1,24.7,29.0,25,4.0,72.3,fair,0.631,fair,1,0.2841,0,0.4051,0,5.24
XB-20243028,Fresh Fish,Port Harcourt,Onitsha,4.82,7.04,6.14,6.79,4877.0,3062471.0,216.2,3.55,0.06,3.61,24,0.15,0,40.6,43.8,4,39.8,86.9,poor,2.228,good,1,0.7001,1,0.6757,1,7.41
XB-20243029,Fresh Fish,Abuja,Enugu,9.07,7.4,6.44,7.5,2341.0,1516439.0,429.4,8.49,5.47,13.96,24,0.582,0,35.1,41.2,4,37.2,87.1,fair,1.067,poor,0,0.8638,1,0.7281,1,7.83
XB-20243030,Leafy Greens,Ibadan,Kaduna,7.38,3.93,10.52,7.44,2347.9,652272.0,719.4,11.96,0.22,12.18,48,0.254,0,27.7,32.4,10,22.4,66.9,poor,2.375,excellent,0,0.5907,1,0.3186,0,4.55
XB-20243031,Mangoes,Port Harcourt,Kaduna,4.82,7.04,10.52,7.44,2523.4,521313.0,1007.9,21.8,1.21,23.01,96,0.24,1,23.5,27.3,20,7.3,84.4,good,0.0,good,0,0.254,0,0.1766,0,3.41
XB-20243032,Strawberries,Onitsha,Lagos,6.14,6.79,6.52,3.38,4306.8,3473879.0,473.4,11.6,1.48,13.08,36,0.363,0,32.5,36.7,8,28.7,79.1,fair,0.652,fair,1,0.5521,0,0.5706,1,6.56
XB-20243033,Mangoes,Zaria,Kaduna,11.08,7.71,10.52,7.44,3694.4,678401.0,105.1,2.62,0.07,2.69,96,0.028,0,31.2,37.0,20,17.0,73.8,good,0.0,poor,1,0.5658,0,0.6835,1,7.47
XB-20243034,Strawberries,Abuja,Ibadan,9.07,7.4,7.38,3.93,4227.0,3676038.0,628.1,10.62,1.12,11.74,36,0.326,0,36.9,39.1,8,31.1,82.2,fair,0.897,fair,0,0.6277,1,0.5532,0,6.43
XB-20243035,Dairy,Zaria,Ibadan,11.08,7.71,7.38,3.93,1958.8,877405.0,803.5,14.89,1.43,16.32,48,0.34,1,8.7,13.1,6,7.1,61.7,good,0.0,fair,0,0.4359,1,0.3048,0,4.44
XB-20243036,Leafy Greens,Kano,Onitsha,12.0,8.52,6.14,6.79,3102.7,951547.0,987.1,21.64,1.65,23.29,48,0.485,0,35.5,40.7,10,30.7,73.5,fair,0.961,fair,0,0.5906,1,0.4507,1,5.61
XB-20243037,Mangoes,Zaria,Kano,11.08,7.71,12.0,8.52,3767.5,744610.0,174.0,3.72,0.27,3.99,96,0.042,1,21.2,24.0,20,4.0,90.2,good,0.0,fair,0,0.024,0,0.1453,0,3.16
XB-20243038,Dairy,Port Harcourt,Kaduna,4.82,7.04,10.52,7.44,1055.7,458828.0,929.3,17.02,0.18,17.2,48,0.358,1,6.4,11.7,6,5.7,63.8,fair,0.883,poor,1,0.2304,0,0.3819,0,5.05
XB-20243039,Leafy Greens,Abuja,Enugu,9.07,7.4,6.44,7.5,2568.6,695083.0,386.9,10.57,1.18,11.75,48,0.245,1,11.1,14.7,10,4.7,75.0,fair,1.421,good,0,0.3103,0,0.2598,0,4.08
XB-20243040,Fresh Fish,Kaduna,Zaria,10.52,7.44,11.08,7.71,1087.0,704230.0,90.6,1.65,4.4,6.05,24,0.252,1,4.2,11.5,4,7.5,72.0,poor,1.485,good,1,0.4616,1,0.3129,0,4.5
XB-20243041,Peppers,Lagos,Enugu,6.52,3.38,6.44,7.5,1629.4,314219.0,556.7,10.56,0.09,10.65,96,0.111,1,22.4,29.1,22,7.1,87.3,poor,1.751,fair,1,0.3149,0,0.4302,0,5.44
XB-20243042,Mangoes,Onitsha,Ibadan,6.14,6.79,7.38,3.93,4789.8,946126.0,509.3,8.66,2.4,11.06,96,0.115,0,33.7,37.0,20,17.0,82.8,good,0.0,excellent,0,0.4636,0,0.2487,0,3.99
XB-20243043,Dairy,Ibadan,Kaduna,7.38,3.93,10.52,7.44,3601.5,1520139.0,793.8,20.16,1.61,21.77,48,0.454,0,33.6,36.5,6,30.5,76.1,fair,1.107,good,0,0.6508,1,0.4016,0,5.21
XB-20243044,Strawberries,Ibadan,Kaduna,7.38,3.93,10.52,7.44,3649.7,2995779.0,788.7,15.26,0.87,16.13,36,0.448,0,35.7,41.5,8,33.5,57.3,fair,1.024,good,0,0.5823,1,0.3958,0,5.17
XB-20243045,Dairy,Ibadan,Jos,7.38,3.93,9.92,8.89,4656.3,2015573.0,927.2,18.31,1.07,19.38,48,0.404,1,9.5,17.2,6,11.2,65.8,fair,1.019,good,0,0.4801,0,0.3818,0,5.05
XB-20243046,Dairy,Enugu,Abuja,6.44,7.5,9.07,7.4,1329.0,610377.0,365.9,7.92,4.23,12.16,48,0.253,1,7.1,15.1,6,9.1,70.1,good,0.0,excellent,0,0.5084,1,0.2885,0,4.31
XB-20243047,Peppers,Jos,Enugu,9.92,8.89,6.44,7.5,737.6,136502.0,634.4,13.81,0.58,14.39,96,0.15,0,29.8,33.9,22,11.9,91.7,fair,1.155,good,0,0.6211,1,0.4075,0,5.26
XB-20243048,Leafy Greens,Abuja,Lagos,9.07,7.4,6.52,3.38,501.8,142292.0,673.5,17.36,1.07,18.43,48,0.384,1,9.8,12.4,10,2.4,85.9,fair,1.32,good,0,0.3062,0,0.1274,0,3.02
XB-20243049,Leafy Greens,Lagos,Port Harcourt,6.52,3.38,4.82,7.04,3628.6,1066605.0,610.4,12.43,0.01,12.43,48,0.259,0,40.8,46.7,10,36.7,74.4,fair,1.141,poor,0,0.6932,1,0.5809,0,6.65
XB-20243050,Mangoes,Lagos,Port Harcourt,6.52,3.38,4.82,7.04,811.1,155008.0,635.4,13.54,1.64,15.18,96,0.158,1,18.2,25.3,20,5.3,70.5,fair,1.031,excellent,0,0.3718,0,0.1505,0,3.2
XB-20243051,Dairy,Abuja,Kaduna,9.07,7.4,10.52,7.44,1031.8,452868.0,251.3,4.08,0.51,4.58,48,0.095,1,5.3,12.5,6,6.5,64.0,fair,1.388,good,1,0.2292,0,0.3167,0,4.53
XB-20243052,Dairy,Onitsha,Zaria,6.14,6.79,11.08,7.71,3623.5,1622892.0,715.3,12.0,2.12,14.12,48,0.294,1,5.0,7.5,6,1.5,82.2,poor,2.629,poor,2,0.3187,0,0.5268,1,6.21
XB-20243053,Leafy Greens,Kaduna,Enugu,10.52,7.44,6.44,7.5,4085.8,1081367.0,613.5,11.67,6.01,17.68,48,0.368,0,34.4,39.7,10,29.7,61.0,fair,1.162,excellent,0,0.6156,1,0.2468,0,3.97
XB-20243054,Peppers,Kaduna,Onitsha,10.52,7.44,6.14,6.79,2678.1,454397.0,613.0,11.62,2.22,13.84,96,0.144,1,22.8,27.5,22,5.5,91.3,good,0.0,fair,1,0.3732,0,0.5295,1,6.24
XB-20243055,Leafy Greens,Abuja,Jos,9.07,7.4,9.92,8.89,849.3,231741.0,288.1,7.17,0.63,7.8,48,0.163,1,9.4,14.2,10,4.2,85.2,poor,2.115,good,0,0.2346,0,0.2083,0,3.67
XB-20243056,Tomatoes,Abuja,Ibadan,9.07,7.4,7.38,3.93,2065.2,706933.0,652.4,12.19,1.26,13.46,72,0.187,1,25.0,31.4,25,6.4,59.5,poor,1.322,good,0,0.2381,0,0.3029,0,4.42
XB-20243057,Fresh Fish,Kaduna,Lagos,10.52,7.44,6.52,3.38,2183.7,1282799.0,996.6,16.59,0.91,17.5,24,0.729,1,4.9,10.1,4,6.1,70.1,fair,0.536,poor,0,0.4736,0,0.4978,0,5.98
XB-20243058,Fresh Fish,Abuja,Zaria,9.07,7.4,11.08,7.71,4006.5,2310181.0,323.4,7.96,0.74,8.7,24,0.362,0,34.0,38.4,4,34.4,89.7,fair,0.851,excellent,0,0.6284,1,0.2795,0,4.24
XB-20243059,Dairy,Kaduna,Jos,10.52,7.44,9.92,8.89,1267.2,539452.0,229.2,4.34,0.37,4.72,48,0.098,1,8.6,12.5,6,6.5,65.0,poor,2.028,poor,0,0.2505,0,0.4537,0,5.63
XB-20243060,Dairy,Kaduna,Enugu,10.52,7.44,6.44,7.5,2532.7,1083419.0,714.3,15.47,1.66,17.13,48,0.357,1,7.5,12.4,6,6.4,59.7,fair,0.795,good,2,0.5436,1,0.492,1,5.94
XB-20243061,Strawberries,Zaria,Abuja,11.08,7.71,9.07,7.4,1994.1,1449815.0,271.5,4.52,11.32,15.84,36,0.44,0,35.2,42.5,8,34.5,83.3,fair,1.334,excellent,0,0.7002,1,0.3023,0,4.42
XB-20243062,Tomatoes,Abuja,Kano,9.07,7.4,12.0,8.52,2964.5,1022864.0,461.7,10.6,1.13,11.74,72,0.163,1,23.2,28.4,25,3.4,86.0,good,0.0,excellent,0,0.2776,0,0.1501,0,3.2
XB-20243063,Leafy Greens,Zaria,Jos,11.08,7.71,9.92,8.89,2898.8,818599.0,285.9,7.63,4.03,11.66,48,0.243,0,36.7,44.6,10,34.6,72.7,poor,2.155,poor,0,0.6259,1,0.5502,1,6.4
XB-20243064,Tomatoes,Onitsha,Port Harcourt,6.14,6.79,4.82,7.04,2590.0,894343.0,208.3,3.47,0.93,4.4,72,0.061,0,36.2,43.2,25,18.2,89.5,fair,0.588,good,1,0.491,1,0.4514,0,5.61
XB-20243065,Strawberries,Abuja,Lagos,9.07,7.4,6.52,3.38,4723.1,3743698.0,788.7,13.87,2.66,16.53,36,0.459,0,37.0,43.4,8,35.4,68.1,fair,1.477,excellent,0,0.6665,1,0.3638,0,4.91
XB-20243066,Tomatoes,Port Harcourt,Kano,4.82,7.04,12.0,8.52,4320.5,1603086.0,1095.8,24.78,5.6,30.38,72,0.422,0,27.1,32.0,25,7.0,69.7,poor,1.985,good,1,0.6857,1,0.5237,1,6.19
XB-20243067,Peppers,Enugu,Ibadan,6.44,7.5,7.38,3.93,388.1,65738.0,541.0,12.03,0.11,12.14,96,0.126,1,24.1,30.7,22,8.7,61.1,good,0.0,good,1,0.2706,0,0.2916,0,4.33
XB-20243068,Tomatoes,Zaria,Abuja,11.08,7.71,9.07,7.4,3999.6,1383832.0,324.0,5.06,2.57,7.64,72,0.106,1,24.2,27.9,25,2.9,62.5,poor,1.016,good,1,0.203,0,0.208,0,3.66
XB-20243069,Peppers,Port Harcourt,Kano,4.82,7.04,12.0,8.52,571.8,106783.0,1299.9,34.13,2.79,36.91,96,0.385,0,43.8,50.3,22,28.3,73.4,good,0.0,excellent,0,0.5473,0,0.29,0,4.32
XB-20243070,Peppers,Ibadan,Kaduna,7.38,3.93,10.52,7.44,2224.2,390800.0,687.4,18.39,3.43,21.82,96,0.227,0,40.6,46.1,22,24.1,85.5,poor,1.559,poor,1,0.6645,1,0.6783,1,7.43
XB-20243071,Tomatoes,Kano,Abuja,12.0,8.52,9.07,7.4,634.4,201519.0,478.8,8.22,1.13,9.34,72,0.13,0,39.6,44.2,25,19.2,62.3,fair,1.316,good,1,0.472,1,0.3974,0,5.18
XB-20243072,Dairy,Jos,Abuja,9.92,8.89,9.07,7.4,3965.4,1766507.0,290.2,7.61,1.02,8.64,48,0.18,0,25.7,30.2,6,24.2,77.6,fair,1.248,good,0,0.6459,1,0.465,0,5.72
XB-20243073,Dairy,Port Harcourt,Kaduna,4.82,7.04,10.52,7.44,1172.8,535364.0,824.1,20.64,0.64,21.28,48,0.443,0,30.8,37.9,6,31.9,59.2,good,0.0,good,0,0.6284,1,0.3946,0,5.16
XB-20243074,Dairy,Kaduna,Abuja,10.52,7.44,9.07,7.4,3055.3,1327847.0,203.2,3.6,3.63,7.23,48,0.151,0,30.4,36.6,6,30.6,65.4,good,0.0,good,0,0.441,1,0.335,0,4.68
XB-20243075,Tomatoes,Ibadan,Port Harcourt,7.38,3.93,4.82,7.04,2193.9,694863.0,634.4,13.34,0.73,14.07,72,0.195,0,32.4,39.4,25,14.4,83.4,good,0.0,fair,1,0.4888,1,0.5191,1,6.15
XB-20243076,Fresh Fish,Kano,Lagos,12.0,8.52,6.52,3.38,712.1,452787.0,1315.0,26.93,0.05,26.98,24,1.124,1,6.4,9.5,4,5.5,56.4,fair,1.295,poor,1,0.5342,0,0.6338,0,7.07
XB-20243077,Dairy,Zaria,Kano,11.08,7.71,12.0,8.52,4496.9,1754347.0,165.7,2.84,3.78,6.62,48,0.138,0,39.6,44.7,6,38.7,66.9,fair,1.041,good,0,0.5706,1,0.4896,0,5.92
XB-20243078,Fresh Fish,Jos,Lagos,9.92,8.89,6.52,3.38,3117.4,1996360.0,1073.5,30.43,4.12,34.55,24,1.44,1,3.4,10.9,4,6.9,84.1,fair,0.528,fair,2,0.8465,1,0.6798,1,7.44
XB-20243079,Tomatoes,Jos,Enugu,9.92,8.89,6.44,7.5,3223.5,1118569.0,601.2,16.62,3.51,20.13,72,0.28,0,34.5,37.7,25,12.7,67.3,poor,1.213,good,0,0.6633,1,0.3699,0,4.96
XB-20243080,Tomatoes,Enugu,Jos,6.44,7.5,9.92,8.89,4201.0,1524228.0,603.3,10.46,2.74,13.2,72,0.183,0,34.6,37.4,25,12.4,83.8,good,0.0,fair,1,0.5955,0,0.6391,1,7.11
XB-20243081,Dairy,Jos,Abuja,9.92,8.89,9.07,7.4,640.5,251680.0,231.8,3.63,1.04,4.67,48,0.097,0,38.4,46.3,6,40.3,56.5,good,0.0,fair,0,0.566,1,0.4816,0,5.85
XB-20243082,Fresh Fish,Jos,Port Harcourt,9.92,8.89,4.82,7.04,822.0,467942.0,806.9,22.76,1.31,24.06,24,1.003,1,2.6,6.7,4,2.7,89.0,good,0.0,fair,0,0.4184,1,0.4252,0,5.4
XB-20243083,Mangoes,Enugu,Jos,6.44,7.5,9.92,8.89,4267.6,898681.0,635.0,12.35,3.36,15.71,96,0.164,1,21.9,26.5,20,6.5,68.4,good,0.0,excellent,0,0.2481,0,0.1066,0,2.85
XB-20243084,Fresh Fish,Port Harcourt,Lagos,4.82,7.04,6.52,3.38,1152.6,628682.0,671.9,11.94,1.83,13.76,24,0.573,0,35.0,41.8,4,37.8,88.6,fair,1.478,excellent,0,0.7096,1,0.2931,0,4.35
XB-20243085,Dairy,Kano,Lagos,12.0,8.52,6.52,3.38,725.7,278924.0,1113.7,23.95,3.58,27.53,48,0.574,0,27.5,31.0,6,25.0,56.8,poor,2.892,excellent,0,0.7006,1,0.3271,0,4.62
XB-20243086,Dairy,Kano,Ibadan,12.0,8.52,7.38,3.93,4982.2,2229412.0,883.4,17.8,0.17,17.98,48,0.375,0,32.0,35.9,6,29.9,75.4,fair,0.946,good,0,0.4178,1,0.4029,0,5.22
XB-20243087,Leafy Greens,Zaria,Onitsha,11.08,7.71,6.14,6.79,2423.2,648370.0,783.7,13.08,1.25,14.33,48,0.298,0,40.4,47.2,10,37.2,87.2,poor,1.767,good,0,0.6832,1,0.4856,0,5.88
XB-20243088,Strawberries,Jos,Lagos,9.92,8.89,6.52,3.38,3142.2,2670263.0,957.5,23.07,0.35,23.42,36,0.65,1,7.1,9.8,8,1.8,71.8,good,0.0,poor,3,0.3396,0,0.6983,1,7.59
XB-20243089,Leafy Greens,Onitsha,Ibadan,6.14,6.79,7.38,3.93,2083.5,527495.0,533.3,9.07,0.61,9.69,48,0.202,1,8.1,15.2,10,5.2,64.7,poor,2.356,good,2,0.2826,0,0.2422,0,3.94
XB-20243090,Peppers,Onitsha,Lagos,6.14,6.79,6.52,3.38,2813.6,512015.0,465.6,7.92,0.07,7.99,96,0.083,0,37.1,42.6,22,20.6,68.8,fair,0.826,fair,0,0.4183,0,0.4358,0,5.49
XB-20243091,Strawberries,Port Harcourt,Jos,4.82,7.04,9.92,8.89,2459.7,1872482.0,824.4,13.22,2.98,16.21,36,0.45,1,9.0,12.1,8,4.1,68.9,poor,2.595,excellent,0,0.3932,1,0.1384,0,3.11
XB-20243092,Leafy Greens,Onitsha,Ibadan,6.14,6.79,7.38,3.93,4994.7,1272896.0,534.6,9.71,2.52,12.23,48,0.255,1,9.1,11.9,10,1.9,89.2,fair,1.317,good,0,0.181,0,0.1506,0,3.2
XB-20243093,Mangoes,Kano,Jos,12.0,8.52,9.92,8.89,4651.3,845244.0,361.4,9.53,0.4,9.93,96,0.103,1,19.3,24.2,20,4.2,86.8,poor,1.292,excellent,0,0.2384,0,0.1578,0,3.26
XB-20243094,Strawberries,Abuja,Kano,9.07,7.4,12.0,8.52,2540.0,2221994.0,553.3,9.05,3.96,13.01,36,0.361,1,7.3,11.8,8,3.8,80.2,fair,1.006,fair,3,0.2913,0,0.5041,0,6.03
XB-20243095,Peppers,Ibadan,Kano,7.38,3.93,12.0,8.52,364.2,65590.0,1096.9,22.68,0.52,23.2,96,0.242,1,20.8,27.4,22,5.4,88.4,fair,0.567,good,0,0.2633,0,0.1802,0,3.44
XB-20243096,Tomatoes,Lagos,Zaria,6.52,3.38,11.08,7.71,3815.8,1311339.0,885.5,14.52,0.97,15.49,72,0.215,0,34.6,36.9,25,11.9,57.5,poor,1.714,excellent,0,0.6296,1,0.3651,0,4.92
XB-20243097,Tomatoes,Jos,Abuja,9.92,8.89,9.07,7.4,2053.0,655503.0,228.0,4.62,1.61,6.22,72,0.086,1,24.3,27.7,25,2.7,75.8,fair,0.951,good,1,0.2918,0,0.3015,0,4.41
XB-20243098,Strawberries,Onitsha,Ibadan,6.14,6.79,7.38,3.93,2164.4,1764019.0,468.7,11.43,0.47,11.9,36,0.331,0,36.8,40.6,8,32.6,74.5,good,0.0,fair,3,0.4177,0,0.5456,0,6.36
XB-20243099,Dairy,Port Harcourt,Zaria,4.82,7.04,11.08,7.71,3516.5,1362908.0,1114.9,20.84,0.54,21.39,48,0.446,0,28.1,34.0,6,28.0,81.2,poor,2.374,good,1,0.7676,1,0.606,0,6.85
XB-20243100,Strawberries,Lagos,Ibadan,6.52,3.38,7.38,3.93,3828.5,2829188.0,149.7,2.46,2.44,4.9,36,0.136,1,8.3,14.7,8,6.7,86.8,fair,0.631,excellent,0,0.3547,0,0.3132,0,4.51
XB-20243101,Mangoes,Enugu,Jos,6.44,7.5,9.92,8.89,4495.0,879355.0,588.7,9.23,1.24,10.48,96,0.109,1,20.5,24.3,20,4.3,61.7,fair,1.031,fair,1,0.2021,0,0.3059,0,4.45
XB-20243102,Tomatoes,Enugu,Jos,6.44,7.5,9.92,8.89,3866.8,1261119.0,656.0,13.76,0.22,13.98,72,0.194,1,26.2,33.7,25,8.7,69.3,poor,2.39,fair,1,0.3171,0,0.5065,0,6.05
XB-20243103,Leafy Greens,Onitsha,Abuja,6.14,6.79,9.07,7.4,772.9,214813.0,532.1,12.2,0.07,12.27,48,0.256,1,10.2,13.8,10,3.8,69.4,fair,0.936,excellent,0,0.3629,0,0.1608,0,3.29
XB-20243104,Mangoes,Lagos,Ibadan,6.52,3.38,7.38,3.93,2392.5,458925.0,159.2,3.09,0.38,3.47,96,0.036,1,21.1,28.6,20,8.6,59.4,good,0.0,good,1,0.2223,0,0.2416,0,3.93
XB-20243105,Peppers,Ibadan,Kaduna,7.38,3.93,10.52,7.44,1799.4,339727.0,799.4,13.92,1.17,15.1,96,0.157,0,36.6,41.4,22,19.4,72.7,fair,1.304,excellent,0,0.5487,0,0.2501,0,4.0
XB-20243106,Mangoes,Zaria,Enugu,11.08,7.71,6.44,7.5,1538.1,297696.0,663.8,11.18,1.21,12.39,96,0.129,1,21.0,27.0,20,7.0,85.3,poor,2.648,good,1,0.3693,0,0.252,0,4.02
XB-20243107,Dairy,Kaduna,Jos,10.52,7.44,9.92,8.89,4785.2,1875547.0,251.8,4.7,2.69,7.38,48,0.154,0,32.5,34.9,6,28.9,91.0,poor,2.909,poor,1,0.7277,1,0.7585,1,8.07
XB-20243108,Tomatoes,Kaduna,Jos,10.52,7.44,9.92,8.89,1100.3,404985.0,216.7,4.96,1.72,6.68,72,0.093,1,25.7,32.6,25,7.6,77.7,good,0.0,good,0,0.3228,0,0.1407,0,3.13
XB-20243109,Tomatoes,Ibadan,Kano,7.38,3.93,12.0,8.52,1617.8,527612.0,1055.5,19.64,3.0,22.64,72,0.314,0,25.9,31.7,25,6.7,60.9,poor,2.162,excellent,0,0.6865,1,0.3328,0,4.66
XB-20243110,Leafy Greens,Zaria,Enugu,11.08,7.71,6.44,7.5,1412.5,384924.0,741.0,15.9,0.15,16.05,48,0.334,0,25.7,29.7,10,19.7,62.0,fair,1.406,fair,1,0.5451,1,0.5424,0,6.34
XB-20243111,Strawberries,Zaria,Port Harcourt,11.08,7.71,4.82,7.04,4414.2,3313928.0,911.9,21.09,1.65,22.74,36,0.632,0,33.0,36.5,8,28.5,55.7,poor,1.186,excellent,0,0.7787,1,0.4907,0,5.93
XB-20243112,Dairy,Port Harcourt,Zaria,4.82,7.04,11.08,7.71,2691.0,1181405.0,1078.8,21.78,0.99,22.77,48,0.474,1,6.2,11.7,6,5.7,62.7,fair,1.371,good,0,0.4502,1,0.3688,0,4.95
XB-20243113,Peppers,Lagos,Enugu,6.52,3.38,6.44,7.5,3430.2,628099.0,687.4,15.32,1.44,16.76,96,0.175,1,20.1,25.5,22,3.5,66.8,poor,1.999,fair,1,0.4754,0,0.4715,1,5.77
XB-20243114,Dairy,Kaduna,Lagos,10.52,7.44,6.52,3.38,4478.0,2032644.0,890.4,23.2,0.7,23.9,48,0.498,0,37.1,43.5,6,37.5,58.8,fair,1.082,excellent,0,0.5532,1,0.3398,0,4.72
XB-20243115,Strawberries,Kano,Kaduna,12.0,8.52,10.52,7.44,542.3,407682.0,253.6,4.73,0.16,4.89,36,0.136,1,6.6,10.9,8,2.9,59.9,poor,1.962,excellent,0,0.274,0,0.1786,0,3.43
XB-20243116,Peppers,Port Harcourt,Lagos,4.82,7.04,6.52,3.38,4668.5,797503.0,670.1,12.04,2.28,14.32,96,0.149,1,23.8,29.6,22,7.6,58.1,good,0.0,good,0,0.1486,0,0.1776,0,3.42
XB-20243117,Fresh Fish,Lagos,Ibadan,6.52,3.38,7.38,3.93,1263.3,820792.0,175.7,2.73,1.75,4.49,24,0.187,1,2.7,6.8,4,2.8,91.1,fair,1.061,poor,2,0.2857,0,0.6263,1,7.01
XB-20243118,Dairy,Ibadan,Enugu,7.38,3.93,6.44,7.5,3740.5,1696018.0,639.1,11.24,2.21,13.45,48,0.28,0,38.1,43.2,6,37.2,84.2,good,0.0,excellent,0,0.5763,1,0.3339,0,4.67
XB-20243119,Dairy,Lagos,Enugu,6.52,3.38,6.44,7.5,321.6,135121.0,691.0,11.36,0.26,11.62,48,0.242,0,38.7,42.9,6,36.9,81.0,poor,1.021,fair,2,0.5779,1,0.6409,1,7.13
XB-20243120,Mangoes,Jos,Lagos,9.92,8.89,6.52,3.38,3297.1,723847.0,1093.8,28.36,1.92,30.28,96,0.315,1,20.1,23.6,20,3.6,74.7,good,0.0,poor,2,0.2045,0,0.5887,1,6.71
XB-20243121,Tomatoes,Kano,Abuja,12.0,8.52,9.07,7.4,4485.4,1707951.0,473.3,7.53,2.13,9.66,72,0.134,0,26.8,29.0,25,4.0,58.8,fair,0.591,excellent,0,0.3094,0,0.229,0,3.83
XB-20243122,Strawberries,Enugu,Kano,6.44,7.5,12.0,8.52,1505.1,1253605.0,772.2,15.68,0.05,15.73,36,0.437,1,8.5,10.9,8,2.9,59.5,fair,1.337,good,0,0.2286,0,0.2186,0,3.75
XB-20243123,Strawberries,Jos,Kaduna,9.92,8.89,10.52,7.44,1604.3,1352856.0,265.5,6.91,0.24,7.15,36,0.199,0,40.6,43.3,8,35.3,77.5,good,0.0,fair,1,0.4832,0,0.5656,1,6.53
XB-20243124,Strawberries,Enugu,Zaria,6.44,7.5,11.08,7.71,1573.6,1236519.0,715.9,13.9,1.21,15.1,36,0.42,0,37.8,40.6,8,32.6,66.9,poor,1.28,good,0,0.5778,1,0.5061,0,6.05
XB-20243125,Mangoes,Ibadan,Kaduna,7.38,3.93,10.52,7.44,1540.9,325089.0,689.8,18.58,0.83,19.42,96,0.202,1,22.5,29.6,20,9.6,79.1,poor,1.878,fair,0,0.3197,0,0.4076,0,5.26
XB-20243126,Strawberries,Onitsha,Ibadan,6.14,6.79,7.38,3.93,4743.8,3466334.0,451.1,7.09,1.3,8.39,36,0.233,1,9.8,12.5,8,4.5,79.8,poor,2.943,good,0,0.3598,0,0.2468,0,3.97
XB-20243127,Strawberries,Jos,Lagos,9.92,8.89,6.52,3.38,949.5,767531.0,958.5,14.99,0.21,15.2,36,0.422,0,30.2,32.7,8,24.7,78.2,fair,0.844,good,1,0.6643,1,0.5892,0,6.71
XB-20243128,Mangoes,Zaria,Enugu,11.08,7.71,6.44,7.5,374.9,75824.0,820.2,19.56,0.23,19.79,96,0.206,0,33.4,39.6,20,19.6,83.0,fair,1.289,good,0,0.4455,1,0.2191,0,3.75
XB-20243129,Dairy,Port Harcourt,Ibadan,4.82,7.04,7.38,3.93,842.6,368116.0,641.4,11.95,1.3,13.25,48,0.276,0,26.1,32.7,6,26.7,89.1,fair,0.909,excellent,0,0.6771,1,0.4533,0,5.63
XB-20243130,Dairy,Port Harcourt,Lagos,4.82,7.04,6.52,3.38,3672.0,1427679.0,646.4,14.27,0.53,14.8,48,0.308,0,32.7,40.1,6,34.1,57.2,fair,0.514,excellent,0,0.588,0,0.3063,0,4.45
XB-20243131,Strawberries,Ibadan,Enugu,7.38,3.93,6.44,7.5,2658.1,2298128.0,617.3,12.48,0.26,12.73,36,0.354,1,7.6,14.5,8,6.5,83.1,good,0.0,good,0,0.3465,0,0.2786,0,4.23
XB-20243132,Mangoes,Ibadan,Enugu,7.38,3.93,6.44,7.5,3354.5,694829.0,588.9,10.87,1.17,12.04,96,0.125,0,39.6,45.9,20,25.9,80.1,good,0.0,good,0,0.5526,1,0.3666,0,4.93
XB-20243133,Fresh Fish,Ibadan,Abuja,7.38,3.93,9.07,7.4,3493.1,2303847.0,635.0,13.28,0.77,14.05,24,0.585,1,5.1,8.1,4,4.1,57.7,poor,2.903,good,2,0.3547,0,0.3905,0,5.12
XB-20243134,Mangoes,Onitsha,Enugu,6.14,6.79,6.44,7.5,794.3,153571.0,120.7,2.0,2.5,4.51,96,0.047,1,22.5,26.5,20,6.5,78.8,fair,1.152,excellent,0,0.3073,0,0.134,0,3.07
XB-20243135,Fresh Fish,Abuja,Enugu,9.07,7.4,6.44,7.5,2047.3,1140722.0,454.2,7.76,0.45,8.22,24,0.342,1,7.8,10.0,4,6.0,74.2,poor,1.51,excellent,0,0.2721,0,0.1544,0,3.24
XB-20243136,Strawberries,Onitsha,Lagos,6.14,6.79,6.52,3.38,1549.0,1304945.0,542.7,13.43,1.11,14.54,36,0.404,0,32.0,39.0,8,31.0,59.0,good,0.0,good,0,0.5039,1,0.3657,0,4.93
XB-20243137,Dairy,Onitsha,Lagos,6.14,6.79,6.52,3.38,3536.3,1592784.0,523.7,9.04,0.01,9.04,48,0.188,1,9.1,12.5,6,6.5,87.5,good,0.0,poor,0,0.218,0,0.3562,0,4.85
XB-20243138,Peppers,Lagos,Ibadan,6.52,3.38,7.38,3.93,3075.0,520974.0,165.7,2.59,0.83,3.42,96,0.036,0,27.4,29.6,22,7.6,71.9,good,0.0,fair,1,0.4266,1,0.4131,0,5.3
XB-20243139,Strawberries,Kaduna,Onitsha,10.52,7.44,6.14,6.79,2000.8,1573263.0,622.0,11.62,0.32,11.94,36,0.332,1,8.8,11.8,8,3.8,84.1,poor,1.931,fair,5,0.4366,1,0.6627,1,7.3
XB-20243140,Fresh Fish,Zaria,Enugu,11.08,7.71,6.44,7.5,3006.0,1743355.0,757.5,16.23,0.87,17.1,24,0.712,1,2.8,10.0,4,6.0,67.3,poor,2.768,poor,1,0.3812,0,0.5815,0,6.65
XB-20243141,Mangoes,Zaria,Lagos,11.08,7.71,6.52,3.38,3500.7,698297.0,1094.4,21.77,2.82,24.58,96,0.256,0,31.1,35.2,20,15.2,60.6,fair,1.192,poor,2,0.4111,0,0.6944,1,7.56
XB-20243142,Dairy,Zaria,Ibadan,11.08,7.71,7.38,3.93,1989.9,867831.0,881.6,17.66,1.52,19.18,48,0.4,0,24.4,30.2,6,24.2,78.7,fair,1.164,fair,1,0.4219,0,0.5647,1,6.52
XB-20243143,Mangoes,Jos,Zaria,9.92,8.89,11.08,7.71,2018.6,401181.0,262.7,5.71,0.35,6.06,96,0.063,1,23.1,30.1,20,10.1,88.0,fair,1.151,fair,0,0.3155,0,0.4782,0,5.83
XB-20243144,Strawberries,Kano,Abuja,12.0,8.52,9.07,7.4,2383.4,1793789.0,504.4,13.63,1.61,15.24,36,0.423,0,34.0,38.1,8,30.1,83.8,good,0.0,excellent,0,0.5648,0,0.2869,0,4.29
XB-20243145,Fresh Fish,Kano,Lagos,12.0,8.52,6.52,3.38,3685.0,1990639.0,1245.2,25.81,1.02,26.83,24,1.118,0,33.9,36.6,4,32.6,70.8,poor,1.474,good,2,0.8133,1,0.6547,0,7.24
XB-20243146,Peppers,Port Harcourt,Kaduna,4.82,7.04,10.52,7.44,3930.2,641355.0,814.0,17.25,0.34,17.58,96,0.183,0,33.9,36.4,22,14.4,82.4,fair,0.734,good,0,0.4834,1,0.4165,0,5.33
XB-20243147,Dairy,Port Harcourt,Lagos,4.82,7.04,6.52,3.38,2635.5,1028077.0,627.7,11.77,1.07,12.84,48,0.267,0,23.5,28.7,6,22.7,77.8,fair,0.56,good,0,0.6541,1,0.4798,0,5.84
XB-20243148,Leafy Greens,Lagos,Kano,6.52,3.38,12.0,8.52,1465.0,418762.0,1288.2,25.35,4.19,29.54,48,0.615,1,8.0,11.8,10,1.8,64.3,fair,0.996,fair,0,0.4849,1,0.4674,0,5.74
XB-20243149,Strawberries,Lagos,Ibadan,6.52,3.38,7.38,3.93,4140.9,3245157.0,170.2,4.7,0.65,5.36,36,0.149,1,8.1,15.7,8,7.7,86.8,fair,1.21,excellent,0,0.3436,0,0.2702,0,4.16
XB-20243150,Strawberries,Lagos,Abuja,6.52,3.38,9.07,7.4,3964.1,2913798.0,806.6,15.09,0.52,15.6,36,0.433,0,37.7,40.3,8,32.3,86.7,good,0.0,good,1,0.5874,1,0.3454,0,4.76
XB-20243151,Peppers,Onitsha,Zaria,6.14,6.79,11.08,7.71,2689.9,495222.0,693.6,16.24,0.38,16.61,96,0.173,0,34.9,39.4,22,17.4,71.3,fair,0.792,poor,2,0.5085,0,0.6809,1,7.45
XB-20243152,Strawberries,Lagos,Jos,6.52,3.38,9.92,8.89,2742.6,2019668.0,891.9,18.81,0.11,18.92,36,0.525,1,7.9,11.8,8,3.8,74.0,fair,0.967,good,0,0.3244,0,0.2614,0,4.09
XB-20243153,Peppers,Kano,Enugu,12.0,8.52,6.44,7.5,2139.3,383499.0,836.9,19.56,1.19,20.76,96,0.216,1,20.8,28.8,22,6.8,67.8,poor,1.683,fair,2,0.3781,0,0.5085,0,6.07
XB-20243154,Dairy,Lagos,Onitsha,6.52,3.38,6.14,6.79,1517.3,668372.0,500.9,9.09,1.07,10.16,48,0.212,1,7.2,12.7,6,6.7,71.6,fair,1.38,good,1,0.1945,0,0.349,0,4.79
XB-20243155,Fresh Fish,Port Harcourt,Jos,4.82,7.04,9.92,8.89,2762.2,1800321.0,866.2,13.76,0.06,13.83,24,0.576,0,35.4,41.8,4,37.8,65.8,poor,1.565,fair,2,0.769,1,0.7115,1,7.69
XB-20243156,Leafy Greens,Ibadan,Onitsha,7.38,3.93,6.14,6.79,3040.4,884389.0,442.4,8.92,1.64,10.56,48,0.22,0,30.0,36.1,10,26.1,79.4,fair,1.083,fair,1,0.4663,0,0.5454,0,6.36
XB-20243157,Fresh Fish,Lagos,Onitsha,6.52,3.38,6.14,6.79,4110.2,2563770.0,458.6,7.57,1.14,8.72,24,0.363,0,35.4,38.4,4,34.4,63.3,fair,0.861,poor,0,0.4864,1,0.5367,1,6.29
XB-20243158,Tomatoes,Onitsha,Ibadan,6.14,6.79,7.38,3.93,4261.3,1621578.0,440.5,11.83,0.35,12.18,72,0.169,0,38.5,45.8,25,20.8,58.7,fair,1.165,fair,1,0.6035,1,0.622,1,6.98
XB-20243159,Strawberries,Enugu,Abuja,6.44,7.5,9.07,7.4,1320.2,985753.0,414.9,10.06,0.36,10.43,36,0.29,0,34.1,39.1,8,31.1,66.4,poor,1.159,fair,0,0.6441,1,0.5087,1,6.07
XB-20243160,Leafy Greens,Abuja,Zaria,9.07,7.4,11.08,7.71,1715.7,473589.0,314.5,5.28,0.79,6.07,48,0.126,0,37.5,40.6,10,30.6,60.8,good,0.0,good,0,0.6478,1,0.4824,0,5.86
XB-20243161,Dairy,Kaduna,Enugu,10.52,7.44,6.44,7.5,2293.3,907272.0,580.8,16.45,0.14,16.59,48,0.346,1,8.5,12.8,6,6.8,67.0,good,0.0,fair,1,0.2217,0,0.3521,0,4.82
XB-20243162,Peppers,Kano,Kaduna,12.0,8.52,10.52,7.44,4307.9,798037.0,262.2,6.14,0.28,6.42,96,0.067,1,25.4,29.5,22,7.5,79.4,good,0.0,good,0,0.2784,0,0.2702,0,4.16
XB-20243163,Mangoes,Lagos,Kano,6.52,3.38,12.0,8.52,875.4,166627.0,1011.0,18.68,3.64,22.32,96,0.233,0,31.7,36.5,20,16.5,68.0,fair,1.1,good,1,0.6833,1,0.4531,1,5.62
XB-20243164,Peppers,Abuja,Enugu,9.07,7.4,6.44,7.5,3786.4,621413.0,446.1,9.35,0.51,9.86,96,0.103,0,31.0,37.0,22,15.0,64.9,poor,1.361,poor,1,0.4946,0,0.6305,1,7.04
XB-20243165,Strawberries,Kano,Enugu,12.0,8.52,6.44,7.5,4861.7,4139221.0,836.1,13.36,3.87,17.23,36,0.479,1,6.8,9.7,8,1.7,85.4,poor,1.704,excellent,0,0.4921,0,0.1841,0,3.47
XB-20243166,Mangoes,Ibadan,Port Harcourt,7.38,3.93,4.82,7.04,4503.8,963982.0,652.3,12.72,0.48,13.2,96,0.138,1,21.0,27.0,20,7.0,84.7,poor,2.593,poor,1,0.2456,0,0.5548,0,6.44
XB-20243167,Fresh Fish,Port Harcourt,Onitsha,4.82,7.04,6.14,6.79,1450.1,926461.0,184.6,2.91,0.42,3.33,24,0.139,0,37.4,40.0,4,36.0,70.3,poor,1.176,fair,1,0.7101,1,0.7323,1,7.86
XB-20243168,Tomatoes,Onitsha,Kano,6.14,6.79,12.0,8.52,1145.3,406484.0,964.7,25.34,2.5,27.84,72,0.387,0,34.0,36.2,25,11.2,65.4,good,0.0,excellent,0,0.5959,1,0.2473,0,3.98
XB-20243169,Mangoes,Ibadan,Jos,7.38,3.93,9.92,8.89,770.5,146233.0,769.3,17.12,0.51,17.63,96,0.184,1,20.9,23.5,20,3.5,72.2,good,0.0,good,1,0.211,0,0.2695,0,4.16
XB-20243170,Peppers,Enugu,Kaduna,6.44,7.5,10.52,7.44,3503.6,672595.0,693.9,17.58,0.08,17.66,96,0.184,1,22.3,30.1,22,8.1,68.1,fair,1.314,poor,3,0.2064,0,0.628,0,7.02
XB-20243171,Peppers,Ibadan,Kano,7.38,3.93,12.0,8.52,2756.8,543786.0,1008.9,23.69,0.56,24.25,96,0.253,1,22.9,29.8,22,7.8,86.5,poor,1.522,excellent,0,0.4722,0,0.1886,0,3.51
XB-20243172,Tomatoes,Onitsha,Kaduna,6.14,6.79,10.52,7.44,555.6,205014.0,620.8,12.42,5.67,18.08,72,0.251,0,26.9,32.5,25,7.5,60.6,fair,0.983,fair,0,0.4187,0,0.5039,0,6.03
XB-20243173,Dairy,Ibadan,Zaria,7.38,3.93,11.08,7.71,891.7,361002.0,822.8,17.03,0.87,17.9,48,0.373,0,33.4,37.7,6,31.7,58.2,good,0.0,poor,1,0.6372,1,0.6156,1,6.93
XB-20243174,Fresh Fish,Ibadan,Kaduna,7.38,3.93,10.52,7.44,4843.2,2727380.0,646.3,13.29,0.61,13.9,24,0.579,1,3.1,10.4,4,6.4,61.5,fair,1.442,poor,1,0.46,0,0.5462,1,6.37
XB-20243175,Strawberries,Kano,Port Harcourt,12.0,8.52,4.82,7.04,2985.0,2391763.0,1162.4,24.38,0.83,25.21,36,0.7,0,30.2,36.9,8,28.9,55.8,fair,0.617,good,0,0.6669,1,0.3053,0,4.44
XB-20243176,Mangoes,Zaria,Lagos,11.08,7.71,6.52,3.38,546.9,116116.0,902.6,16.91,0.55,17.46,96,0.182,0,35.2,41.1,20,21.1,72.6,poor,1.091,good,0,0.4684,1,0.3533,0,4.83
XB-20243177,Leafy Greens,Port Harcourt,Kaduna,4.82,7.04,10.52,7.44,2357.7,646162.0,817.3,13.55,1.46,15.01,48,0.313,0,30.2,34.6,10,24.6,56.7,good,0.0,good,1,0.5522,1,0.3863,0,5.09
XB-20243178,Tomatoes,Kaduna,Zaria,10.52,7.44,11.08,7.71,1868.8,609263.0,91.3,2.26,0.48,2.74,72,0.038,1,26.0,33.6,25,8.6,91.8,good,0.0,fair,0,0.3706,0,0.4091,0,5.27
XB-20243179,Dairy,Lagos,Kaduna,6.52,3.38,10.52,7.44,4508.0,1717077.0,1001.4,17.49,0.19,17.69,48,0.368,0,40.6,43.0,6,37.0,67.1,fair,1.455,good,0,0.4777,0,0.3615,0,4.89
XB-20243180,Fresh Fish,Ibadan,Port Harcourt,7.38,3.93,4.82,7.04,2039.8,1157832.0,639.0,11.67,2.47,14.14,24,0.589,0,39.1,42.1,4,38.1,86.5,good,0.0,good,0,0.6867,1,0.4542,0,5.63
XB-20243181,Fresh Fish,Port Harcourt,Onitsha,4.82,7.04,6.14,6.79,3413.2,2233428.0,214.2,4.97,4.68,9.66,24,0.402,0,30.1,36.7,4,32.7,87.0,poor,1.653,fair,0,0.7274,1,0.599,0,6.79
XB-20243182,Strawberries,Lagos,Onitsha,6.52,3.38,6.14,6.79,985.2,728064.0,573.8,10.11,0.05,10.16,36,0.282,0,33.8,38.4,8,30.4,79.0,good,0.0,good,0,0.5651,1,0.2907,0,4.33
XB-20243183,Tomatoes,Ibadan,Kaduna,7.38,3.93,10.52,7.44,905.7,339939.0,804.3,17.34,0.62,17.96,72,0.249,0,38.1,42.2,25,17.2,83.2,good,0.0,fair,3,0.6407,1,0.7075,1,7.66
XB-20243184,Leafy Greens,Jos,Lagos,9.92,8.89,6.52,3.38,2527.7,665804.0,1091.9,21.35,1.62,22.97,48,0.479,0,28.5,35.4,10,25.4,55.0,poor,1.867,good,0,0.7432,1,0.4366,0,5.49
XB-20243185,Leafy Greens,Lagos,Enugu,6.52,3.38,6.44,7.5,440.1,128216.0,580.0,10.12,0.92,11.04,48,0.23,0,34.9,38.5,10,28.5,77.5,poor,2.316,excellent,0,0.6101,1,0.1939,0,3.55
XB-20243186,Mangoes,Kaduna,Kano,10.52,7.44,12.0,8.52,403.7,82536.0,313.8,6.59,1.5,8.09,96,0.084,0,30.4,33.7,20,13.7,57.9,poor,2.483,good,1,0.553,1,0.4252,0,5.4
XB-20243187,Mangoes,Port Harcourt,Onitsha,4.82,7.04,6.14,6.79,549.9,108037.0,235.9,5.22,7.4,12.62,96,0.131,0,27.9,32.8,20,12.8,89.0,fair,0.889,poor,1,0.6922,1,0.7072,1,7.66
XB-20243188,Dairy,Onitsha,Ibadan,6.14,6.79,7.38,3.93,554.0,234512.0,500.5,8.2,0.86,9.06,48,0.189,0,34.4,36.8,6,30.8,84.5,good,0.0,excellent,0,0.5244,0,0.2381,0,3.91
XB-20243189,Fresh Fish,Jos,Kaduna,9.92,8.89,10.52,7.44,485.8,268329.0,270.6,6.89,1.67,8.56,24,0.357,0,30.8,38.1,4,34.1,82.7,fair,1.49,good,0,0.6497,1,0.3009,0,4.41
XB-20243190,Tomatoes,Ibadan,Kano,7.38,3.93,12.0,8.52,4781.0,1784422.0,1098.0,21.34,0.83,22.17,72,0.308,0,38.7,44.3,25,19.3,91.0,poor,2.101,poor,1,0.7012,1,0.7009,1,7.61
XB-20243191,Leafy Greens,Kano,Abuja,12.0,8.52,9.07,7.4,3899.9,1090203.0,438.1,7.03,1.88,8.92,48,0.186,0,30.5,33.1,10,23.1,86.5,good,0.0,excellent,0,0.5811,0,0.2783,0,4.23
XB-20243192,Peppers,Kaduna,Enugu,10.52,7.44,6.44,7.5,393.0,73352.0,709.6,11.99,1.21,13.2,96,0.137,1,25.4,31.7,22,9.7,56.7,poor,1.106,fair,2,0.523,1,0.7298,1,7.84
XB-20243193,Strawberries,Abuja,Enugu,9.07,7.4,6.44,7.5,654.3,477057.0,390.1,7.77,1.96,9.74,36,0.271,0,37.5,44.1,8,36.1,89.7,good,0.0,good,0,0.5075,1,0.3654,0,4.92
XB-20243194,Mangoes,Ibadan,Kaduna,7.38,3.93,10.52,7.44,2253.2,439999.0,760.0,14.45,0.75,15.2,96,0.158,1,22.4,30.0,20,10.0,70.1,poor,2.667,fair,0,0.3765,0,0.3903,0,5.12
XB-20243195,Tomatoes,Kaduna,Lagos,10.52,7.44,6.52,3.38,1027.6,371940.0,821.3,21.05,0.2,21.25,72,0.295,1,25.0,32.8,25,7.8,55.7,poor,2.987,good,1,0.3644,0,0.431,1,5.45
XB-20243196,Leafy Greens,Zaria,Port Harcourt,11.08,7.71,4.82,7.04,446.3,119110.0,997.1,19.97,0.15,20.12,48,0.419,1,13.3,17.8,10,7.8,62.4,fair,1.223,excellent,0,0.2965,0,0.2667,0,4.13
XB-20243197,Dairy,Abuja,Kaduna,9.07,7.4,10.52,7.44,2014.0,779996.0,193.9,4.99,1.55,6.55,48,0.136,0,27.8,32.8,6,26.8,64.2,fair,0.724,good,0,0.5682,1,0.4716,1,5.77
XB-20243198,Dairy,Zaria,Abuja,11.08,7.71,9.07,7.4,3807.0,1441964.0,357.6,6.84,2.86,9.7,48,0.202,1,7.2,13.1,6,7.1,74.1,fair,1.342,excellent,0,0.2588,0,0.142,0,3.14
XB-20243199,Mangoes,Onitsha,Lagos,6.14,6.79,6.52,3.38,2227.9,433774.0,519.1,8.24,0.38,8.62,96,0.09,1,23.7,28.7,20,8.7,90.5,good,0.0,good,0,0.2118,0,0.2371,0,3.9
XB-20243200,Fresh Fish,Enugu,Zaria,6.44,7.5,11.08,7.71,407.2,221592.0,770.1,19.13,0.89,20.03,24,0.834,1,6.9,13.0,4,9.0,67.7,poor,2.978,good,0,0.5944,1,0.3483,0,4.79
XB-20243201,Mangoes,Onitsha,Zaria,6.14,6.79,11.08,7.71,1860.9,376392.0,763.8,14.33,0.16,14.49,96,0.151,0,29.3,37.0,20,17.0,71.6,good,0.0,good,1,0.4246,1,0.3293,0,4.63
XB-20243202,Strawberries,Port Harcourt,Enugu,4.82,7.04,6.44,7.5,4186.9,3377760.0,232.6,3.91,1.44,5.35,36,0.149,1,9.8,16.4,8,8.4,85.7,fair,1.49,fair,1,0.4676,1,0.4477,0,5.58
XB-20243203,Tomatoes,Onitsha,Ibadan,6.14,6.79,7.38,3.93,349.5,121225.0,421.2,8.99,0.15,9.14,72,0.127,1,23.8,31.7,25,6.7,57.2,fair,1.275,good,0,0.0979,0,0.0984,0,2.79
XB-20243204,Leafy Greens,Port Harcourt,Lagos,4.82,7.04,6.52,3.38,4867.5,1374054.0,634.3,12.99,1.54,14.53,48,0.303,1,9.5,14.7,10,4.7,59.7,fair,0.983,good,0,0.3305,0,0.2698,0,4.16
XB-20243205,Peppers,Ibadan,Kaduna,7.38,3.93,10.52,7.44,4408.2,748982.0,641.2,16.59,0.41,17.0,96,0.177,1,22.3,28.2,22,6.2,80.8,fair,0.724,good,0,0.2648,0,0.2594,0,4.07
XB-20243206,Peppers,Zaria,Port Harcourt,11.08,7.71,4.82,7.04,484.9,95813.0,958.0,15.11,1.54,16.64,96,0.173,0,33.7,38.2,22,16.2,76.2,poor,2.915,fair,0,0.4809,0,0.5681,1,6.54
XB-20243207,Peppers,Port Harcourt,Ibadan,4.82,7.04,7.38,3.93,1206.7,222507.0,616.6,12.07,3.4,15.47,96,0.161,0,35.9,40.6,22,18.6,56.9,poor,2.179,fair,1,0.635,1,0.5566,1,6.45
XB-20243208,Dairy,Lagos,Kano,6.52,3.38,12.0,8.52,1718.8,773911.0,1256.9,21.61,2.04,23.66,48,0.493,1,5.5,9.8,6,3.8,72.7,fair,0.958,excellent,0,0.2518,0,0.1792,0,3.43
XB-20243209,Strawberries,Jos,Ibadan,9.92,8.89,7.38,3.93,1649.0,1357292.0,901.2,15.51,0.61,16.12,36,0.448,1,7.0,14.6,8,6.6,81.1,fair,0.622,fair,1,0.3147,0,0.4705,0,5.76
XB-20243210,Mangoes,Jos,Enugu,9.92,8.89,6.44,7.5,1729.7,366050.0,532.8,12.98,1.32,14.31,96,0.149,0,32.0,34.2,20,14.2,65.3,poor,2.481,good,0,0.6365,1,0.3798,0,5.04
XB-20243211,Strawberries,Abuja,Kaduna,9.07,7.4,10.52,7.44,1431.3,1118521.0,255.6,6.57,2.6,9.17,36,0.255,0,32.8,35.2,8,27.2,78.2,poor,2.669,good,0,0.6888,1,0.4758,1,5.81
XB-20243212,Dairy,Port Harcourt,Onitsha,4.82,7.04,6.14,6.79,1672.2,722346.0,209.4,5.34,3.36,8.7,48,0.181,1,8.2,12.2,6,6.2,67.1,poor,1.39,fair,0,0.4357,0,0.4275,0,5.42
XB-20243213,Fresh Fish,Jos,Port Harcourt,9.92,8.89,4.82,7.04,1168.7,662056.0,767.6,15.57,3.04,18.61,24,0.775,1,5.6,12.8,4,8.8,66.0,fair,0.873,good,1,0.5597,0,0.3661,0,4.93
XB-20243214,Dairy,Abuja,Kaduna,9.07,7.4,10.52,7.44,878.1,354301.0,252.8,4.84,0.6,5.45,48,0.113,1,5.3,8.2,6,2.2,66.2,fair,0.597,good,0,0.162,0,0.0479,0,2.38
XB-20243215,Dairy,Enugu,Jos,6.44,7.5,9.92,8.89,706.4,311346.0,532.6,9.3,3.78,13.08,48,0.272,0,27.2,31.4,6,25.4,88.5,poor,1.751,excellent,0,0.5847,0,0.3259,0,4.61
XB-20243216,Mangoes,Onitsha,Lagos,6.14,6.79,6.52,3.38,3057.3,595020.0,487.7,13.54,1.14,14.68,96,0.153,0,31.0,34.0,20,14.0,81.7,fair,0.973,fair,0,0.5967,1,0.5377,1,6.3
XB-20243217,Peppers,Jos,Port Harcourt,9.92,8.89,4.82,7.04,223.4,36930.0,950.9,23.99,1.61,25.6,96,0.267,1,22.0,29.3,22,7.3,72.4,fair,0.961,poor,2,0.432,0,0.7155,1,7.72
XB-20243218,Peppers,Enugu,Kano,6.44,7.5,12.0,8.52,2238.1,417429.0,903.9,19.37,0.71,20.08,96,0.209,1,25.3,28.4,22,6.4,57.3,fair,1.046,good,0,0.3487,0,0.2773,0,4.22
XB-20243219,Tomatoes,Kano,Zaria,12.0,8.52,11.08,7.71,1308.1,443976.0,197.4,3.4,4.39,7.79,72,0.108,1,23.1,28.2,25,3.2,58.3,good,0.0,good,1,0.2395,0,0.3348,0,4.68
XB-20243220,Peppers,Onitsha,Zaria,6.14,6.79,11.08,7.71,2979.4,548685.0,848.3,14.99,4.73,19.72,96,0.205,0,37.7,43.1,22,21.1,60.3,fair,0.906,excellent,0,0.6393,1,0.2765,0,4.21
XB-20243221,Dairy,Enugu,Onitsha,6.44,7.5,6.14,6.79,4355.0,1953356.0,122.6,1.97,2.77,4.74,48,0.099,0,35.1,41.2,6,35.2,89.2,fair,0.708,poor,3,0.5149,1,0.8153,1,8.52
XB-20243222,Mangoes,Ibadan,Kaduna,7.38,3.93,10.52,7.44,2858.0,619569.0,755.6,12.71,1.49,14.2,96,0.148,1,22.0,27.3,20,7.3,73.5,good,0.0,fair,1,0.191,0,0.3678,0,4.94
XB-20243223,Fresh Fish,Zaria,Jos,11.08,7.71,9.92,8.89,3973.2,2165240.0,226.5,6.15,3.74,9.89,24,0.412,1,2.7,7.6,4,3.6,83.5,fair,0.521,good,0,0.3074,0,0.2855,0,4.28
XB-20243224,Leafy Greens,Zaria,Lagos,11.08,7.71,6.52,3.38,382.6,108421.0,1009.7,18.03,1.13,19.16,48,0.399,1,8.9,12.8,10,2.8,83.1,fair,1.391,excellent,0,0.3003,0,0.0868,0,2.69
XB-20243225,Peppers,Ibadan,Kano,7.38,3.93,12.0,8.52,2875.8,568573.0,1119.5,18.41,0.41,18.82,96,0.196,0,36.5,38.9,22,16.9,56.8,poor,2.09,good,0,0.5799,0,0.4115,0,5.29
XB-20243226,Peppers,Port Harcourt,Zaria,4.82,7.04,11.08,7.71,2714.8,536481.0,1018.5,21.06,0.02,21.08,96,0.22,1,25.4,28.1,22,6.1,89.2,poor,2.282,good,0,0.351,0,0.3417,0,4.73
XB-20243227,Leafy Greens,Ibadan,Abuja,7.38,3.93,9.07,7.4,1066.6,274347.0,679.8,10.75,2.86,13.62,48,0.284,1,9.5,11.6,10,1.6,65.8,fair,0.52,good,1,0.3028,0,0.3157,0,4.53
XB-20243228,Fresh Fish,Port Harcourt,Kano,4.82,7.04,12.0,8.52,4106.5,2703989.0,1043.4,21.11,0.39,21.5,24,0.896,1,5.0,11.9,4,7.9,87.2,fair,0.587,poor,2,0.7213,1,0.8835,1,9.07
XB-20243229,Strawberries,Zaria,Lagos,11.08,7.71,6.52,3.38,2381.6,1862831.0,1001.9,20.62,0.1,20.72,36,0.576,1,10.5,14.9,8,6.9,69.4,poor,1.364,good,1,0.4096,1,0.379,0,5.03
XB-20243230,Leafy Greens,Kano,Lagos,12.0,8.52,6.52,3.38,4172.8,1181758.0,1090.5,17.96,0.84,18.8,48,0.392,0,25.7,28.8,10,18.8,91.9,fair,1.369,excellent,0,0.6773,1,0.3231,0,4.59
XB-20243231,Strawberries,Lagos,Ibadan,6.52,3.38,7.38,3.93,4749.6,3537505.0,180.8,4.61,0.17,4.78,36,0.133,0,37.8,43.0,8,35.0,83.6,poor,2.899,good,0,0.5799,1,0.4382,0,5.51
XB-20243232,Mangoes,Kaduna,Port Harcourt,10.52,7.44,4.82,7.04,4178.6,758395.0,902.7,16.99,1.3,18.3,96,0.191,0,28.7,36.6,20,16.6,73.6,fair,1.493,excellent,0,0.477,1,0.1929,0,3.54
XB-20243233,Dairy,Enugu,Jos,6.44,7.5,9.92,8.89,816.3,376946.0,573.0,9.85,0.77,10.62,48,0.221,0,34.3,42.1,6,36.1,83.4,fair,1.478,good,0,0.4866,0,0.399,0,5.19
XB-20243234,Strawberries,Onitsha,Abuja,6.14,6.79,9.07,7.4,2515.6,1924551.0,423.1,10.09,0.66,10.74,36,0.298,0,40.9,44.8,8,36.8,77.8,poor,1.735,fair,1,0.6309,1,0.5938,1,6.75
XB-20243235,Strawberries,Port Harcourt,Zaria,4.82,7.04,11.08,7.71,3271.7,2477592.0,853.4,17.58,1.12,18.7,36,0.519,1,10.8,17.8,8,9.8,67.2,fair,1.331,good,1,0.4931,0,0.3489,0,4.79
XB-20243236,Tomatoes,Kaduna,Onitsha,10.52,7.44,6.14,6.79,252.7,81379.0,717.1,16.42,0.83,17.24,72,0.239,0,34.3,41.7,25,16.7,64.3,fair,1.381,good,0,0.6864,1,0.5009,0,6.01
XB-20243237,Leafy Greens,Jos,Zaria,9.92,8.89,11.08,7.71,1834.0,547553.0,271.4,5.1,5.12,10.22,48,0.213,1,11.9,16.1,10,6.1,84.1,poor,2.559,excellent,0,0.4824,0,0.2789,0,4.23
XB-20243238,Tomatoes,Kaduna,Abuja,10.52,7.44,9.07,7.4,4688.5,1722906.0,228.1,3.74,0.41,4.14,72,0.058,1,25.8,30.6,25,5.6,78.7,poor,2.774,excellent,0,0.2617,0,0.0959,0,2.77
XB-20243239,Dairy,Port Harcourt,Zaria,4.82,7.04,11.08,7.71,1555.1,626783.0,876.5,20.97,3.75,24.71,48,0.515,0,30.6,38.1,6,32.1,82.7,fair,1.447,poor,2,0.6936,1,0.8079,1,8.46
XB-20243240,Fresh Fish,Lagos,Kaduna,6.52,3.38,10.52,7.44,503.3,274022.0,817.0,15.12,1.28,16.4,24,0.683,1,6.1,12.0,4,8.0,57.7,fair,1.16,fair,3,0.4084,0,0.5468,0,6.37
XB-20243241,Peppers,Jos,Zaria,9.92,8.89,11.08,7.71,4128.0,715435.0,229.6,5.52,0.38,5.91,96,0.062,0,35.4,38.7,22,16.7,76.1,poor,2.001,good,0,0.6276,0,0.4368,0,5.49
XB-20243242,Dairy,Onitsha,Ibadan,6.14,6.79,7.38,3.93,1902.0,721422.0,430.1,9.57,0.04,9.61,48,0.2,0,34.9,42.2,6,36.2,66.0,good,0.0,excellent,0,0.6614,1,0.4379,0,5.5
XB-20243243,Fresh Fish,Abuja,Ibadan,9.07,7.4,7.38,3.93,760.2,416600.0,608.9,12.91,0.54,13.45,24,0.56,1,3.9,11.7,4,7.7,86.7,fair,1.3,excellent,0,0.5134,1,0.3132,0,4.51
XB-20243244,Tomatoes,Kaduna,Kano,10.52,7.44,12.0,8.52,2871.8,989351.0,276.0,4.63,0.82,5.45,72,0.076,1,28.4,33.2,25,8.2,75.8,good,0.0,good,0,0.1357,0,0.192,0,3.54
XB-20243245,Leafy Greens,Kano,Jos,12.0,8.52,9.92,8.89,3779.6,1070185.0,285.7,5.47,0.28,5.75,48,0.12,0,31.1,35.3,10,25.3,88.5,good,0.0,good,0,0.5509,1,0.4406,0,5.52
XB-20243246,Peppers,Abuja,Zaria,9.07,7.4,11.08,7.71,4169.0,785128.0,310.6,4.91,0.16,5.07,96,0.053,1,25.2,28.1,22,6.1,86.9,good,0.0,excellent,0,0.2636,0,0.0996,0,2.8
XB-20243247,Mangoes,Jos,Abuja,9.92,8.89,9.07,7.4,2986.9,629059.0,287.8,6.05,0.73,6.78,96,0.071,0,32.5,36.8,20,16.8,74.0,fair,0.84,good,1,0.5228,1,0.4656,0,5.72
XB-20243248,Tomatoes,Kaduna,Enugu,10.52,7.44,6.44,7.5,3205.5,1061274.0,708.2,17.5,0.34,17.84,72,0.248,0,39.1,46.0,25,21.0,60.3,fair,0.651,good,0,0.5563,1,0.3951,0,5.16
XB-20243249,Leafy Greens,Kano,Port Harcourt,12.0,8.52,4.82,7.04,4634.0,1416253.0,1139.1,17.56,0.96,18.52,48,0.386,0,37.6,44.6,10,34.6,55.7,poor,2.646,fair,2,0.6489,1,0.5706,0,6.56
XB-20243250,Tomatoes,Zaria,Kaduna,11.08,7.71,10.52,7.44,1599.6,580604.0,96.6,1.59,2.09,3.68,72,0.051,0,35.9,38.3,25,13.3,79.5,good,0.0,fair,1,0.4143,0,0.472,1,5.78
XB-20243251,Fresh Fish,Zaria,Kaduna,11.08,7.71,10.52,7.44,700.3,402851.0,92.9,2.38,4.63,7.02,24,0.292,1,5.7,10.1,4,6.1,63.1,good,0.0,good,2,0.2196,0,0.3868,0,5.09
XB-20243252,Fresh Fish,Zaria,Ibadan,11.08,7.71,7.38,3.93,3207.2,1839075.0,802.8,21.41,1.14,22.55,24,0.94,1,5.1,7.8,4,3.8,70.7,fair,1.47,excellent,0,0.352,0,0.188,0,3.5
XB-20243253,Leafy Greens,Jos,Enugu,9.92,8.89,6.44,7.5,3055.0,825898.0,663.1,16.07,0.21,16.29,48,0.339,1,9.7,13.6,10,3.6,61.0,good,0.0,fair,1,0.1319,0,0.3526,0,4.82
XB-20243254,Dairy,Kano,Ibadan,12.0,8.52,7.38,3.93,1985.7,846258.0,1012.0,27.83,2.79,30.62,48,0.638,0,28.2,36.2,6,30.2,61.7,good,0.0,poor,0,0.6477,1,0.7081,1,7.66
XB-20243255,Strawberries,Kaduna,Zaria,10.52,7.44,11.08,7.71,4811.0,3558492.0,103.6,1.96,1.28,3.24,36,0.09,1,7.7,14.8,8,6.8,69.4,fair,1.137,good,0,0.3006,0,0.1662,0,3.33
XB-20243256,Leafy Greens,Lagos,Jos,6.52,3.38,9.92,8.89,4600.5,1270748.0,1143.1,21.65,0.31,21.96,48,0.457,1,12.2,16.8,10,6.8,71.0,fair,1.198,excellent,0,0.327,0,0.2822,0,4.26
XB-20243257,Dairy,Abuja,Kaduna,9.07,7.4,10.52,7.44,2781.3,1143100.0,241.4,5.24,0.73,5.97,48,0.124,0,27.7,32.2,6,26.2,75.7,poor,2.06,poor,1,0.5806,0,0.7324,1,7.86
XB-20243258,Strawberries,Kano,Ibadan,12.0,8.52,7.38,3.93,426.1,365773.0,867.9,18.25,1.73,19.98,36,0.555,1,10.9,15.8,8,7.8,79.9,fair,1.052,poor,2,0.5479,0,0.6626,1,7.3
XB-20243259,Fresh Fish,Port Harcourt,Jos,4.82,7.04,9.92,8.89,4219.2,2760273.0,879.0,17.03,1.82,18.84,24,0.785,1,7.3,9.9,4,5.9,62.6,fair,0.594,fair,1,0.4853,0,0.4999,0,6.0
XB-20243260,Dairy,Zaria,Ibadan,11.08,7.71,7.38,3.93,3923.6,1799822.0,781.2,21.63,2.9,24.53,48,0.511,1,9.7,15.1,6,9.1,72.7,poor,2.836,good,0,0.6199,1,0.3937,0,5.15
XB-20243261,Strawberries,Lagos,Enugu,6.52,3.38,6.44,7.5,1349.9,1070668.0,629.3,14.74,2.01,16.75,36,0.465,0,34.8,42.7,8,34.7,59.6,poor,1.077,good,0,0.7109,1,0.4239,0,5.39
XB-20243262,Tomatoes,Lagos,Port Harcourt,6.52,3.38,4.82,7.04,1005.1,375783.0,621.8,16.44,0.58,17.02,72,0.236,1,23.8,29.6,25,4.6,55.3,poor,1.085,poor,2,0.4388,0,0.6571,1,7.26
XB-20243263,Tomatoes,Abuja,Port Harcourt,9.07,7.4,4.82,7.04,4258.2,1625228.0,647.8,10.14,3.58,13.72,72,0.191,0,39.2,41.8,25,16.8,78.3,fair,1.187,good,1,0.561,1,0.4911,0,5.93
XB-20243264,Dairy,Zaria,Jos,11.08,7.71,9.92,8.89,4261.4,1873709.0,257.4,5.34,1.8,7.13,48,0.149,0,30.8,32.8,6,26.8,89.7,fair,1.163,poor,1,0.5874,0,0.606,0,6.85
XB-20243265,Strawberries,Kaduna,Zaria,10.52,7.44,11.08,7.71,2457.9,1932935.0,84.9,1.66,0.12,1.78,36,0.049,0,40.2,45.7,8,37.7,91.2,fair,0.527,good,0,0.5603,1,0.2971,0,4.38
XB-20243266,Tomatoes,Lagos,Abuja,6.52,3.38,9.07,7.4,3570.2,1261729.0,657.6,13.13,0.57,13.7,72,0.19,0,34.3,36.8,25,11.8,74.5,fair,0.878,good,0,0.5064,1,0.5123,1,6.1
XB-20243267,Tomatoes,Kano,Lagos,12.0,8.52,6.52,3.38,1668.4,622584.0,1303.7,34.21,0.95,35.15,72,0.488,0,22.4,26.2,25,1.2,75.7,fair,0.61,good,0,0.1956,0,0.2621,0,4.1
XB-20243268,Fresh Fish,Lagos,Ibadan,6.52,3.38,7.38,3.93,1081.3,711634.0,171.0,2.8,0.68,3.48,24,0.145,0,37.8,43.9,4,39.9,85.6,fair,1.299,good,1,0.5438,1,0.4187,0,5.35
XB-20243269,Strawberries,Kaduna,Jos,10.52,7.44,9.92,8.89,4124.2,2986550.0,250.3,4.22,2.34,6.56,36,0.182,0,29.6,32.4,8,24.4,74.2,poor,2.749,fair,0,0.5819,1,0.3972,0,5.18
XB-20243270,Strawberries,Zaria,Kaduna,11.08,7.71,10.52,7.44,547.5,413186.0,101.4,1.62,0.2,1.82,36,0.051,0,36.0,41.0,8,33.0,67.0,good,0.0,excellent,0,0.4978,1,0.2282,0,3.83
XB-20243271,Leafy Greens,Kaduna,Abuja,10.52,7.44,9.07,7.4,4803.6,1255772.0,245.9,4.96,0.32,5.27,48,0.11,0,30.4,37.9,10,27.9,90.0,fair,1.437,excellent,0,0.6123,1,0.2577,0,4.06
XB-20243272,Mangoes,Lagos,Ibadan,6.52,3.38,7.38,3.93,4977.3,952193.0,177.3,2.94,1.42,4.36,96,0.045,1,24.0,26.3,20,6.3,89.2,good,0.0,excellent,0,0.2746,0,0.147,0,3.18
XB-20243273,Fresh Fish,Onitsha,Zaria,6.14,6.79,11.08,7.71,2108.5,1192828.0,681.8,10.59,0.53,11.11,24,0.463,0,29.0,31.5,4,27.5,71.5,good,0.0,fair,0,0.6871,1,0.6128,0,6.9
XB-20243274,Strawberries,Jos,Kano,9.92,8.89,12.0,8.52,3122.5,2546142.0,373.5,6.05,0.78,6.83,36,0.19,1,9.3,14.6,8,6.6,60.9,poor,2.464,good,0,0.3919,0,0.3685,0,4.95
XB-20243275,Fresh Fish,Lagos,Enugu,6.52,3.38,6.44,7.5,2126.9,1286497.0,660.9,13.22,0.23,13.45,24,0.56,1,7.0,9.2,4,5.2,62.5,poor,1.132,excellent,0,0.3933,0,0.2097,0,3.68
XB-20243276,Strawberries,Zaria,Jos,11.08,7.71,9.92,8.89,1245.8,904705.0,243.8,4.06,0.19,4.24,36,0.118,0,25.9,33.4,8,25.4,80.1,fair,0.893,good,0,0.4766,0,0.2733,0,4.19
XB-20243277,Peppers,Kaduna,Abuja,10.52,7.44,9.07,7.4,4734.2,809365.0,210.2,3.65,3.32,6.97,96,0.073,0,34.0,37.1,22,15.1,71.0,fair,1.152,fair,1,0.3874,1,0.4883,1,5.91
XB-20243278,Fresh Fish,Kano,Port Harcourt,12.0,8.52,4.82,7.04,359.7,225053.0,1151.8,29.29,0.53,29.83,24,1.243,1,4.3,8.6,4,4.6,84.4,good,0.0,good,0,0.5511,1,0.4515,0,5.61
XB-20243279,Fresh Fish,Zaria,Jos,11.08,7.71,9.92,8.89,1286.7,754703.0,277.1,4.69,0.05,4.73,24,0.197,0,27.8,35.0,4,31.0,70.3,fair,0.858,good,0,0.521,1,0.3637,0,4.91
XB-20243280,Dairy,Onitsha,Enugu,6.14,6.79,6.44,7.5,2879.5,1286575.0,117.7,3.19,2.3,5.5,48,0.114,0,35.2,38.3,6,32.3,69.4,fair,0.881,good,0,0.424,0,0.3133,0,4.51
XB-20243281,Tomatoes,Port Harcourt,Jos,4.82,7.04,9.92,8.89,3345.6,1098155.0,767.7,11.94,1.1,13.04,72,0.181,0,32.7,34.9,25,9.9,74.9,poor,1.104,poor,1,0.5456,1,0.6343,0,7.07
XB-20243282,Dairy,Jos,Ibadan,9.92,8.89,7.38,3.93,461.3,209902.0,766.1,14.25,0.26,14.51,48,0.302,0,37.2,44.1,6,38.1,82.5,good,0.0,poor,1,0.6478,1,0.6758,1,7.41
XB-20243283,Peppers,Lagos,Onitsha,6.52,3.38,6.14,6.79,4182.7,825391.0,604.5,9.37,0.92,10.29,96,0.107,0,35.3,40.9,22,18.9,85.4,poor,2.048,good,1,0.6828,1,0.5434,1,6.35
XB-20243284,Tomatoes,Ibadan,Jos,7.38,3.93,9.92,8.89,4543.2,1491563.0,932.8,15.08,0.36,15.45,72,0.215,0,33.5,37.6,25,12.6,57.3,fair,1.197,good,0,0.5001,1,0.3451,0,4.76
XB-20243285,Dairy,Enugu,Lagos,6.44,7.5,6.52,3.38,2170.4,956630.0,699.5,17.69,1.13,18.82,48,0.392,0,33.6,40.2,6,34.2,81.7,good,0.0,poor,2,0.5696,1,0.6816,1,7.45
XB-20243286,Leafy Greens,Onitsha,Lagos,6.14,6.79,6.52,3.38,2481.5,629476.0,599.3,12.87,0.48,13.35,48,0.278,1,9.5,13.4,10,3.4,88.7,good,0.0,fair,0,0.2667,0,0.375,0,5.0
XB-20243287,Mangoes,Onitsha,Ibadan,6.14,6.79,7.38,3.93,1906.5,396622.0,459.1,8.37,0.09,8.47,96,0.088,1,21.8,26.6,20,6.6,82.0,fair,1.338,excellent,0,0.443,0,0.2487,0,3.99
XB-20243288,Mangoes,Port Harcourt,Zaria,4.82,7.04,11.08,7.71,1490.5,284294.0,939.6,14.85,0.59,15.43,96,0.161,1,19.9,25.9,20,5.9,65.7,fair,1.06,fair,2,0.4475,1,0.474,0,5.79
XB-20243289,Dairy,Kaduna,Kano,10.52,7.44,12.0,8.52,417.6,178467.0,310.3,4.86,1.48,6.35,48,0.132,0,30.7,38.3,6,32.3,69.1,poor,2.086,good,0,0.3123,0,0.258,0,4.06
XB-20243290,Dairy,Abuja,Port Harcourt,9.07,7.4,4.82,7.04,761.6,299787.0,717.5,13.95,0.21,14.15,48,0.295,1,8.3,15.4,6,9.4,88.9,fair,1.48,excellent,0,0.4408,0,0.2532,0,4.03
XB-20243291,Tomatoes,Lagos,Kaduna,6.52,3.38,10.52,7.44,3803.1,1232214.0,852.3,22.69,0.18,22.87,72,0.318,1,28.7,36.1,25,11.1,67.3,poor,2.649,excellent,0,0.4298,1,0.1489,0,3.19
XB-20243292,Fresh Fish,Kano,Onitsha,12.0,8.52,6.14,6.79,4153.2,2551959.0,1020.3,20.06,1.92,21.98,24,0.916,1,6.1,10.1,4,6.1,73.1,poor,2.154,fair,0,0.6311,1,0.4852,1,5.88
XB-20243293,Tomatoes,Lagos,Port Harcourt,6.52,3.38,4.82,7.04,2032.6,724433.0,691.5,11.97,0.33,12.3,72,0.171,0,28.3,36.2,25,11.2,65.5,poor,1.381,poor,1,0.4891,1,0.5513,1,6.41
XB-20243294,Dairy,Jos,Port Harcourt,9.92,8.89,4.82,7.04,2616.4,1063443.0,884.3,18.04,4.77,22.81,48,0.475,1,8.5,11.7,6,5.7,82.0,fair,0.791,good,0,0.5703,1,0.3967,0,5.17
XB-20243295,Peppers,Kano,Onitsha,12.0,8.52,6.14,6.79,4550.5,874563.0,1082.8,29.54,1.0,30.54,96,0.318,1,22.6,28.7,22,6.7,65.5,fair,0.707,fair,1,0.3589,0,0.4463,0,5.57
XB-20243296,Leafy Greens,Kaduna,Zaria,10.52,7.44,11.08,7.71,616.4,188549.0,98.2,2.16,0.44,2.6,48,0.054,1,10.8,16.9,10,6.9,87.1,good,0.0,good,0,0.2144,0,0.1782,0,3.43
XB-20243297,Fresh Fish,Lagos,Enugu,6.52,3.38,6.44,7.5,3870.2,2501045.0,605.8,14.31,2.0,16.31,24,0.679,0,33.3,35.7,4,31.7,75.8,fair,0.515,poor,0,0.8437,1,0.7197,1,7.76
XB-20243298,Peppers,Port Harcourt,Kaduna,4.82,7.04,10.52,7.44,596.8,100242.0,925.7,23.66,1.36,25.02,96,0.261,0,45.0,48.6,22,26.6,69.6,fair,1.472,good,0,0.4263,1,0.2582,0,4.07
XB-20243299,Leafy Greens,Port Harcourt,Onitsha,4.82,7.04,6.14,6.79,859.6,217866.0,190.2,2.94,2.67,5.61,48,0.117,0,29.9,36.3,10,26.3,90.6,poor,2.787,good,0,0.6197,1,0.4293,0,5.43
XB-20243300,Mangoes,Onitsha,Port Harcourt,6.14,6.79,4.82,7.04,3451.3,694058.0,232.9,5.38,2.19,7.57,96,0.079,1,22.3,26.3,20,6.3,86.6,poor,1.405,good,0,0.3443,0,0.224,0,3.79
XB-20243301,Strawberries,Enugu,Kano,6.44,7.5,12.0,8.52,1576.2,1187745.0,754.4,14.91,6.65,21.55,36,0.599,0,32.6,35.2,8,27.2,87.4,poor,1.343,poor,1,0.8639,1,0.7119,1,7.7
XB-20243302,Tomatoes,Kano,Jos,12.0,8.52,9.92,8.89,2558.4,956557.0,290.2,4.87,0.0,4.88,72,0.068,1,28.1,30.4,25,5.4,78.2,poor,1.51,good,0,0.2443,0,0.2189,0,3.75
XB-20243303,Leafy Greens,Onitsha,Ibadan,6.14,6.79,7.38,3.93,3491.9,897362.0,418.8,10.2,2.19,12.39,48,0.258,1,8.7,13.5,10,3.5,61.0,good,0.0,poor,2,0.1582,0,0.4888,0,5.91
XB-20243304,Dairy,Lagos,Enugu,6.52,3.38,6.44,7.5,3077.4,1415488.0,712.4,20.06,1.68,21.73,48,0.453,0,37.0,44.3,6,38.3,55.1,fair,0.512,good,0,0.699,1,0.5295,1,6.24
XB-20243305,Leafy Greens,Ibadan,Port Harcourt,7.38,3.93,4.82,7.04,1705.3,441794.0,585.9,15.79,2.83,18.62,48,0.388,1,13.4,18.4,10,8.4,76.0,fair,1.145,good,0,0.3601,0,0.2938,0,4.35
XB-20243306,Leafy Greens,Onitsha,Zaria,6.14,6.79,11.08,7.71,1992.6,600615.0,771.9,12.29,0.64,12.93,48,0.269,0,39.1,42.2,10,32.2,66.0,fair,0.601,good,0,0.6,1,0.336,0,4.69
XB-20243307,Fresh Fish,Abuja,Jos,9.07,7.4,9.92,8.89,326.4,207044.0,269.4,4.6,1.3,5.9,24,0.246,0,36.5,39.8,4,35.8,56.3,fair,0.567,good,0,0.5354,1,0.3776,0,5.02
XB-20243308,Mangoes,Port Harcourt,Enugu,4.82,7.04,6.44,7.5,4922.0,1065715.0,244.0,6.09,0.92,7.01,96,0.073,0,37.7,41.9,20,21.9,75.3,fair,0.612,good,0,0.4359,1,0.2713,0,4.17
XB-20243309,Fresh Fish,Enugu,Port Harcourt,6.44,7.5,4.82,7.04,1696.9,984555.0,240.1,4.69,3.02,7.7,24,0.321,1,5.0,12.6,4,8.6,74.8,poor,1.176,good,0,0.52,0,0.3804,0,5.04
XB-20243310,Peppers,Onitsha,Abuja,6.14,6.79,9.07,7.4,3639.0,629934.0,503.6,8.5,0.1,8.61,96,0.09,0,34.4,37.9,22,15.9,88.2,fair,1.03,excellent,0,0.5588,1,0.3108,0,4.49
XB-20243311,Tomatoes,Zaria,Abuja,11.08,7.71,9.07,7.4,1527.9,519630.0,360.6,6.72,1.62,8.34,72,0.116,1,26.8,30.8,25,5.8,63.4,fair,1.196,poor,0,0.3939,0,0.66,0,7.28
XB-20243312,Peppers,Ibadan,Jos,7.38,3.93,9.92,8.89,1659.5,271058.0,917.1,21.07,0.64,21.7,96,0.226,1,25.2,28.5,22,6.5,71.5,fair,1.265,good,0,0.1989,0,0.2637,0,4.11
XB-20243313,Leafy Greens,Kaduna,Ibadan,10.52,7.44,7.38,3.93,2628.4,730832.0,748.7,13.86,0.11,13.97,48,0.291,0,27.1,31.9,10,21.9,81.3,fair,1.41,fair,0,0.5263,1,0.496,1,5.97
XB-20243314,Mangoes,Zaria,Enugu,11.08,7.71,6.44,7.5,1857.2,363270.0,781.1,18.57,1.8,20.37,96,0.212,0,33.9,36.9,20,16.9,77.6,good,0.0,poor,1,0.376,0,0.5434,1,6.35
XB-20243315,Tomatoes,Port Harcourt,Jos,4.82,7.04,9.92,8.89,2359.1,901236.0,763.8,20.36,0.36,20.72,72,0.288,1,23.7,27.9,25,2.9,59.2,poor,1.565,good,1,0.2394,0,0.189,0,3.51
XB-20243316,Mangoes,Ibadan,Jos,7.38,3.93,9.92,8.89,2370.3,427368.0,846.7,19.41,0.39,19.79,96,0.206,1,18.8,23.8,20,3.8,71.8,good,0.0,poor,0,0.0829,0,0.4098,0,5.28
XB-20243317,Mangoes,Zaria,Kaduna,11.08,7.71,10.52,7.44,3953.6,862395.0,95.8,1.82,0.37,2.19,96,0.023,0,30.8,37.7,20,17.7,81.6,poor,2.904,good,0,0.6452,1,0.3464,0,4.77
XB-20243318,Tomatoes,Ibadan,Zaria,7.38,3.93,11.08,7.71,1269.5,472641.0,889.2,24.69,0.88,25.57,72,0.355,0,33.3,35.8,25,10.8,74.0,good,0.0,excellent,0,0.553,1,0.2263,0,3.81
XB-20243319,Fresh Fish,Enugu,Kaduna,6.44,7.5,10.52,7.44,819.9,468666.0,585.3,16.1,2.94,19.04,24,0.793,0,29.6,34.2,4,30.2,89.3,fair,1.209,good,0,0.8411,1,0.5122,0,6.1
XB-20243320,Tomatoes,Jos,Kano,9.92,8.89,12.0,8.52,4625.4,1697183.0,338.2,5.54,1.98,7.52,72,0.104,0,38.8,43.7,25,18.7,58.5,poor,1.833,good,0,0.657,1,0.3966,0,5.17
XB-20243321,Fresh Fish,Port Harcourt,Jos,4.82,7.04,9.92,8.89,1962.6,1291480.0,927.4,17.55,2.2,19.75,24,0.823,0,31.7,39.5,4,35.5,66.9,poor,2.815,excellent,0,0.8044,1,0.3482,0,4.79
XB-20243322,Peppers,Port Harcourt,Zaria,4.82,7.04,11.08,7.71,2911.1,482604.0,1055.6,26.03,1.32,27.35,96,0.285,0,31.1,38.1,22,16.1,62.5,fair,0.886,poor,0,0.476,1,0.5559,0,6.45
XB-20243323,Fresh Fish,Ibadan,Port Harcourt,7.38,3.93,4.82,7.04,4689.8,2882997.0,709.6,14.47,1.58,16.05,24,0.669,1,5.9,10.8,4,6.8,71.9,poor,1.616,excellent,0,0.4644,1,0.2331,0,3.87
XB-20243324,Dairy,Kano,Onitsha,12.0,8.52,6.14,6.79,4347.0,1968946.0,1075.1,19.07,0.09,19.16,48,0.399,1,10.0,14.8,6,8.8,83.2,poor,2.307,excellent,0,0.4141,1,0.2413,0,3.93
XB-20243325,Strawberries,Kano,Kaduna,12.0,8.52,10.52,7.44,2985.6,2410334.0,302.9,4.79,4.73,9.52,36,0.264,0,38.7,45.6,8,37.6,82.8,fair,0.889,good,2,0.6877,1,0.4851,1,5.88
XB-20243326,Mangoes,Kano,Zaria,12.0,8.52,11.08,7.71,4660.9,980792.0,184.2,3.92,3.96,7.88,96,0.082,0,27.7,35.2,20,15.2,86.2,good,0.0,fair,0,0.47,0,0.3511,0,4.81
XB-20243327,Peppers,Kano,Lagos,12.0,8.52,6.52,3.38,1055.7,205081.0,1055.6,25.52,2.73,28.25,96,0.294,0,28.0,32.4,22,10.4,71.0,poor,2.212,fair,0,0.698,1,0.589,1,6.71
XB-20243328,Strawberries,Kaduna,Enugu,10.52,7.44,6.44,7.5,663.7,502243.0,551.8,13.03,0.69,13.73,36,0.381,1,11.1,14.6,8,6.6,75.8,good,0.0,good,0,0.2914,0,0.2672,0,4.14
XB-20243329,Dairy,Port Harcourt,Kaduna,4.82,7.04,10.52,7.44,1736.6,684529.0,923.8,22.31,3.0,25.31,48,0.527,0,38.9,44.8,6,38.8,86.7,good,0.0,good,1,0.8124,1,0.5749,1,6.6
XB-20243330,Peppers,Zaria,Ibadan,11.08,7.71,7.38,3.93,2941.6,577883.0,928.7,22.81,0.08,22.89,96,0.238,0,31.6,38.1,22,16.1,91.7,fair,0.652,good,0,0.62,0,0.4961,0,5.97
XB-20243331,Strawberries,Kaduna,Kano,10.52,7.44,12.0,8.52,3741.9,3010025.0,315.9,4.97,2.65,7.62,36,0.212,0,25.4,29.5,8,21.5,69.4,poor,2.484,fair,0,0.5189,1,0.4519,0,5.62
XB-20243332,Peppers,Ibadan,Kano,7.38,3.93,12.0,8.52,2648.7,465524.0,907.7,19.98,0.93,20.91,96,0.218,0,26.3,31.5,22,9.5,56.8,poor,2.428,excellent,0,0.3943,0,0.1767,0,3.41
XB-20243333,Peppers,Enugu,Jos,6.44,7.5,9.92,8.89,4164.6,779227.0,518.5,11.04,2.89,13.93,96,0.145,0,39.7,42.3,22,20.3,60.8,poor,1.059,excellent,0,0.4487,0,0.1924,0,3.54
XB-20243334,Dairy,Zaria,Onitsha,11.08,7.71,6.14,6.79,290.4,120145.0,692.3,16.43,0.46,16.9,48,0.352,1,4.1,9.5,6,3.5,75.3,fair,0.66,poor,0,0.1852,0,0.3735,0,4.99
XB-20243335,Strawberries,Kaduna,Ibadan,10.52,7.44,7.38,3.93,3974.4,3155319.0,725.3,15.06,0.44,15.49,36,0.43,0,32.4,38.4,8,30.4,83.5,poor,1.452,good,0,0.6301,1,0.4199,0,5.36
XB-20243336,Tomatoes,Onitsha,Enugu,6.14,6.79,6.44,7.5,4151.3,1399095.0,117.3,2.95,2.02,4.97,72,0.069,0,32.4,35.8,25,10.8,85.9,fair,0.896,good,1,0.6182,0,0.5486,1,6.39
XB-20243337,Strawberries,Port Harcourt,Jos,4.82,7.04,9.92,8.89,1059.3,787236.0,828.1,19.32,2.0,21.32,36,0.592,1,11.6,13.6,8,5.6,90.2,fair,0.788,fair,0,0.5209,1,0.4084,0,5.27
XB-20243338,Tomatoes,Kano,Zaria,12.0,8.52,11.08,7.71,4960.8,1894370.0,171.9,3.31,0.56,3.87,72,0.054,1,23.2,28.7,25,3.7,61.9,good,0.0,excellent,0,0.1636,0,0.0924,0,2.74
XB-20243339,Fresh Fish,Abuja,Kano,9.07,7.4,12.0,8.52,3816.6,2470910.0,492.2,10.06,0.23,10.29,24,0.429,1,5.0,10.9,4,6.9,70.7,fair,0.821,excellent,0,0.4365,0,0.2391,0,3.91
XB-20243340,Fresh Fish,Onitsha,Enugu,6.14,6.79,6.44,7.5,4663.7,2708005.0,119.0,1.86,0.0,1.86,24,0.078,0,36.0,39.7,4,35.7,59.3,good,0.0,good,1,0.456,1,0.382,0,5.06
XB-20243341,Leafy Greens,Kaduna,Abuja,10.52,7.44,9.07,7.4,1064.1,315550.0,207.1,4.76,0.36,5.12,48,0.107,1,8.4,12.6,10,2.6,57.0,good,0.0,good,0,0.1116,0,0.1963,0,3.57
XB-20243342,Dairy,Zaria,Onitsha,11.08,7.71,6.14,6.79,1971.9,784832.0,821.0,20.62,2.64,23.26,48,0.485,1,6.2,9.8,6,3.8,83.1,poor,1.39,excellent,0,0.3473,0,0.051,0,2.41
XB-20243343,Tomatoes,Jos,Lagos,9.92,8.89,6.52,3.38,4894.1,1655774.0,1099.9,17.97,0.76,18.73,72,0.26,1,23.8,29.8,25,4.8,73.8,fair,0.803,fair,0,0.2107,0,0.3193,0,4.55
XB-20243344,Fresh Fish,Onitsha,Kano,6.14,6.79,12.0,8.52,4440.2,2667253.0,1084.7,21.47,1.91,23.39,24,0.974,0,38.3,45.1,4,41.1,65.3,poor,1.161,excellent,0,0.8344,1,0.4515,0,5.61
XB-20243345,Fresh Fish,Kano,Zaria,12.0,8.52,11.08,7.71,3196.3,2078842.0,209.6,3.37,1.59,4.96,24,0.207,0,34.2,37.1,4,33.1,80.4,poor,2.089,excellent,0,0.6785,1,0.4543,0,5.63
XB-20243346,Strawberries,Lagos,Port Harcourt,6.52,3.38,4.82,7.04,1085.2,849213.0,680.2,15.28,0.03,15.31,36,0.425,1,8.4,15.5,8,7.5,82.5,poor,1.762,excellent,0,0.4788,1,0.2907,0,4.33
XB-20243347,Strawberries,Zaria,Abuja,11.08,7.71,9.07,7.4,1278.6,1109220.0,288.5,6.82,0.09,6.91,36,0.192,0,27.5,29.9,8,21.9,72.0,fair,1.006,poor,1,0.499,1,0.6254,1,7.0
XB-20243348,Mangoes,Kaduna,Enugu,10.52,7.44,6.44,7.5,1517.2,295360.0,621.8,10.02,0.06,10.07,96,0.105,1,19.6,23.5,20,3.5,67.7,good,0.0,excellent,0,0.1342,0,0.1116,0,2.89
XB-20243349,Strawberries,Port Harcourt,Onitsha,4.82,7.04,6.14,6.79,3897.6,3116599.0,201.8,3.95,2.94,6.89,36,0.191,0,34.4,38.8,8,30.8,72.1,fair,0.953,good,0,0.5667,1,0.4593,0,5.67
XB-20243350,Leafy Greens,Kaduna,Port Harcourt,10.52,7.44,4.82,7.04,4461.6,1156072.0,880.7,17.02,1.14,18.16,48,0.378,1,9.8,13.6,10,3.6,74.7,good,0.0,good,0,0.196,0,0.2562,0,4.05
XB-20243351,Leafy Greens,Enugu,Zaria,6.44,7.5,11.08,7.71,1526.9,422411.0,710.2,12.62,1.69,14.3,48,0.298,1,10.9,14.5,10,4.5,64.5,fair,1.206,good,0,0.3042,0,0.2864,0,4.29
XB-20243352,Fresh Fish,Kano,Jos,12.0,8.52,9.92,8.89,233.4,152141.0,367.6,7.29,0.57,7.86,24,0.327,0,38.4,45.7,4,41.7,80.7,fair,0.661,good,1,0.677,1,0.4911,1,5.93
XB-20243353,Fresh Fish,Kano,Zaria,12.0,8.52,11.08,7.71,537.7,352409.0,192.6,3.8,2.74,6.54,24,0.272,1,7.4,10.1,4,6.1,58.8,fair,0.966,fair,0,0.2007,0,0.1943,0,3.55
XB-20243354,Strawberries,Jos,Onitsha,9.92,8.89,6.14,6.79,677.8,567590.0,747.0,12.94,0.09,13.03,36,0.362,0,29.1,36.7,8,28.7,59.4,fair,0.719,good,0,0.4812,1,0.3329,0,4.66
XB-20243355,Fresh Fish,Onitsha,Abuja,6.14,6.79,9.07,7.4,3289.0,1943615.0,438.7,8.06,0.45,8.51,24,0.355,1,3.7,9.5,4,5.5,89.0,fair,1.195,fair,1,0.3892,1,0.5421,0,6.34
XB-20243356,Dairy,Abuja,Jos,9.07,7.4,9.92,8.89,4298.0,1743898.0,242.7,4.24,0.44,4.68,48,0.097,0,30.6,34.0,6,28.0,61.5,poor,2.222,good,0,0.5856,1,0.3532,0,4.83
XB-20243357,Leafy Greens,Kaduna,Lagos,10.52,7.44,6.52,3.38,2212.5,673543.0,909.0,24.65,0.2,24.85,48,0.518,1,9.0,13.0,10,3.0,61.6,poor,2.818,poor,0,0.3489,0,0.509,1,6.07
XB-20243358,Strawberries,Onitsha,Ibadan,6.14,6.79,7.38,3.93,3210.3,2477024.0,419.4,8.89,1.68,10.57,36,0.294,1,8.9,15.5,8,7.5,73.7,fair,0.97,good,1,0.3833,0,0.3779,0,5.02
XB-20243359,Mangoes,Onitsha,Kano,6.14,6.79,12.0,8.52,4087.0,857024.0,889.2,23.69,0.59,24.28,96,0.253,1,21.2,27.3,20,7.3,88.7,fair,1.156,poor,1,0.3494,0,0.5907,0,6.73
XB-20243360,Dairy,Abuja,Lagos,9.07,7.4,6.52,3.38,4303.4,1679613.0,824.6,19.09,5.32,24.41,48,0.509,1,6.0,12.9,6,6.9,66.9,poor,1.411,fair,1,0.5886,0,0.5782,1,6.63
XB-20243361,Strawberries,Zaria,Kaduna,11.08,7.71,10.52,7.44,2197.2,1903949.0,98.2,2.13,0.14,2.27,36,0.063,1,8.7,11.9,8,3.9,68.7,poor,2.305,excellent,0,0.1234,0,0.0353,0,2.28
XB-20243362,Leafy Greens,Kano,Zaria,12.0,8.52,11.08,7.71,4475.6,1254939.0,193.8,3.92,3.92,7.84,48,0.163,0,27.8,33.3,10,23.3,91.2,poor,2.551,good,1,0.6075,1,0.4991,1,5.99
XB-20243363,Fresh Fish,Zaria,Lagos,11.08,7.71,6.52,3.38,3783.6,2236236.0,1043.5,18.5,2.9,21.39,24,0.891,1,7.7,14.5,4,10.5,91.0,poor,1.62,excellent,0,0.6944,1,0.3078,0,4.46
XB-20243364,Mangoes,Enugu,Abuja,6.44,7.5,9.07,7.4,1193.1,257857.0,360.0,9.93,1.3,11.23,96,0.117,1,18.2,24.6,20,4.6,84.9,poor,1.719,good,1,0.3615,0,0.3724,0,4.98
XB-20243365,Tomatoes,Jos,Port Harcourt,9.92,8.89,4.82,7.04,1371.0,486161.0,924.1,19.9,1.03,20.93,72,0.291,0,33.0,39.9,25,14.9,63.1,poor,1.067,poor,1,0.4872,0,0.6,0,6.8
XB-20243366,Peppers,Port Harcourt,Ibadan,4.82,7.04,7.38,3.93,2592.3,420201.0,597.9,9.29,2.68,11.97,96,0.125,0,28.1,33.8,22,11.8,82.6,poor,2.563,good,0,0.6552,1,0.4018,0,5.21
XB-20243367,Mangoes,Zaria,Ibadan,11.08,7.71,7.38,3.93,1930.6,357939.0,728.4,16.97,2.1,19.07,96,0.199,0,32.8,37.7,20,17.7,71.4,fair,0.574,poor,1,0.4947,1,0.6859,1,7.49
XB-20243368,Dairy,Enugu,Kaduna,6.44,7.5,10.52,7.44,1414.6,590573.0,594.2,9.31,0.93,10.24,48,0.213,1,7.0,11.0,6,5.0,58.6,fair,1.27,fair,1,0.1821,0,0.3348,0,4.68
XB-20243369,Mangoes,Kano,Jos,12.0,8.52,9.92,8.89,519.7,96982.0,309.3,5.99,3.87,9.87,96,0.103,1,20.7,28.4,20,8.4,82.2,fair,0.771,good,0,0.4083,0,0.2732,0,4.19
XB-20243370,Mangoes,Lagos,Jos,6.52,3.38,9.92,8.89,917.1,187457.0,943.5,17.55,2.11,19.66,96,0.205,0,35.0,41.3,20,21.3,85.3,poor,1.007,fair,2,0.577,1,0.6729,1,7.38
XB-20243371,Strawberries,Onitsha,Ibadan,6.14,6.79,7.38,3.93,4266.5,3703283.0,490.5,9.5,0.64,10.14,36,0.282,0,29.4,36.5,8,28.5,62.0,good,0.0,excellent,0,0.5053,0,0.2995,0,4.4
XB-20243372,Leafy Greens,Abuja,Onitsha,9.07,7.4,6.14,6.79,3012.9,920700.0,426.6,9.83,1.63,11.46,48,0.239,0,32.3,37.3,10,27.3,71.9,fair,0.649,fair,2,0.516,1,0.536,1,6.29
XB-20243373,Leafy Greens,Onitsha,Lagos,6.14,6.79,6.52,3.38,3130.6,962973.0,552.5,14.93,4.41,19.34,48,0.403,1,9.7,16.5,10,6.5,56.0,fair,1.103,good,1,0.4084,0,0.3782,0,5.03
XB-20243374,Strawberries,Zaria,Kano,11.08,7.71,12.0,8.52,1549.9,1188073.0,193.6,5.4,0.44,5.83,36,0.162,1,8.2,13.7,8,5.7,63.0,fair,0.633,poor,0,0.2558,0,0.4807,0,5.85
XB-20243375,Peppers,Kano,Abuja,12.0,8.52,9.07,7.4,2506.5,494987.0,496.7,11.02,0.16,11.18,96,0.116,0,36.9,41.5,22,19.5,84.0,good,0.0,excellent,0,0.4061,0,0.2856,0,4.28
XB-20243376,Dairy,Ibadan,Port Harcourt,7.38,3.93,4.82,7.04,2519.3,1031908.0,544.0,12.57,0.9,13.47,48,0.281,0,39.4,46.8,6,40.8,91.8,good,0.0,good,0,0.4697,1,0.2991,0,4.39
XB-20243377,Peppers,Zaria,Kaduna,11.08,7.71,10.52,7.44,3057.6,541617.0,98.6,2.01,0.03,2.04,96,0.021,0,31.8,37.2,22,15.2,71.5,fair,1.138,poor,2,0.4937,1,0.7207,1,7.77
XB-20243378,Peppers,Abuja,Zaria,9.07,7.4,11.08,7.71,875.7,166839.0,310.5,7.3,0.44,7.75,96,0.081,1,25.5,33.0,22,11.0,58.7,fair,1.172,fair,0,0.2942,0,0.3676,0,4.94
XB-20243379,Peppers,Port Harcourt,Abuja,4.82,7.04,9.07,7.4,360.0,60518.0,611.1,12.94,1.5,14.45,96,0.15,0,33.6,35.9,22,13.9,90.8,fair,0.864,excellent,0,0.6052,1,0.3458,0,4.77
XB-20243380,Mangoes,Jos,Zaria,9.92,8.89,11.08,7.71,1814.8,336293.0,268.7,4.31,1.46,5.76,96,0.06,0,34.9,37.2,20,17.2,61.0,fair,0.848,excellent,0,0.5119,1,0.3721,0,4.98
XB-20243381,Dairy,Kaduna,Onitsha,10.52,7.44,6.14,6.79,4414.4,1769790.0,613.0,11.68,0.01,11.69,48,0.244,0,26.2,33.0,6,27.0,76.1,poor,1.169,fair,0,0.5989,1,0.5019,1,6.02
XB-20243382,Peppers,Lagos,Kaduna,6.52,3.38,10.52,7.44,2197.4,403665.0,879.3,19.83,0.61,20.45,96,0.213,0,39.2,45.7,22,23.7,57.0,fair,1.198,good,1,0.5305,1,0.5142,0,6.11
XB-20243383,Peppers,Kano,Ibadan,12.0,8.52,7.38,3.93,3919.0,734070.0,1028.0,19.76,1.06,20.82,96,0.217,0,31.0,37.9,22,15.9,62.4,fair,0.987,fair,0,0.6148,1,0.4318,0,5.45
XB-20243384,Leafy Greens,Onitsha,Kaduna,6.14,6.79,10.52,7.44,2821.0,822580.0,607.8,10.97,0.48,11.44,48,0.238,0,28.8,34.1,10,24.1,66.8,good,0.0,fair,0,0.4118,1,0.3689,0,4.95
XB-20243385,Dairy,Kano,Abuja,12.0,8.52,9.07,7.4,2124.3,943662.0,503.5,8.68,2.22,10.9,48,0.227,1,8.3,11.1,6,5.1,86.5,fair,1.349,fair,0,0.355,0,0.3638,0,4.91
XB-20243386,Tomatoes,Kaduna,Kano,10.52,7.44,12.0,8.52,4422.3,1629286.0,264.1,4.22,0.28,4.49,72,0.062,0,30.0,33.1,25,8.1,84.2,fair,0.697,good,0,0.4058,0,0.3166,0,4.53
XB-20243387,Peppers,Abuja,Kano,9.07,7.4,12.0,8.52,4494.1,858218.0,485.0,9.6,0.47,10.08,96,0.105,1,21.8,25.4,22,3.4,58.9,good,0.0,excellent,0,0.1056,0,0.071,0,2.57
XB-20243388,Fresh Fish,Abuja,Kaduna,9.07,7.4,10.52,7.44,1542.1,1005598.0,231.3,4.81,0.09,4.89,24,0.204,0,37.4,40.3,4,36.3,60.6,poor,1.58,excellent,0,0.5246,0,0.1519,0,3.22
XB-20243389,Dairy,Ibadan,Enugu,7.38,3.93,6.44,7.5,2043.6,872891.0,531.7,9.92,0.47,10.4,48,0.217,0,35.2,37.9,6,31.9,63.5,poor,1.073,poor,1,0.4687,0,0.5749,1,6.6
XB-20243390,Dairy,Zaria,Lagos,11.08,7.71,6.52,3.38,4714.7,2008063.0,878.1,17.77,1.2,18.97,48,0.395,1,7.0,10.7,6,4.7,72.1,fair,1.2,fair,0,0.3654,0,0.3608,0,4.89
XB-20243391,Dairy,Enugu,Onitsha,6.44,7.5,6.14,6.79,1737.9,674880.0,104.9,2.68,0.36,3.03,48,0.063,1,9.7,14.7,6,8.7,88.8,fair,0.658,fair,0,0.2063,0,0.3497,0,4.8
XB-20243392,Peppers,Kano,Jos,12.0,8.52,9.92,8.89,2818.3,482775.0,331.6,6.64,0.77,7.41,96,0.077,0,30.3,32.4,22,10.4,72.5,fair,1.105,poor,2,0.463,0,0.7748,1,8.2
XB-20243393,Leafy Greens,Zaria,Enugu,11.08,7.71,6.44,7.5,2048.3,539925.0,757.5,13.19,0.47,13.66,48,0.285,1,10.0,13.8,10,3.8,79.1,poor,1.125,fair,0,0.2671,0,0.4312,0,5.45
XB-20243394,Tomatoes,Enugu,Onitsha,6.44,7.5,6.14,6.79,4529.2,1514896.0,110.5,1.98,0.27,2.25,72,0.031,0,26.2,29.6,25,4.6,80.0,poor,2.987,excellent,0,0.4562,1,0.2086,0,3.67
XB-20243395,Mangoes,Port Harcourt,Kaduna,4.82,7.04,10.52,7.44,3945.4,813301.0,937.5,18.44,1.1,19.54,96,0.203,1,18.2,22.9,20,2.9,81.7,poor,1.027,good,1,0.3356,0,0.3624,0,4.9
XB-20243396,Strawberries,Ibadan,Kano,7.38,3.93,12.0,8.52,1247.0,1019753.0,1121.5,26.51,4.1,30.61,36,0.85,1,8.5,16.2,8,8.2,70.7,fair,1.263,excellent,0,0.5753,1,0.2577,0,4.06
XB-20243397,Dairy,Zaria,Enugu,11.08,7.71,6.44,7.5,3146.9,1325087.0,820.8,18.98,2.05,21.03,48,0.438,0,31.7,37.7,6,31.7,75.4,fair,1.481,excellent,0,0.5154,1,0.2175,0,3.74
XB-20243398,Mangoes,Kaduna,Jos,10.52,7.44,9.92,8.89,2769.6,562976.0,239.2,3.87,0.48,4.35,96,0.045,0,32.0,36.2,20,16.2,69.0,good,0.0,good,3,0.4537,0,0.5347,1,6.28
XB-20243399,Dairy,Abuja,Zaria,9.07,7.4,11.08,7.71,4067.2,1753350.0,304.6,6.42,0.94,7.36,48,0.153,1,7.0,14.7,6,8.7,73.8,poor,2.228,good,0,0.4536,0,0.3644,0,4.92
XB-20243400,Fresh Fish,Enugu,Port Harcourt,6.44,7.5,4.82,7.04,2373.0,1296778.0,267.8,7.02,0.39,7.41,24,0.309,0,37.2,42.6,4,38.6,65.5,fair,0.712,excellent,0,0.3661,0,0.0837,0,2.67
XB-20243401,Strawberries,Ibadan,Jos,7.38,3.93,9.92,8.89,4771.4,3622194.0,950.6,16.14,0.23,16.37,36,0.455,0,28.5,33.0,8,25.0,90.4,fair,0.708,fair,2,0.6921,1,0.6266,0,7.01
XB-20243402,Tomatoes,Zaria,Jos,11.08,7.71,9.92,8.89,2449.6,862102.0,243.2,6.76,0.54,7.29,72,0.101,0,33.7,38.3,25,13.3,73.1,good,0.0,good,0,0.4627,1,0.3763,0,5.01
XB-20243403,Mangoes,Abuja,Ibadan,9.07,7.4,7.38,3.93,1750.6,372424.0,527.2,10.03,1.93,11.96,96,0.125,0,28.4,35.4,20,15.4,60.2,poor,2.667,poor,0,0.4579,0,0.5305,0,6.24
XB-20243404,Leafy Greens,Onitsha,Zaria,6.14,6.79,11.08,7.71,3185.0,838571.0,751.4,13.47,1.5,14.98,48,0.312,1,14.0,19.8,10,9.8,55.1,good,0.0,fair,1,0.3319,0,0.4591,1,5.67
XB-20243405,Mangoes,Kano,Kaduna,12.0,8.52,10.52,7.44,1233.8,257103.0,283.6,5.19,4.03,9.23,96,0.096,0,32.0,38.9,20,18.9,72.8,fair,0.76,fair,0,0.639,1,0.4909,1,5.93
XB-20243406,Fresh Fish,Jos,Kaduna,9.92,8.89,10.52,7.44,1305.0,844547.0,271.7,6.07,1.92,7.99,24,0.333,1,6.1,12.6,4,8.6,71.3,poor,1.748,fair,2,0.3998,1,0.5833,1,6.67
XB-20243407,Peppers,Zaria,Abuja,11.08,7.71,9.07,7.4,4158.5,715892.0,298.9,6.0,0.67,6.67,96,0.07,1,24.8,32.4,22,10.4,55.2,poor,2.448,fair,0,0.376,0,0.491,0,5.93
XB-20243408,Leafy Greens,Enugu,Lagos,6.44,7.5,6.52,3.38,4259.7,1230888.0,668.8,11.66,2.67,14.33,48,0.299,1,14.0,18.9,10,8.9,75.0,good,0.0,fair,0,0.237,0,0.3835,0,5.07
XB-20243409,Strawberries,Onitsha,Zaria,6.14,6.79,11.08,7.71,4336.9,3688244.0,740.3,11.94,0.93,12.87,36,0.357,0,30.3,36.6,8,28.6,81.3,poor,2.477,excellent,0,0.7528,1,0.3836,0,5.07
XB-20243410,Dairy,Port Harcourt,Jos,4.82,7.04,9.92,8.89,1758.9,727518.0,932.5,15.25,1.09,16.34,48,0.34,0,30.6,38.2,6,32.2,71.1,poor,2.334,fair,0,0.6384,1,0.5407,1,6.33
XB-20243411,Strawberries,Port Harcourt,Kaduna,4.82,7.04,10.52,7.44,418.3,305110.0,890.4,14.65,2.7,17.35,36,0.482,1,8.6,16.2,8,8.2,64.7,poor,1.22,good,0,0.5236,0,0.2997,0,4.4
XB-20243412,Dairy,Kaduna,Port Harcourt,10.52,7.44,4.82,7.04,4571.6,1913416.0,954.9,20.09,3.09,23.18,48,0.483,1,6.6,12.4,6,6.4,68.5,poor,1.212,good,0,0.4676,1,0.2731,0,4.19
XB-20243413,Strawberries,Enugu,Lagos,6.44,7.5,6.52,3.38,4265.0,3360641.0,637.8,17.89,0.7,18.59,36,0.517,0,32.1,36.9,8,28.9,91.9,fair,1.197,fair,0,0.7436,1,0.5754,1,6.6
XB-20243414,Leafy Greens,Lagos,Port Harcourt,6.52,3.38,4.82,7.04,667.1,178947.0,620.1,12.41,1.15,13.56,48,0.283,0,34.6,41.8,10,31.8,85.8,poor,1.417,excellent,0,0.6114,1,0.284,0,4.27
XB-20243415,Mangoes,Jos,Kaduna,9.92,8.89,10.52,7.44,2148.9,448311.0,217.0,3.41,1.21,4.62,96,0.048,0,34.7,42.2,20,22.2,78.5,poor,2.169,fair,1,0.5338,0,0.4695,0,5.76
XB-20243416,Mangoes,Port Harcourt,Enugu,4.82,7.04,6.44,7.5,3429.6,622595.0,245.5,3.97,0.24,4.21,96,0.044,0,36.0,39.0,20,19.0,69.9,fair,0.906,good,1,0.4402,0,0.2283,0,3.83
XB-20243417,Strawberries,Kano,Lagos,12.0,8.52,6.52,3.38,3034.0,2546674.0,1089.3,16.85,3.84,20.68,36,0.575,0,31.4,36.6,8,28.6,72.3,fair,1.232,poor,0,0.6297,1,0.5754,1,6.6
XB-20243418,Peppers,Kaduna,Port Harcourt,10.52,7.44,4.82,7.04,2598.7,483460.0,881.6,24.78,1.59,26.36,96,0.275,1,24.5,27.2,22,5.2,58.8,fair,0.626,fair,2,0.3953,0,0.5479,1,6.38
XB-20243419,Dairy,Jos,Ibadan,9.92,8.89,7.38,3.93,4999.5,1983694.0,848.1,17.14,0.21,17.35,48,0.362,0,37.2,42.1,6,36.1,57.3,fair,1.386,excellent,0,0.6244,1,0.2889,0,4.31
XB-20243420,Mangoes,Enugu,Lagos,6.44,7.5,6.52,3.38,3901.9,834781.0,602.8,10.11,0.77,10.88,96,0.113,1,18.9,22.5,20,2.5,59.5,good,0.0,poor,0,0.1398,0,0.4574,0,5.66
XB-20243421,Mangoes,Ibadan,Jos,7.38,3.93,9.92,8.89,4636.1,849241.0,944.6,22.73,0.87,23.6,96,0.246,0,29.6,35.0,20,15.0,80.6,poor,1.465,excellent,0,0.6439,1,0.36,0,4.88
XB-20243422,Mangoes,Kaduna,Jos,10.52,7.44,9.92,8.89,2660.2,533213.0,274.9,4.64,0.2,4.84,96,0.05,1,22.5,24.9,20,4.9,67.7,fair,0.986,good,1,0.0327,0,0.1026,0,2.82
XB-20243423,Leafy Greens,Onitsha,Ibadan,6.14,6.79,7.38,3.93,1512.9,450533.0,514.8,9.63,2.59,12.21,48,0.254,1,8.6,14.6,10,4.6,63.4,good,0.0,good,0,0.1686,0,0.117,0,2.94
XB-20243424,Peppers,Lagos,Kano,6.52,3.38,12.0,8.52,3836.8,628599.0,1184.5,24.71,0.34,25.05,96,0.261,0,37.1,43.4,22,21.4,90.2,poor,1.155,fair,1,0.6559,1,0.5826,1,6.66
XB-20243425,Strawberries,Jos,Lagos,9.92,8.89,6.52,3.38,1736.9,1425615.0,1093.0,17.23,0.42,17.65,36,0.49,1,7.4,13.3,8,5.3,92.0,fair,0.771,fair,0,0.3141,0,0.2786,0,4.23
XB-20243426,Fresh Fish,Kaduna,Ibadan,10.52,7.44,7.38,3.93,1670.7,1025151.0,694.4,10.7,2.53,13.23,24,0.551,0,37.6,43.8,4,39.8,89.7,fair,0.54,excellent,0,0.7916,1,0.459,0,5.67
XB-20243427,Tomatoes,Onitsha,Ibadan,6.14,6.79,7.38,3.93,1875.4,688719.0,422.9,7.01,1.92,8.93,72,0.124,1,27.4,35.0,25,10.0,80.7,good,0.0,poor,0,0.3722,0,0.4204,0,5.36
XB-20243428,Tomatoes,Lagos,Enugu,6.52,3.38,6.44,7.5,1765.7,657756.0,727.4,11.46,1.1,12.55,72,0.174,0,33.5,40.6,25,15.6,78.0,good,0.0,poor,0,0.3155,0,0.393,0,5.14
XB-20243429,Tomatoes,Kano,Abuja,12.0,8.52,9.07,7.4,2940.8,1066865.0,535.9,9.52,0.02,9.54,72,0.133,0,30.6,33.6,25,8.6,72.5,poor,2.655,fair,0,0.4512,0,0.5349,0,6.28
XB-20243430,Strawberries,Lagos,Zaria,6.52,3.38,11.08,7.71,3140.0,2319551.0,1081.5,17.17,2.45,19.63,36,0.545,1,6.7,9.5,8,1.5,62.1,fair,1.376,excellent,0,0.3815,0,0.2205,0,3.76
XB-20243431,Strawberries,Jos,Abuja,9.92,8.89,9.07,7.4,2709.0,2137924.0,272.9,4.39,3.3,7.69,36,0.213,1,11.8,17.3,8,9.3,84.7,fair,0.877,good,0,0.4338,0,0.3534,0,4.83
XB-20243432,Mangoes,Abuja,Enugu,9.07,7.4,6.44,7.5,4161.8,911739.0,408.5,7.53,1.76,9.29,96,0.097,1,18.6,24.5,20,4.5,59.2,poor,2.408,good,0,0.3393,0,0.3028,0,4.42
XB-20243433,Leafy Greens,Onitsha,Abuja,6.14,6.79,9.07,7.4,1429.0,392617.0,504.5,8.42,0.11,8.54,48,0.178,1,10.3,13.9,10,3.9,78.8,fair,1.042,good,1,0.2114,0,0.2812,0,4.25
XB-20243434,Leafy Greens,Lagos,Kano,6.52,3.38,12.0,8.52,1324.7,336906.0,1034.6,25.91,0.35,26.26,48,0.547,0,32.0,34.6,10,24.6,84.8,good,0.0,good,0,0.7293,1,0.4528,0,5.62
XB-20243435,Strawberries,Jos,Lagos,9.92,8.89,6.52,3.38,1702.9,1294292.0,962.5,20.81,2.26,23.06,36,0.641,1,7.7,13.3,8,5.3,90.9,poor,1.869,excellent,0,0.4446,0,0.2352,0,3.88
XB-20243436,Mangoes,Zaria,Ibadan,11.08,7.71,7.38,3.93,4369.5,833366.0,810.2,15.18,0.0,15.19,96,0.158,0,32.3,35.0,20,15.0,88.0,good,0.0,fair,0,0.4875,1,0.435,0,5.48
XB-20243437,Leafy Greens,Jos,Port Harcourt,9.92,8.89,4.82,7.04,3948.4,1105469.0,833.0,13.22,0.02,13.25,48,0.276,0,28.6,35.8,10,25.8,70.0,good,0.0,fair,3,0.5253,0,0.6296,1,7.04
XB-20243438,Strawberries,Lagos,Port Harcourt,6.52,3.38,4.82,7.04,3686.9,3040449.0,591.0,12.64,0.39,13.03,36,0.362,0,32.8,35.6,8,27.6,78.7,fair,0.864,fair,0,0.6317,1,0.5155,1,6.12
XB-20243439,Peppers,Jos,Zaria,9.92,8.89,11.08,7.71,3918.8,730131.0,238.5,4.42,0.85,5.28,96,0.055,0,30.2,34.9,22,12.9,69.9,good,0.0,fair,0,0.4124,1,0.4268,0,5.41
XB-20243440,Tomatoes,Abuja,Onitsha,9.07,7.4,6.14,6.79,3211.3,1059965.0,475.5,8.32,2.39,10.71,72,0.149,0,35.4,40.3,25,15.3,75.8,fair,1.474,poor,4,0.588,1,0.8165,1,8.53
XB-20243441,Strawberries,Abuja,Kano,9.07,7.4,12.0,8.52,4844.0,3636055.0,525.0,9.96,0.13,10.09,36,0.28,0,41.5,44.2,8,36.2,86.9,fair,0.669,excellent,0,0.6266,1,0.3856,0,5.09
XB-20243442,Dairy,Kaduna,Abuja,10.52,7.44,9.07,7.4,3393.0,1430844.0,204.6,4.7,0.93,5.63,48,0.117,1,7.6,11.3,6,5.3,55.4,poor,1.106,good,1,0.36,0,0.2874,0,4.3
XB-20243443,Tomatoes,Kaduna,Jos,10.52,7.44,9.92,8.89,2435.3,785893.0,224.8,3.65,0.22,3.87,72,0.054,1,26.4,33.3,25,8.3,72.4,fair,1.412,poor,3,0.3668,0,0.7018,1,7.61
XB-20243444,Leafy Greens,Onitsha,Abuja,6.14,6.79,9.07,7.4,1240.6,349724.0,459.7,8.0,0.6,8.6,48,0.179,1,10.7,17.2,10,7.2,62.4,poor,2.004,poor,1,0.3251,0,0.5131,0,6.1
XB-20243445,Mangoes,Ibadan,Lagos,7.38,3.93,6.52,3.38,4391.6,919420.0,177.8,4.02,0.27,4.29,96,0.045,1,23.4,29.1,20,9.1,86.9,poor,1.306,good,1,0.339,0,0.3454,0,4.76
XB-20243446,Dairy,Jos,Zaria,9.92,8.89,11.08,7.71,3993.5,1622974.0,234.4,3.65,1.84,5.49,48,0.114,0,27.7,33.1,6,27.1,70.8,good,0.0,good,0,0.5648,1,0.3769,0,5.02
XB-20243447,Peppers,Lagos,Kaduna,6.52,3.38,10.52,7.44,1520.5,255830.0,770.8,13.49,3.19,16.68,96,0.174,0,35.7,37.7,22,15.7,65.4,poor,2.92,good,0,0.6772,1,0.3735,0,4.99
XB-20243448,Mangoes,Onitsha,Zaria,6.14,6.79,11.08,7.71,3705.5,703331.0,818.8,12.69,1.73,14.42,96,0.15,1,22.6,29.1,20,9.1,86.1,good,0.0,good,0,0.4093,0,0.4208,0,5.37
XB-20243449,Leafy Greens,Jos,Port Harcourt,9.92,8.89,4.82,7.04,4509.3,1243327.0,883.9,16.92,3.63,20.54,48,0.428,0,27.3,31.5,10,21.5,84.2,poor,2.534,excellent,0,0.8851,1,0.4195,0,5.36
XB-20243450,Tomatoes,Ibadan,Lagos,7.38,3.93,6.52,3.38,789.4,298545.0,158.7,2.71,2.43,5.14,72,0.071,0,27.6,30.4,25,5.4,74.9,fair,0.65,good,0,0.4487,0,0.2788,0,4.23
XB-20243451,Dairy,Lagos,Kaduna,6.52,3.38,10.52,7.44,1478.9,682229.0,964.4,23.94,2.08,26.02,48,0.542,1,5.7,10.4,6,4.4,84.3,poor,1.832,fair,1,0.5084,0,0.5381,0,6.3
XB-20243452,Strawberries,Ibadan,Kano,7.38,3.93,12.0,8.52,4530.3,3906057.0,1102.6,17.48,2.76,20.24,36,0.562,0,38.9,45.2,8,37.2,82.3,good,0.0,excellent,0,0.6204,1,0.2282,0,3.83
XB-20243453,Strawberries,Onitsha,Zaria,6.14,6.79,11.08,7.71,2206.2,1597625.0,760.3,15.07,7.86,22.93,36,0.637,1,9.9,17.4,8,9.4,86.8,fair,0.684,fair,2,0.5446,0,0.5878,0,6.7
XB-20243454,Dairy,Lagos,Onitsha,6.52,3.38,6.14,6.79,3107.6,1400633.0,599.4,12.78,0.01,12.79,48,0.266,0,34.4,39.0,6,33.0,81.1,fair,1.155,excellent,0,0.6835,1,0.3838,0,5.07
XB-20243455,Strawberries,Enugu,Abuja,6.44,7.5,9.07,7.4,966.8,752686.0,419.7,6.9,2.91,9.81,36,0.273,0,34.5,41.0,8,33.0,56.6,fair,1.305,good,0,0.6457,1,0.6154,1,6.92
XB-20243456,Mangoes,Port Harcourt,Jos,4.82,7.04,9.92,8.89,2211.0,418985.0,890.5,22.98,0.19,23.17,96,0.241,1,22.1,30.0,20,10.0,88.2,poor,2.627,good,0,0.3996,0,0.2944,0,4.35
XB-20243457,Strawberries,Lagos,Enugu,6.52,3.38,6.44,7.5,2215.8,1890381.0,612.5,16.86,0.03,16.89,36,0.469,1,7.4,14.6,8,6.6,68.0,fair,0.733,good,1,0.3169,0,0.2326,0,3.86
XB-20243458,Fresh Fish,Onitsha,Jos,6.14,6.79,9.92,8.89,4318.1,2348684.0,638.9,12.27,2.23,14.5,24,0.604,0,33.9,41.3,4,37.3,64.9,fair,0.99,fair,1,0.6346,1,0.5463,1,6.37
XB-20243459,Dairy,Enugu,Onitsha,6.44,7.5,6.14,6.79,4979.7,1953489.0,116.0,2.47,2.68,5.15,48,0.107,1,6.2,9.3,6,3.3,69.9,poor,1.224,good,1,0.2152,0,0.3432,0,4.75
XB-20243460,Mangoes,Zaria,Jos,11.08,7.71,9.92,8.89,1175.9,214320.0,249.5,3.87,0.88,4.75,96,0.049,1,19.5,24.4,20,4.4,86.6,good,0.0,fair,1,0.1888,0,0.3697,0,4.96
XB-20243461,Dairy,Zaria,Kano,11.08,7.71,12.0,8.52,343.1,151563.0,194.1,3.52,1.26,4.78,48,0.1,0,38.8,40.8,6,34.8,60.8,poor,1.016,poor,0,0.5769,1,0.6024,1,6.82
XB-20243462,Peppers,Zaria,Lagos,11.08,7.71,6.52,3.38,2400.1,395374.0,892.9,16.36,1.03,17.39,96,0.181,1,21.6,24.9,22,2.9,57.5,fair,0.994,fair,2,0.2963,0,0.4567,0,5.65
XB-20243463,Dairy,Onitsha,Lagos,6.14,6.79,6.52,3.38,3070.1,1225247.0,605.2,12.12,0.73,12.85,48,0.268,0,34.5,42.3,6,36.3,84.7,fair,1.384,fair,0,0.5696,1,0.5406,0,6.32
XB-20243464,Strawberries,Onitsha,Abuja,6.14,6.79,9.07,7.4,3772.5,2772203.0,484.3,11.12,0.75,11.87,36,0.33,1,10.6,13.6,8,5.6,59.1,fair,0.66,good,1,0.3683,0,0.298,0,4.38
XB-20243465,Peppers,Kaduna,Kano,10.52,7.44,12.0,8.52,2472.5,447973.0,266.5,4.99,0.15,5.14,96,0.054,0,30.7,36.4,22,14.4,86.7,fair,1.128,poor,2,0.458,0,0.4884,1,5.91
XB-20243466,Peppers,Onitsha,Lagos,6.14,6.79,6.52,3.38,1410.2,247005.0,480.9,10.69,0.47,11.16,96,0.116,1,22.9,29.7,22,7.7,66.4,fair,1.004,excellent,0,0.2981,0,0.1374,0,3.1
XB-20243467,Peppers,Zaria,Lagos,11.08,7.71,6.52,3.38,4672.6,785759.0,945.0,22.09,1.33,23.41,96,0.244,0,40.0,44.6,22,22.6,69.9,poor,2.713,fair,1,0.6826,1,0.5679,1,6.54
XB-20243468,Mangoes,Zaria,Kano,11.08,7.71,12.0,8.52,1224.4,237535.0,198.7,4.28,2.37,6.66,96,0.069,0,35.8,40.0,20,20.0,85.6,poor,1.555,fair,0,0.5156,0,0.4623,0,5.7
XB-20243469,Leafy Greens,Enugu,Kano,6.44,7.5,12.0,8.52,2551.6,685716.0,900.3,23.92,0.99,24.9,48,0.519,0,29.5,34.6,10,24.6,69.7,fair,0.836,excellent,0,0.6875,1,0.4088,0,5.27
XB-20243470,Tomatoes,Enugu,Kano,6.44,7.5,12.0,8.52,4424.9,1667824.0,849.5,15.52,0.59,16.11,72,0.224,1,29.0,35.9,25,10.9,67.1,good,0.0,good,0,0.2277,0,0.1807,0,3.45
XB-20243471,Strawberries,Onitsha,Kano,6.14,6.79,12.0,8.52,2092.5,1711177.0,926.4,18.04,1.25,19.3,36,0.536,0,37.1,43.7,8,35.7,58.3,good,0.0,good,1,0.5353,0,0.6003,1,6.8
XB-20243472,Leafy Greens,Abuja,Kano,9.07,7.4,12.0,8.52,3155.9,862959.0,480.5,9.3,1.93,11.23,48,0.234,0,39.1,46.6,10,36.6,74.2,good,0.0,fair,0,0.4056,0,0.4269,0,5.41
XB-20243473,Strawberries,Port Harcourt,Lagos,4.82,7.04,6.52,3.38,983.9,819622.0,699.7,12.02,3.85,15.87,36,0.441,1,7.5,14.6,8,6.6,85.6,poor,1.588,fair,0,0.4235,0,0.4318,0,5.45
XB-20243474,Leafy Greens,Enugu,Abuja,6.44,7.5,9.07,7.4,2885.0,875742.0,416.5,11.45,0.32,11.78,48,0.245,1,13.1,16.2,10,6.2,64.1,poor,1.297,good,1,0.4355,0,0.2077,0,3.66
XB-20243475,Peppers,Lagos,Abuja,6.52,3.38,9.07,7.4,1721.0,322105.0,819.1,16.28,2.88,19.17,96,0.2,0,28.8,31.4,22,9.4,65.4,fair,0.67,excellent,0,0.381,0,0.1499,0,3.2
XB-20243476,Fresh Fish,Zaria,Ibadan,11.08,7.71,7.38,3.93,2499.3,1613262.0,762.4,11.88,1.42,13.3,24,0.554,1,4.0,7.2,4,3.2,91.2,good,0.0,fair,1,0.3494,0,0.3578,0,4.86
XB-20243477,Dairy,Kano,Jos,12.0,8.52,9.92,8.89,4204.3,1864519.0,316.0,8.55,1.46,10.01,48,0.209,1,4.4,12.3,6,6.3,77.7,good,0.0,fair,0,0.2466,0,0.3239,0,4.59
XB-20243478,Leafy Greens,Zaria,Kano,11.08,7.71,12.0,8.52,2400.4,694276.0,190.8,3.2,0.24,3.44,48,0.072,0,36.8,41.7,10,31.7,66.7,poor,2.794,good,1,0.5534,1,0.3651,0,4.92
XB-20243479,Mangoes,Kano,Zaria,12.0,8.52,11.08,7.71,766.5,149120.0,200.3,3.38,0.23,3.6,96,0.038,1,18.9,23.2,20,3.2,91.3,fair,1.202,fair,0,0.0874,0,0.213,0,3.7
XB-20243480,Mangoes,Ibadan,Kano,7.38,3.93,12.0,8.52,3144.1,569851.0,946.1,25.3,1.77,27.06,96,0.282,0,33.0,36.0,20,16.0,66.4,fair,1.13,good,1,0.5188,1,0.3831,0,5.06
XB-20243481,Peppers,Onitsha,Kano,6.14,6.79,12.0,8.52,4373.2,744378.0,864.7,14.5,1.2,15.7,96,0.164,1,24.0,30.9,22,8.9,72.1,fair,1.255,good,1,0.308,0,0.3596,0,4.88
XB-20243482,Tomatoes,Jos,Kano,9.92,8.89,12.0,8.52,573.9,207819.0,353.1,5.58,0.16,5.74,72,0.08,1,26.8,30.6,25,5.6,89.7,fair,0.841,fair,1,0.4309,1,0.504,1,6.03
XB-20243483,Dairy,Jos,Ibadan,9.92,8.89,7.38,3.93,1867.9,788428.0,754.9,12.34,0.07,12.41,48,0.259,0,33.2,36.2,6,30.2,59.6,fair,0.559,excellent,0,0.5725,0,0.3259,0,4.61
XB-20243484,Strawberries,Enugu,Lagos,6.44,7.5,6.52,3.38,2752.4,2289077.0,683.7,11.33,0.51,11.84,36,0.329,0,39.0,43.4,8,35.4,79.5,fair,0.714,excellent,0,0.561,1,0.2957,0,4.37
XB-20243485,Strawberries,Enugu,Ibadan,6.44,7.5,7.38,3.93,2091.5,1530021.0,581.3,11.43,0.57,12.0,36,0.333,1,10.4,18.1,8,10.1,80.9,fair,0.919,good,0,0.4624,1,0.3089,0,4.47
XB-20243486,Leafy Greens,Port Harcourt,Enugu,4.82,7.04,6.44,7.5,2244.7,574749.0,257.2,4.16,0.61,4.77,48,0.099,1,10.0,16.6,10,6.6,61.7,fair,1.269,good,0,0.2519,0,0.3296,0,4.64
XB-20243487,Leafy Greens,Kaduna,Port Harcourt,10.52,7.44,4.82,7.04,2693.4,752443.0,933.2,21.39,0.47,21.86,48,0.455,0,33.3,38.3,10,28.3,77.3,poor,2.442,excellent,0,0.6697,1,0.3053,0,4.44
XB-20243488,Fresh Fish,Jos,Port Harcourt,9.92,8.89,4.82,7.04,3345.8,1922288.0,912.1,17.55,2.88,20.43,24,0.851,0,23.8,30.6,4,26.6,90.8,fair,1.496,poor,2,0.8457,1,0.9026,1,9.22
XB-20243489,Tomatoes,Zaria,Onitsha,11.08,7.71,6.14,6.79,452.8,158066.0,826.9,15.51,2.32,17.83,72,0.248,1,23.6,28.6,25,3.6,58.1,poor,1.928,fair,1,0.3405,0,0.5361,1,6.29
XB-20243490,Mangoes,Abuja,Jos,9.07,7.4,9.92,8.89,4057.4,883135.0,283.6,7.45,3.74,11.19,96,0.117,0,31.5,35.6,20,15.6,62.1,good,0.0,good,1,0.4894,0,0.4607,0,5.69
XB-20243491,Leafy Greens,Enugu,Zaria,6.44,7.5,11.08,7.71,4461.8,1355884.0,710.1,12.04,2.12,14.17,48,0.295,0,31.7,35.1,10,25.1,60.2,poor,2.554,good,0,0.616,0,0.4493,0,5.59
XB-20243492,Leafy Greens,Jos,Zaria,9.92,8.89,11.08,7.71,1560.1,460246.0,266.9,7.08,0.4,7.48,48,0.156,1,10.4,12.6,10,2.6,63.4,good,0.0,poor,3,0.0523,0,0.5974,0,6.78
XB-20243493,Dairy,Jos,Kaduna,9.92,8.89,10.52,7.44,4533.9,2052488.0,268.9,4.94,0.59,5.53,48,0.115,0,31.2,34.0,6,28.0,68.2,fair,0.708,good,0,0.4042,1,0.3774,0,5.02
XB-20243494,Strawberries,Kano,Onitsha,12.0,8.52,6.14,6.79,327.7,266247.0,1066.0,25.53,1.65,27.18,36,0.755,0,43.0,50.2,8,42.2,67.5,fair,0.818,fair,0,0.7303,1,0.5179,1,6.14
XB-20243495,Peppers,Onitsha,Abuja,6.14,6.79,9.07,7.4,4016.4,781444.0,410.4,7.92,0.25,8.17,96,0.085,0,30.9,33.2,22,11.2,62.1,poor,1.217,excellent,0,0.4726,1,0.1625,0,3.3
XB-20243496,Mangoes,Jos,Kano,9.92,8.89,12.0,8.52,2446.7,497726.0,368.1,8.74,2.89,11.62,96,0.121,1,23.7,28.2,20,8.2,72.1,good,0.0,good,0,0.2552,0,0.2787,0,4.23
XB-20243497,Fresh Fish,Lagos,Port Harcourt,6.52,3.38,4.82,7.04,3880.7,2171665.0,597.1,9.71,0.04,9.76,24,0.406,0,28.8,34.6,4,30.6,71.3,fair,1.362,excellent,0,0.6315,1,0.2785,0,4.23
XB-20243498,Tomatoes,Jos,Kaduna,9.92,8.89,10.52,7.44,951.4,362886.0,212.2,5.83,0.93,6.75,72,0.094,0,30.6,33.1,25,8.1,89.5,good,0.0,good,0,0.563,1,0.3221,0,4.58
XB-20243499,Leafy Greens,Enugu,Jos,6.44,7.5,9.92,8.89,450.2,121810.0,615.1,13.5,2.35,15.85,48,0.33,0,36.1,42.6,10,32.6,74.9,good,0.0,excellent,0,0.6749,1,0.3111,0,4.49
XB-20243500,Leafy Greens,Abuja,Kaduna,9.07,7.4,10.52,7.44,4180.1,1061288.0,221.9,4.82,4.64,9.46,48,0.197,1,9.2,16.8,10,6.8,86.4,good,0.0,excellent,0,0.45,0,0.1616,0,3.29
XB-20243501,Dairy,Jos,Abuja,9.92,8.89,9.07,7.4,3582.7,1592864.0,269.9,6.74,1.62,8.35,48,0.174,0,27.9,35.1,6,29.1,63.0,good,0.0,poor,1,0.3634,0,0.5476,0,6.38
XB-20243502,Peppers,Kaduna,Zaria,10.52,7.44,11.08,7.71,3162.5,555131.0,109.7,2.72,1.34,4.06,96,0.042,0,34.7,40.6,22,18.6,83.6,good,0.0,poor,3,0.4486,0,0.7957,1,8.37
XB-20243503,Peppers,Jos,Abuja,9.92,8.89,9.07,7.4,4452.2,836031.0,301.5,5.42,1.68,7.1,96,0.074,0,32.4,39.6,22,17.6,57.1,fair,0.787,good,0,0.6649,1,0.4434,1,5.55
XB-20243504,Mangoes,Enugu,Onitsha,6.44,7.5,6.14,6.79,1661.5,342142.0,118.8,3.34,2.33,5.67,96,0.059,0,30.4,32.9,20,12.9,89.1,fair,1.46,good,0,0.6276,1,0.4023,0,5.22
XB-20243505,Strawberries,Jos,Kano,9.92,8.89,12.0,8.52,1367.6,1110549.0,347.8,8.79,4.25,13.04,36,0.362,1,11.0,16.6,8,8.6,79.3,fair,0.602,excellent,0,0.5409,0,0.3092,0,4.47
XB-20243506,Tomatoes,Ibadan,Onitsha,7.38,3.93,6.14,6.79,1317.4,468055.0,434.7,9.13,0.45,9.57,72,0.133,0,32.2,39.7,25,14.7,63.8,fair,0.557,good,0,0.5659,1,0.3447,0,4.76
XB-20243507,Dairy,Port Harcourt,Zaria,4.82,7.04,11.08,7.71,1260.8,538532.0,1053.6,27.47,1.74,29.21,48,0.609,1,6.4,11.8,6,5.8,64.1,fair,0.64,fair,0,0.5085,1,0.3721,0,4.98
XB-20243508,Fresh Fish,Zaria,Kano,11.08,7.71,12.0,8.52,1698.6,1017407.0,174.2,3.92,2.21,6.14,24,0.256,1,7.8,12.2,4,8.2,59.8,fair,1.223,good,1,0.3515,0,0.3793,0,5.03
XB-20243509,Leafy Greens,Kano,Abuja,12.0,8.52,9.07,7.4,2958.9,873252.0,498.2,11.19,1.47,12.66,48,0.264,0,26.1,32.3,10,22.3,81.5,poor,1.538,good,0,0.7294,1,0.4538,0,5.63
XB-20243510,Tomatoes,Kaduna,Port Harcourt,10.52,7.44,4.82,7.04,1686.6,540164.0,1016.5,20.77,0.67,21.44,72,0.298,0,27.3,32.1,25,7.1,61.8,poor,1.797,fair,0,0.624,1,0.5836,1,6.67
XB-20243511,Dairy,Lagos,Jos,6.52,3.38,9.92,8.89,3830.6,1767801.0,980.5,16.88,0.07,16.94,48,0.353,1,8.8,11.9,6,5.9,79.3,fair,1.139,poor,1,0.4559,1,0.5916,1,6.73
XB-20243512,Tomatoes,Zaria,Kano,11.08,7.71,12.0,8.52,4315.6,1508889.0,175.2,4.51,1.67,6.18,72,0.086,1,24.7,28.5,25,3.5,87.1,fair,1.28,good,0,0.1745,0,0.1767,0,3.41
XB-20243513,Peppers,Abuja,Kano,9.07,7.4,12.0,8.52,2514.1,481824.0,465.3,7.76,0.71,8.47,96,0.088,0,32.6,37.0,22,15.0,90.9,good,0.0,good,1,0.6318,1,0.5332,1,6.27
XB-20243514,Mangoes,Jos,Kaduna,9.92,8.89,10.52,7.44,4731.0,1022163.0,237.1,5.16,1.94,7.1,96,0.074,0,36.3,40.6,20,20.6,79.1,fair,0.874,good,0,0.6263,1,0.5652,1,6.52
XB-20243515,Fresh Fish,Kaduna,Kano,10.52,7.44,12.0,8.52,580.9,358472.0,315.6,6.98,0.58,7.55,24,0.315,0,33.1,38.9,4,34.9,74.9,fair,0.832,poor,1,0.6504,1,0.7391,1,7.91
XB-20243516,Peppers,Kaduna,Port Harcourt,10.52,7.44,4.82,7.04,586.3,113706.0,843.4,15.55,0.8,16.35,96,0.17,0,37.5,41.0,22,19.0,86.7,poor,2.71,excellent,0,0.6731,1,0.3654,0,4.92
XB-20243517,Fresh Fish,Jos,Ibadan,9.92,8.89,7.38,3.93,4040.6,2321720.0,850.1,23.34,0.86,24.2,24,1.008,0,33.7,40.8,4,36.8,91.3,fair,0.664,good,1,0.9363,1,0.6993,1,7.59
XB-20243518,Fresh Fish,Abuja,Enugu,9.07,7.4,6.44,7.5,2488.8,1375700.0,378.0,9.05,0.53,9.58,24,0.399,0,34.3,37.5,4,33.5,77.3,good,0.0,good,1,0.6378,1,0.4832,1,5.87
XB-20243519,Leafy Greens,Onitsha,Kano,6.14,6.79,12.0,8.52,4388.5,1275914.0,958.0,20.63,6.33,26.96,48,0.562,1,10.8,18.5,10,8.5,79.6,poor,1.331,excellent,0,0.6899,1,0.3273,0,4.62
XB-20243520,Strawberries,Zaria,Kaduna,11.08,7.71,10.52,7.44,1587.8,1272114.0,90.9,1.94,0.19,2.13,36,0.059,0,29.8,34.5,8,26.5,63.5,poor,1.676,poor,1,0.6416,1,0.8132,1,8.51
XB-20243521,Tomatoes,Jos,Onitsha,9.92,8.89,6.14,6.79,3152.4,1079085.0,753.8,14.84,0.15,14.99,72,0.208,0,38.7,43.1,25,18.1,72.1,fair,1.497,fair,1,0.4875,0,0.4455,0,5.56
XB-20243522,Tomatoes,Ibadan,Enugu,7.38,3.93,6.44,7.5,2471.6,792905.0,509.8,9.08,0.66,9.74,72,0.135,0,30.7,34.7,25,9.7,75.1,good,0.0,poor,1,0.414,0,0.5895,1,6.72
XB-20243523,Leafy Greens,Port Harcourt,Onitsha,4.82,7.04,6.14,6.79,2517.8,774081.0,200.8,3.23,0.11,3.34,48,0.07,1,13.0,19.9,10,9.9,61.8,fair,1.002,good,0,0.3435,0,0.1611,0,3.29
XB-20243524,Leafy Greens,Zaria,Enugu,11.08,7.71,6.44,7.5,1788.9,500009.0,694.2,12.44,0.82,13.26,48,0.276,0,27.8,35.7,10,25.7,67.9,poor,2.75,fair,0,0.4884,1,0.3686,0,4.95
XB-20243525,Tomatoes,Kaduna,Jos,10.52,7.44,9.92,8.89,2655.5,950552.0,263.6,4.89,1.23,6.11,72,0.085,0,33.6,40.4,25,15.4,63.2,poor,1.771,fair,0,0.5805,1,0.4841,0,5.87
XB-20243526,Leafy Greens,Onitsha,Zaria,6.14,6.79,11.08,7.71,4649.3,1366601.0,780.0,15.31,5.82,21.13,48,0.44,1,11.7,15.7,10,5.7,73.0,good,0.0,good,0,0.3718,0,0.3245,0,4.6
XB-20243527,Dairy,Lagos,Port Harcourt,6.52,3.38,4.82,7.04,2568.1,1083158.0,553.2,13.14,3.66,16.8,48,0.35,1,9.6,13.1,6,7.1,86.9,poor,1.764,good,1,0.5418,0,0.4196,0,5.36
XB-20243528,Leafy Greens,Port Harcourt,Ibadan,4.82,7.04,7.38,3.93,2035.2,534060.0,700.6,18.75,0.35,19.1,48,0.398,0,36.7,41.5,10,31.5,83.1,fair,1.437,fair,0,0.6374,1,0.4404,0,5.52
XB-20243529,Peppers,Port Harcourt,Kaduna,4.82,7.04,10.52,7.44,251.3,43153.0,924.2,15.03,1.03,16.06,96,0.167,1,21.8,24.5,22,2.5,61.1,fair,0.567,fair,2,0.1206,0,0.3741,0,4.99
XB-20243530,Tomatoes,Zaria,Abuja,11.08,7.71,9.07,7.4,4596.0,1614588.0,351.5,8.55,0.8,9.35,72,0.13,0,33.0,40.2,25,15.2,60.9,poor,1.861,poor,3,0.6366,1,0.9497,1,9.6
XB-20243531,Mangoes,Onitsha,Enugu,6.14,6.79,6.44,7.5,4770.1,865387.0,103.3,2.1,1.75,3.85,96,0.04,1,18.1,25.4,20,5.4,69.5,fair,0.972,poor,2,0.213,0,0.554,1,6.43
XB-20243532,Mangoes,Ibadan,Abuja,7.38,3.93,9.07,7.4,4261.6,915045.0,600.3,13.29,0.53,13.82,96,0.144,0,26.6,30.4,20,10.4,66.0,fair,0.782,poor,1,0.4979,1,0.5554,1,6.44
XB-20243533,Fresh Fish,Enugu,Zaria,6.44,7.5,11.08,7.71,1197.6,662293.0,730.7,16.08,1.55,17.63,24,0.734,1,7.7,13.0,4,9.0,74.7,fair,1.057,poor,0,0.4143,0,0.4326,0,5.46
XB-20243534,Dairy,Jos,Kano,9.92,8.89,12.0,8.52,1668.0,639586.0,318.8,5.08,2.37,7.45,48,0.155,0,39.2,44.0,6,38.0,87.7,fair,1.025,good,1,0.4843,0,0.5073,1,6.06
XB-20243535,Fresh Fish,Onitsha,Lagos,6.14,6.79,6.52,3.38,1662.5,947587.0,565.9,8.84,0.25,9.09,24,0.379,0,30.9,33.7,4,29.7,82.0,poor,2.916,good,0,0.6653,1,0.413,0,5.3
XB-20243536,Mangoes,Enugu,Kaduna,6.44,7.5,10.52,7.44,3111.0,611345.0,570.8,12.36,1.6,13.95,96,0.145,1,23.8,26.2,20,6.2,81.2,fair,0.93,good,0,0.2442,0,0.1559,0,3.25
XB-20243537,Peppers,Kano,Onitsha,12.0,8.52,6.14,6.79,3679.0,727615.0,853.4,16.12,1.93,18.05,96,0.188,1,23.9,30.9,22,8.9,81.3,poor,2.113,good,0,0.2888,0,0.2853,0,4.28
XB-20243538,Mangoes,Kano,Onitsha,12.0,8.52,6.14,6.79,1311.9,261901.0,1053.0,23.71,0.74,24.44,96,0.255,0,37.1,39.2,20,19.2,59.5,fair,0.803,excellent,0,0.6226,1,0.3941,0,5.15
XB-20243539,Strawberries,Kaduna,Onitsha,10.52,7.44,6.14,6.79,3304.7,2636197.0,605.0,11.41,5.43,16.85,36,0.468,0,38.5,42.3,8,34.3,70.3,fair,0.833,poor,1,0.635,0,0.5527,0,6.42
XB-20243540,Mangoes,Abuja,Zaria,9.07,7.4,11.08,7.71,3252.6,650468.0,344.4,6.16,2.42,8.58,96,0.089,0,33.1,36.8,20,16.8,73.9,fair,0.726,good,0,0.6122,0,0.4295,0,5.44
XB-20243541,Peppers,Lagos,Zaria,6.52,3.38,11.08,7.71,1542.5,296940.0,879.5,24.81,3.36,28.17,96,0.293,1,24.8,29.6,22,7.6,58.4,fair,0.622,fair,1,0.3669,0,0.4352,1,5.48
XB-20243542,Fresh Fish,Kaduna,Enugu,10.52,7.44,6.44,7.5,3446.3,2203410.0,705.9,11.71,0.64,12.34,24,0.514,1,3.8,7.9,4,3.9,57.6,poor,1.619,fair,3,0.4256,0,0.5877,1,6.7
XB-20243543,Dairy,Abuja,Zaria,9.07,7.4,11.08,7.71,1013.8,410201.0,290.2,7.78,2.83,10.61,48,0.221,0,28.7,33.0,6,27.0,88.6,good,0.0,excellent,0,0.5609,1,0.2693,0,4.15
XB-20243544,Tomatoes,Enugu,Abuja,6.44,7.5,9.07,7.4,1367.4,525565.0,447.1,9.4,3.89,13.29,72,0.185,1,23.2,25.2,25,0.2,72.2,fair,1.462,excellent,0,0.2699,0,0.2292,0,3.83
XB-20243545,Leafy Greens,Onitsha,Jos,6.14,6.79,9.92,8.89,4038.0,1203146.0,718.8,11.89,1.75,13.64,48,0.284,0,33.4,36.7,10,26.7,58.1,good,0.0,fair,3,0.5787,1,0.6862,1,7.49
XB-20243546,Tomatoes,Port Harcourt,Jos,4.82,7.04,9.92,8.89,362.4,117526.0,811.7,16.67,0.07,16.74,72,0.232,1,24.6,31.1,25,6.1,56.8,poor,1.548,good,0,0.3017,0,0.2542,0,4.03
XB-20243547,Leafy Greens,Kano,Enugu,12.0,8.52,6.44,7.5,922.0,254537.0,992.3,20.53,4.86,25.39,48,0.529,0,40.4,44.3,10,34.3,85.5,poor,2.22,good,2,0.7147,1,0.5166,1,6.13
XB-20243548,Leafy Greens,Ibadan,Kano,7.38,3.93,12.0,8.52,2196.6,620044.0,1126.2,19.9,0.67,20.57,48,0.429,1,10.5,15.7,10,5.7,81.5,fair,1.005,good,0,0.4086,0,0.3719,0,4.98
XB-20243549,Dairy,Ibadan,Onitsha,7.38,3.93,6.14,6.79,3875.4,1544004.0,534.3,8.61,2.33,10.94,48,0.228,0,30.5,34.5,6,28.5,62.0,fair,0.539,good,0,0.6021,1,0.4202,0,5.36
XB-20243550,Strawberries,Enugu,Kano,6.44,7.5,12.0,8.52,4353.4,3508053.0,861.5,15.33,0.06,15.39,36,0.427,1,8.2,11.2,8,3.2,78.5,fair,1.346,good,0,0.3234,0,0.3096,0,4.48
XB-20243551,Peppers,Jos,Port Harcourt,9.92,8.89,4.82,7.04,4705.6,778909.0,843.6,23.65,0.23,23.88,96,0.249,0,27.3,31.9,22,9.9,77.3,fair,1.019,poor,3,0.5241,1,0.6816,1,7.45
XB-20243552,Peppers,Port Harcourt,Lagos,4.82,7.04,6.52,3.38,2359.1,438675.0,564.8,10.75,1.99,12.74,96,0.133,0,31.4,35.4,22,13.4,80.5,poor,1.38,poor,2,0.5016,1,0.6607,1,7.29
XB-20243553,Leafy Greens,Port Harcourt,Kano,4.82,7.04,12.0,8.52,3758.4,1136823.0,1034.3,16.33,1.06,17.39,48,0.362,1,12.4,14.5,10,4.5,61.4,poor,1.391,good,1,0.3729,0,0.3405,0,4.72
XB-20243554,Leafy Greens,Kano,Lagos,12.0,8.52,6.52,3.38,323.1,86602.0,1256.1,31.68,0.63,32.31,48,0.673,1,13.0,16.2,10,6.2,68.5,good,0.0,good,1,0.3275,0,0.2882,0,4.31
XB-20243555,Mangoes,Enugu,Ibadan,6.44,7.5,7.38,3.93,1878.2,387259.0,559.6,12.03,0.02,12.06,96,0.126,0,28.7,31.7,20,11.7,73.6,poor,2.394,fair,0,0.5073,0,0.2995,0,4.4
XB-20243556,Strawberries,Jos,Kano,9.92,8.89,12.0,8.52,2310.8,1927950.0,363.3,5.89,0.62,6.51,36,0.181,1,12.0,18.4,8,10.4,84.4,fair,0.868,fair,0,0.2829,0,0.393,0,5.14
XB-20243557,Mangoes,Ibadan,Onitsha,7.38,3.93,6.14,6.79,659.2,124796.0,523.3,11.78,1.63,13.41,96,0.14,1,18.7,23.0,20,3.0,70.7,fair,1.211,excellent,0,0.207,0,0.1341,0,3.07
XB-20243558,Peppers,Port Harcourt,Onitsha,4.82,7.04,6.14,6.79,4799.3,894727.0,232.0,4.15,0.16,4.31,96,0.045,1,21.2,28.1,22,6.1,77.4,good,0.0,good,0,0.1936,0,0.2366,0,3.89
XB-20243559,Peppers,Lagos,Enugu,6.52,3.38,6.44,7.5,2715.2,474454.0,623.5,9.87,6.2,16.07,96,0.167,0,32.1,34.2,22,12.2,66.6,poor,1.736,good,0,0.74,1,0.4602,0,5.68
XB-20243560,Strawberries,Kaduna,Zaria,10.52,7.44,11.08,7.71,692.8,606190.0,106.9,2.27,2.83,5.1,36,0.142,1,9.6,14.7,8,6.7,81.9,poor,2.517,good,2,0.6389,1,0.6653,1,7.32
XB-20243561,Leafy Greens,Jos,Kano,9.92,8.89,12.0,8.52,4914.9,1460510.0,304.1,4.84,0.07,4.91,48,0.102,0,36.1,42.0,10,32.0,91.4,good,0.0,poor,1,0.49,1,0.6217,0,6.97
XB-20243562,Peppers,Onitsha,Zaria,6.14,6.79,11.08,7.71,1461.3,271100.0,723.5,11.53,0.48,12.01,96,0.125,1,20.1,27.1,22,5.1,69.0,poor,2.417,fair,0,0.361,0,0.4391,1,5.51
XB-20243563,Dairy,Jos,Lagos,9.92,8.89,6.52,3.38,1595.3,630902.0,874.4,13.46,6.36,19.83,48,0.413,1,4.1,9.5,6,3.5,80.4,fair,0.76,good,0,0.3095,0,0.2361,0,3.89
XB-20243564,Leafy Greens,Enugu,Lagos,6.44,7.5,6.52,3.38,4945.2,1339120.0,684.7,13.9,1.36,15.27,48,0.318,0,36.9,41.1,10,31.1,70.7,good,0.0,fair,0,0.5264,1,0.5365,0,6.29
XB-20243565,Peppers,Port Harcourt,Zaria,4.82,7.04,11.08,7.71,2865.2,472136.0,1089.2,19.06,2.74,21.8,96,0.227,1,24.7,30.6,22,8.6,84.7,fair,0.929,poor,2,0.3847,0,0.5989,1,6.79
XB-20243566,Fresh Fish,Onitsha,Zaria,6.14,6.79,11.08,7.71,2975.8,1804987.0,778.7,15.97,1.78,17.75,24,0.74,0,30.0,37.8,4,33.8,78.0,poor,1.11,poor,2,0.7875,1,0.8569,1,8.86
XB-20243567,Strawberries,Port Harcourt,Abuja,4.82,7.04,9.07,7.4,3420.4,2462805.0,725.3,16.77,0.72,17.49,36,0.486,0,30.4,35.4,8,27.4,79.6,fair,0.932,poor,2,0.7137,1,0.6858,1,7.49
XB-20243568,Leafy Greens,Kano,Kaduna,12.0,8.52,10.52,7.44,2114.4,617914.0,306.9,6.27,0.38,6.64,48,0.138,0,36.8,40.1,10,30.1,87.1,good,0.0,poor,1,0.6918,1,0.7094,1,7.68
XB-20243569,Strawberries,Kano,Kaduna,12.0,8.52,10.52,7.44,1211.2,913453.0,286.4,6.14,1.72,7.86,36,0.218,1,8.6,16.5,8,8.5,58.4,fair,0.792,poor,1,0.3052,0,0.6033,0,6.83
XB-20243570,Fresh Fish,Ibadan,Kano,7.38,3.93,12.0,8.52,2291.6,1497918.0,876.7,13.85,0.23,14.08,24,0.587,0,31.7,36.1,4,32.1,86.1,fair,0.534,good,0,0.818,1,0.4626,0,5.7
XB-20243571,Leafy Greens,Kaduna,Zaria,10.52,7.44,11.08,7.71,3096.6,860752.0,84.2,1.87,1.89,3.76,48,0.078,1,11.2,16.1,10,6.1,67.5,good,0.0,fair,0,0.2702,0,0.3131,0,4.51
XB-20243572,Peppers,Port Harcourt,Jos,4.82,7.04,9.92,8.89,3245.3,585882.0,926.5,23.99,0.25,24.24,96,0.252,1,25.3,32.1,22,10.1,70.3,poor,1.814,fair,0,0.3829,0,0.3657,0,4.93
XB-20243573,Dairy,Jos,Enugu,9.92,8.89,6.44,7.5,2395.3,1052357.0,625.2,15.76,6.64,22.41,48,0.467,1,5.5,9.6,6,3.6,79.2,fair,1.219,good,1,0.2638,0,0.3378,0,4.7
XB-20243574,Fresh Fish,Ibadan,Lagos,7.38,3.93,6.52,3.38,4597.6,2747966.0,138.2,2.3,1.22,3.51,24,0.146,0,34.2,41.0,4,37.0,69.7,poor,1.018,fair,1,0.5408,0,0.5208,0,6.17
XB-20243575,Peppers,Kaduna,Kano,10.52,7.44,12.0,8.52,4716.4,845923.0,271.8,4.43,1.45,5.88,96,0.061,0,31.6,34.6,22,12.6,59.0,fair,0.876,good,1,0.3335,0,0.3396,0,4.72
XB-20243576,Peppers,Enugu,Onitsha,6.44,7.5,6.14,6.79,1587.6,278576.0,130.4,3.1,3.55,6.65,96,0.069,0,30.9,37.5,22,15.5,77.7,good,0.0,good,0,0.2456,0,0.2664,0,4.13
XB-20243577,Strawberries,Port Harcourt,Jos,4.82,7.04,9.92,8.89,721.7,560341.0,917.9,16.27,0.62,16.9,36,0.469,1,6.1,11.1,8,3.1,91.6,poor,1.141,fair,1,0.3162,0,0.4676,0,5.74
XB-20243578,Strawberries,Kaduna,Onitsha,10.52,7.44,6.14,6.79,4972.9,3695468.0,766.7,17.47,2.08,19.54,36,0.543,1,7.3,13.3,8,5.3,68.3,poor,1.917,good,2,0.3774,1,0.395,0,5.16
XB-20243579,Peppers,Kaduna,Ibadan,10.52,7.44,7.38,3.93,3414.0,668743.0,652.3,12.02,1.14,13.16,96,0.137,0,40.2,46.4,22,24.4,84.4,fair,1.205,poor,2,0.515,0,0.8097,1,8.48
XB-20243580,Tomatoes,Zaria,Enugu,11.08,7.71,6.44,7.5,3112.8,1175358.0,677.1,11.69,0.34,12.03,72,0.167,1,26.5,31.6,25,6.6,80.8,poor,1.329,poor,0,0.2642,0,0.4961,0,5.97
XB-20243581,Tomatoes,Kano,Lagos,12.0,8.52,6.52,3.38,4148.5,1477660.0,1142.7,21.58,0.0,21.58,72,0.3,1,23.4,27.0,25,2.0,77.9,poor,2.225,good,0,0.2095,0,0.2649,0,4.12
XB-20243582,Strawberries,Jos,Abuja,9.92,8.89,9.07,7.4,1419.9,1072404.0,273.0,6.8,2.07,8.87,36,0.246,0,25.2,30.2,8,22.2,67.9,good,0.0,poor,1,0.5198,0,0.6154,1,6.92
XB-20243583,Peppers,Kano,Enugu,12.0,8.52,6.44,7.5,3182.5,587470.0,918.9,20.51,1.51,22.02,96,0.229,0,34.9,40.2,22,18.2,86.0,good,0.0,good,0,0.6886,1,0.3715,0,4.97
XB-20243584,Tomatoes,Zaria,Abuja,11.08,7.71,9.07,7.4,3055.9,1110324.0,283.7,5.1,0.01,5.11,72,0.071,0,37.6,44.5,25,19.5,65.2,poor,1.194,fair,1,0.484,0,0.5511,0,6.41
XB-20243585,Tomatoes,Enugu,Kaduna,6.44,7.5,10.52,7.44,2994.3,1084128.0,632.6,14.43,0.49,14.92,72,0.207,1,28.8,33.1,25,8.1,67.1,fair,1.489,good,0,0.3144,0,0.2755,0,4.2
XB-20243586,Mangoes,Port Harcourt,Kano,4.82,7.04,12.0,8.52,410.1,84450.0,1123.1,17.92,0.4,18.32,96,0.191,1,18.4,23.8,20,3.8,78.9,poor,1.132,good,1,0.3323,0,0.3466,0,4.77
XB-20243587,Strawberries,Ibadan,Lagos,7.38,3.93,6.52,3.38,849.5,619680.0,139.2,2.84,0.33,3.17,36,0.088,1,7.3,13.4,8,5.4,86.9,good,0.0,good,0,0.1404,0,0.1501,0,3.2
XB-20243588,Fresh Fish,Lagos,Abuja,6.52,3.38,9.07,7.4,4884.8,3192097.0,763.9,18.38,2.63,21.02,24,0.876,0,37.0,42.0,4,38.0,74.6,poor,2.998,good,1,0.8378,1,0.6415,1,7.13
XB-20243589,Dairy,Enugu,Lagos,6.44,7.5,6.52,3.38,367.5,163281.0,607.5,15.68,0.84,16.52,48,0.344,0,33.8,37.3,6,31.3,80.3,poor,1.433,good,0,0.5887,1,0.451,0,5.61
XB-20243590,Peppers,Abuja,Port Harcourt,9.07,7.4,4.82,7.04,2764.4,459780.0,756.4,12.72,1.72,14.43,96,0.15,0,31.3,37.0,22,15.0,86.5,good,0.0,fair,0,0.5096,1,0.4497,0,5.6
XB-20243591,Leafy Greens,Abuja,Onitsha,9.07,7.4,6.14,6.79,1436.2,378560.0,408.0,9.63,0.67,10.3,48,0.215,0,31.8,34.5,10,24.5,62.8,good,0.0,poor,1,0.4335,1,0.5173,0,6.14
XB-20243592,Leafy Greens,Ibadan,Jos,7.38,3.93,9.92,8.89,2380.1,661709.0,779.9,13.6,0.2,13.8,48,0.287,0,39.2,44.3,10,34.3,55.5,good,0.0,poor,3,0.348,0,0.7186,1,7.75
XB-20243593,Dairy,Port Harcourt,Enugu,4.82,7.04,6.44,7.5,622.8,272773.0,296.4,4.78,0.58,5.35,48,0.111,1,8.4,15.3,6,9.3,82.6,fair,0.923,fair,0,0.3469,0,0.355,0,4.84
XB-20243594,Dairy,Jos,Kaduna,9.92,8.89,10.52,7.44,4339.9,1687837.0,273.2,5.4,0.24,5.65,48,0.118,0,29.2,31.7,6,25.7,85.2,poor,2.023,good,0,0.5188,1,0.3429,0,4.74
XB-20243595,Mangoes,Lagos,Jos,6.52,3.38,9.92,8.89,4307.3,801963.0,941.2,23.48,1.15,24.62,96,0.256,0,31.1,34.7,20,14.7,57.5,good,0.0,poor,0,0.6631,1,0.6797,1,7.44
XB-20243596,Leafy Greens,Kano,Ibadan,12.0,8.52,7.38,3.93,744.8,222714.0,986.2,23.21,0.58,23.8,48,0.496,1,12.2,19.9,10,9.9,74.9,fair,1.01,excellent,0,0.3613,0,0.2532,0,4.03
XB-20243597,Leafy Greens,Lagos,Ibadan,6.52,3.38,7.38,3.93,1309.5,377523.0,174.2,3.53,1.28,4.81,48,0.1,0,28.7,36.5,10,26.5,76.3,fair,1.213,poor,0,0.5035,1,0.465,0,5.72
XB-20243598,Peppers,Enugu,Kano,6.44,7.5,12.0,8.52,1265.9,211729.0,1004.4,18.94,0.79,19.73,96,0.205,1,21.5,24.1,22,2.1,67.4,fair,1.278,poor,3,0.1525,0,0.5543,0,6.43
XB-20243599,Strawberries,Onitsha,Lagos,6.14,6.79,6.52,3.38,4440.8,3285362.0,557.5,10.22,0.66,10.88,36,0.302,0,36.7,43.1,8,35.1,66.5,fair,0.643,excellent,0,0.5783,1,0.3485,0,4.79
XB-20243600,Leafy Greens,Abuja,Enugu,9.07,7.4,6.44,7.5,2740.1,704714.0,379.6,6.5,4.25,10.75,48,0.224,1,10.9,13.7,10,3.7,77.5,poor,2.915,fair,1,0.4749,1,0.5909,1,6.73
XB-20243601,Peppers,Onitsha,Ibadan,6.14,6.79,7.38,3.93,1370.8,237370.0,489.3,12.43,0.07,12.49,96,0.13,0,30.5,36.3,22,14.3,57.6,fair,0.779,good,0,0.5529,1,0.4078,0,5.26
XB-20243602,Tomatoes,Zaria,Port Harcourt,11.08,7.71,4.82,7.04,4212.0,1494043.0,842.5,16.47,4.47,20.94,72,0.291,1,27.2,34.0,25,9.0,55.0,fair,1.456,fair,0,0.4246,0,0.4342,0,5.47
XB-20243603,Leafy Greens,Enugu,Onitsha,6.44,7.5,6.14,6.79,2434.8,637836.0,123.8,2.33,1.41,3.74,48,0.078,1,8.7,14.5,10,4.5,88.2,fair,1.265,fair,0,0.3341,0,0.2825,0,4.26
XB-20243604,Tomatoes,Kano,Enugu,12.0,8.52,6.44,7.5,3255.0,1207795.0,985.6,24.18,1.82,26.0,72,0.361,0,26.1,30.7,25,5.7,86.5,fair,0.769,fair,0,0.4838,0,0.465,0,5.72
XB-20243605,Tomatoes,Ibadan,Zaria,7.38,3.93,11.08,7.71,4315.7,1562300.0,839.3,15.37,1.6,16.97,72,0.236,1,26.3,32.3,25,7.3,65.8,fair,0.896,fair,0,0.3505,0,0.3685,0,4.95
XB-20243606,Fresh Fish,Onitsha,Port Harcourt,6.14,6.79,4.82,7.04,3364.4,2026154.0,235.6,6.35,2.7,9.05,24,0.377,1,5.1,10.9,4,6.9,79.5,fair,1.154,fair,2,0.4176,1,0.5087,0,6.07
XB-20243607,Fresh Fish,Kaduna,Port Harcourt,10.52,7.44,4.82,7.04,1814.1,1058371.0,957.0,22.09,0.67,22.76,24,0.948,1,3.5,9.4,4,5.4,62.1,fair,1.009,good,0,0.4499,0,0.3683,0,4.95
XB-20243608,Tomatoes,Enugu,Lagos,6.44,7.5,6.52,3.38,1742.9,597454.0,573.7,13.32,1.39,14.71,72,0.204,1,28.8,31.8,25,6.8,63.3,poor,1.328,excellent,0,0.4041,0,0.2651,0,4.12
XB-20243609,Mangoes,Kano,Jos,12.0,8.52,9.92,8.89,2579.3,533674.0,308.7,6.92,0.97,7.89,96,0.082,1,22.2,28.0,20,8.0,82.0,fair,1.43,excellent,0,0.379,0,0.1617,0,3.29
XB-20243610,Tomatoes,Kano,Jos,12.0,8.52,9.92,8.89,858.6,304807.0,318.6,8.83,1.74,10.57,72,0.147,0,37.1,41.7,25,16.7,64.5,good,0.0,excellent,0,0.5042,0,0.2295,0,3.84
XB-20243611,Tomatoes,Onitsha,Jos,6.14,6.79,9.92,8.89,4931.9,1848444.0,591.8,12.15,0.17,12.31,72,0.171,0,32.0,36.4,25,11.4,67.5,good,0.0,fair,0,0.5393,1,0.5259,0,6.21
XB-20243612,Fresh Fish,Onitsha,Kaduna,6.14,6.79,10.52,7.44,2486.8,1634786.0,617.2,12.07,3.26,15.33,24,0.639,1,5.2,8.5,4,4.5,83.3,good,0.0,poor,1,0.3805,0,0.5456,1,6.36
XB-20243613,Strawberries,Port Harcourt,Zaria,4.82,7.04,11.08,7.71,2336.0,1792460.0,905.3,20.07,1.29,21.35,36,0.593,0,31.7,36.8,8,28.8,72.5,good,0.0,good,0,0.4847,1,0.351,0,4.81
XB-20243614,Strawberries,Zaria,Jos,11.08,7.71,9.92,8.89,3666.3,3089892.0,278.0,4.41,2.06,6.47,36,0.18,1,8.9,11.8,8,3.8,91.2,fair,1.392,excellent,0,0.3639,0,0.0813,0,2.65
XB-20243615,Mangoes,Kaduna,Onitsha,10.52,7.44,6.14,6.79,3245.6,605935.0,695.9,13.25,0.35,13.6,96,0.142,1,22.0,26.1,20,6.1,83.2,poor,2.833,fair,0,0.4551,0,0.4161,0,5.33
XB-20243616,Peppers,Kano,Jos,12.0,8.52,9.92,8.89,552.7,100847.0,335.3,5.34,3.95,9.29,96,0.097,1,21.6,25.7,22,3.7,80.0,good,0.0,fair,1,0.1766,0,0.3979,0,5.18
XB-20243617,Dairy,Port Harcourt,Ibadan,4.82,7.04,7.38,3.93,1155.1,510429.0,570.3,13.05,0.23,13.29,48,0.277,1,6.7,10.0,6,4.0,57.9,poor,2.995,good,0,0.2382,0,0.2632,0,4.11
XB-20243618,Peppers,Kano,Lagos,12.0,8.52,6.52,3.38,1085.9,207532.0,1321.1,28.75,0.31,29.06,96,0.303,0,28.4,33.7,22,11.7,65.9,fair,1.362,fair,1,0.5627,0,0.6154,1,6.92
XB-20243619,Dairy,Lagos,Kaduna,6.52,3.38,10.52,7.44,4881.3,2122593.0,880.4,13.66,0.31,13.97,48,0.291,1,5.3,7.9,6,1.9,65.1,fair,1.32,excellent,0,0.1512,0,0.0278,0,2.22
XB-20243620,Tomatoes,Lagos,Kano,6.52,3.38,12.0,8.52,2710.8,875559.0,1022.6,22.22,0.12,22.33,72,0.31,0,33.6,36.1,25,11.1,85.5,fair,0.699,good,2,0.586,1,0.4548,0,5.64
XB-20243621,Strawberries,Kano,Abuja,12.0,8.52,9.07,7.4,3999.9,3389874.0,539.5,12.43,1.34,13.77,36,0.382,1,10.2,14.7,8,6.7,87.9,fair,0.569,good,0,0.5101,0,0.3581,0,4.87
XB-20243622,Strawberries,Enugu,Onitsha,6.44,7.5,6.14,6.79,3551.5,2871886.0,120.7,2.45,1.92,4.37,36,0.121,1,8.3,11.4,8,3.4,72.7,good,0.0,excellent,0,0.1215,0,0.1359,0,3.09
XB-20243623,Dairy,Ibadan,Kaduna,7.38,3.93,10.52,7.44,3495.3,1449809.0,630.0,11.93,2.4,14.33,48,0.299,0,30.1,36.1,6,30.1,81.8,fair,0.584,good,1,0.4849,1,0.3181,0,4.54
XB-20243624,Strawberries,Lagos,Abuja,6.52,3.38,9.07,7.4,3863.6,3264240.0,823.7,15.08,1.59,16.67,36,0.463,0,32.5,34.9,8,26.9,72.3,poor,1.886,good,1,0.5758,1,0.3262,0,4.61
XB-20243625,Peppers,Jos,Abuja,9.92,8.89,9.07,7.4,1111.0,201797.0,284.5,6.55,0.21,6.76,96,0.07,1,23.9,27.0,22,5.0,83.6,fair,0.929,fair,0,0.2977,0,0.4939,0,5.95
XB-20243626,Tomatoes,Onitsha,Lagos,6.14,6.79,6.52,3.38,4554.9,1698912.0,523.6,9.61,1.86,11.47,72,0.159,0,32.6,37.4,25,12.4,71.4,poor,2.503,fair,0,0.4771,1,0.4601,0,5.68
XB-20243627,Tomatoes,Abuja,Kaduna,9.07,7.4,10.52,7.44,1169.4,425752.0,225.8,5.1,1.09,6.18,72,0.086,1,28.1,33.9,25,8.9,61.6,good,0.0,good,0,0.1602,0,0.1972,0,3.58
XB-20243628,Dairy,Kaduna,Onitsha,10.52,7.44,6.14,6.79,1370.1,615932.0,777.7,14.91,0.17,15.08,48,0.314,0,30.1,37.6,6,31.6,72.7,poor,2.409,excellent,0,0.6112,0,0.2649,0,4.12
XB-20243629,Strawberries,Port Harcourt,Enugu,4.82,7.04,6.44,7.5,2288.4,1953292.0,258.3,5.07,0.34,5.42,36,0.151,0,27.0,33.1,8,25.1,85.7,poor,2.311,good,0,0.672,1,0.4528,0,5.62
XB-20243630,Fresh Fish,Kano,Enugu,12.0,8.52,6.44,7.5,525.0,311401.0,861.4,17.98,1.45,19.43,24,0.81,1,7.1,14.8,4,10.8,72.9,poor,2.095,poor,0,0.6209,1,0.6781,0,7.42
XB-20243631,Peppers,Lagos,Abuja,6.52,3.38,9.07,7.4,2070.6,369405.0,648.3,11.6,0.36,11.96,96,0.125,1,25.4,30.1,22,8.1,76.2,good,0.0,good,0,0.215,0,0.1468,0,3.17
XB-20243632,Dairy,Port Harcourt,Abuja,4.82,7.04,9.07,7.4,4227.9,1830542.0,673.6,17.4,0.27,17.66,48,0.368,1,5.5,10.3,6,4.3,85.5,poor,2.677,excellent,0,0.3971,0,0.2341,0,3.87
XB-20243633,Dairy,Onitsha,Port Harcourt,6.14,6.79,4.82,7.04,2971.0,1290839.0,184.1,3.38,1.78,5.16,48,0.107,1,6.4,11.2,6,5.2,83.2,fair,1.052,good,0,0.2167,0,0.1919,0,3.54
XB-20243634,Tomatoes,Kaduna,Onitsha,10.52,7.44,6.14,6.79,714.4,252699.0,707.8,12.06,1.61,13.67,72,0.19,0,31.2,33.3,25,8.3,80.6,fair,1.16,good,2,0.5144,1,0.5241,0,6.19
XB-20243635,Leafy Greens,Enugu,Ibadan,6.44,7.5,7.38,3.93,4781.5,1297664.0,581.5,13.83,3.16,16.99,48,0.354,0,30.8,34.3,10,24.3,90.9,fair,0.924,excellent,0,0.7169,1,0.4675,1,5.74
XB-20243636,Peppers,Enugu,Kaduna,6.44,7.5,10.52,7.44,1872.9,321158.0,724.4,18.66,0.28,18.94,96,0.197,0,35.6,41.0,22,19.0,86.3,fair,1.411,poor,2,0.6091,1,0.7793,1,8.23
XB-20243637,Strawberries,Lagos,Port Harcourt,6.52,3.38,4.82,7.04,2032.4,1565758.0,706.4,20.16,0.3,20.46,36,0.568,1,9.6,17.6,8,9.6,57.2,fair,0.9,excellent,0,0.5169,1,0.2938,0,4.35
XB-20243638,Mangoes,Port Harcourt,Zaria,4.82,7.04,11.08,7.71,4079.3,867793.0,976.5,16.45,0.38,16.83,96,0.175,0,29.4,33.4,20,13.4,70.4,fair,0.938,fair,1,0.4524,0,0.5317,0,6.25
XB-20243639,Tomatoes,Kano,Kaduna,12.0,8.52,10.52,7.44,3876.2,1293181.0,314.1,5.15,0.53,5.67,72,0.079,1,27.5,29.8,25,4.8,60.6,good,0.0,fair,3,0.1281,0,0.5008,0,6.01
XB-20243640,Leafy Greens,Lagos,Enugu,6.52,3.38,6.44,7.5,700.8,188314.0,690.9,14.02,2.19,16.22,48,0.338,0,36.5,38.6,10,28.6,73.7,poor,2.537,fair,2,0.5301,0,0.5248,0,6.2
XB-20243641,Leafy Greens,Onitsha,Zaria,6.14,6.79,11.08,7.71,3470.6,988065.0,789.0,19.52,0.95,20.46,48,0.426,0,39.9,45.5,10,35.5,82.8,poor,2.228,fair,1,0.612,0,0.5718,1,6.57
XB-20243642,Mangoes,Onitsha,Kano,6.14,6.79,12.0,8.52,4176.9,912665.0,991.8,23.96,0.5,24.46,96,0.255,0,28.6,33.6,20,13.6,73.5,fair,0.997,good,0,0.604,1,0.468,0,5.74
XB-20243643,Leafy Greens,Ibadan,Zaria,7.38,3.93,11.08,7.71,3831.9,1124903.0,715.7,13.75,0.93,14.69,48,0.306,0,32.2,39.4,10,29.4,86.0,poor,2.392,excellent,0,0.5971,1,0.2846,0,4.28
XB-20243644,Fresh Fish,Kano,Enugu,12.0,8.52,6.44,7.5,1805.5,1041201.0,993.2,17.55,5.17,22.72,24,0.947,1,7.9,10.9,4,6.9,79.4,fair,1.492,excellent,0,0.4834,1,0.2222,0,3.78
XB-20243645,Strawberries,Lagos,Jos,6.52,3.38,9.92,8.89,898.6,775004.0,1124.7,18.56,1.16,19.71,36,0.548,1,9.3,12.6,8,4.6,86.8,poor,1.047,excellent,0,0.5183,0,0.2523,0,4.02
XB-20243646,Tomatoes,Port Harcourt,Kano,4.82,7.04,12.0,8.52,3132.9,1037053.0,1124.5,23.02,2.12,25.14,72,0.349,1,28.0,30.2,25,5.2,58.6,fair,1.169,good,0,0.3597,0,0.3623,0,4.9
XB-20243647,Leafy Greens,Zaria,Kano,11.08,7.71,12.0,8.52,1152.1,322902.0,165.0,3.72,1.47,5.19,48,0.108,0,27.3,30.5,10,20.5,69.7,good,0.0,poor,2,0.612,1,0.7119,1,7.7
XB-20243648,Fresh Fish,Onitsha,Ibadan,6.14,6.79,7.38,3.93,4481.1,2750568.0,545.6,10.16,0.71,10.87,24,0.453,0,34.2,40.7,4,36.7,90.8,poor,2.035,poor,1,0.7902,1,0.7959,1,8.37
XB-20243649,Mangoes,Port Harcourt,Lagos,4.82,7.04,6.52,3.38,1518.0,320267.0,563.1,10.74,0.84,11.58,96,0.121,1,21.0,27.8,20,7.8,69.5,poor,1.32,good,0,0.3361,0,0.2168,0,3.73
XB-20243650,Leafy Greens,Enugu,Kaduna,6.44,7.5,10.52,7.44,1443.4,385511.0,580.3,10.08,0.6,10.68,48,0.222,1,13.5,19.7,10,9.7,65.8,good,0.0,good,1,0.2657,0,0.2851,0,4.28
XB-20243651,Strawberries,Ibadan,Zaria,7.38,3.93,11.08,7.71,4784.9,3556335.0,800.5,13.75,0.34,14.09,36,0.391,0,29.5,34.2,8,26.2,78.3,fair,0.837,good,0,0.6765,1,0.4473,0,5.58
XB-20243652,Dairy,Abuja,Kano,9.07,7.4,12.0,8.52,1726.1,729540.0,517.3,10.27,0.29,10.56,48,0.22,1,9.2,15.6,6,9.6,57.7,poor,2.962,fair,0,0.3335,0,0.3429,0,4.74
XB-20243653,Tomatoes,Abuja,Lagos,9.07,7.4,6.52,3.38,3222.4,1172569.0,671.7,11.47,2.13,13.6,72,0.189,0,39.4,46.1,25,21.1,88.0,fair,1.2,poor,3,0.5899,1,0.8272,1,8.62
XB-20243654,Tomatoes,Lagos,Kano,6.52,3.38,12.0,8.52,570.3,208414.0,1011.9,24.55,2.76,27.31,72,0.379,0,37.5,44.7,25,19.7,82.3,poor,2.253,fair,1,0.6614,1,0.697,1,7.58
XB-20243655,Tomatoes,Kano,Abuja,12.0,8.52,9.07,7.4,830.7,303314.0,503.8,8.63,1.92,10.55,72,0.147,0,34.7,40.5,25,15.5,75.5,poor,2.789,good,0,0.5531,1,0.3197,0,4.56
XB-20243656,Fresh Fish,Enugu,Jos,6.44,7.5,9.92,8.89,3723.0,2450735.0,655.4,16.15,0.62,16.77,24,0.699,1,3.2,6.0,4,2.0,88.6,fair,0.79,good,0,0.3035,0,0.3025,0,4.42
XB-20243657,Fresh Fish,Jos,Ibadan,9.92,8.89,7.38,3.93,3345.8,1974025.0,756.7,11.73,1.47,13.21,24,0.55,0,35.5,40.1,4,36.1,55.0,fair,0.794,excellent,0,0.7027,1,0.2265,0,3.81
XB-20243658,Mangoes,Enugu,Ibadan,6.44,7.5,7.38,3.93,1957.6,367455.0,650.8,11.54,0.6,12.15,96,0.127,1,21.7,28.6,20,8.6,80.3,poor,2.143,good,1,0.3884,0,0.4301,0,5.44
XB-20243659,Dairy,Kaduna,Abuja,10.52,7.44,9.07,7.4,3379.4,1524159.0,232.1,4.75,0.36,5.11,48,0.106,0,32.4,38.0,6,32.0,57.8,poor,1.921,good,1,0.5396,0,0.4187,0,5.35
XB-20243660,Dairy,Onitsha,Ibadan,6.14,6.79,7.38,3.93,921.6,422832.0,453.3,8.55,0.29,8.84,48,0.184,0,39.4,42.1,6,36.1,66.9,good,0.0,poor,0,0.3841,0,0.4698,0,5.76
XB-20243661,Leafy Greens,Abuja,Lagos,9.07,7.4,6.52,3.38,3033.2,786530.0,798.7,15.2,0.54,15.74,48,0.328,1,10.8,15.1,10,5.1,85.1,poor,1.63,excellent,0,0.4847,0,0.2821,0,4.26
XB-20243662,Leafy Greens,Ibadan,Lagos,7.38,3.93,6.52,3.38,2372.5,658290.0,174.9,3.59,4.0,7.6,48,0.158,1,13.4,15.7,10,5.7,87.5,poor,1.416,good,0,0.5484,1,0.3445,0,4.76
XB-20243663,Dairy,Abuja,Lagos,9.07,7.4,6.52,3.38,3566.2,1646491.0,762.6,15.19,1.83,17.03,48,0.355,1,8.9,15.0,6,9.0,66.6,good,0.0,fair,0,0.312,0,0.2918,0,4.33
XB-20243664,Strawberries,Onitsha,Enugu,6.14,6.79,6.44,7.5,4870.3,4161834.0,108.2,2.94,2.8,5.75,36,0.16,0,38.9,40.9,8,32.9,77.9,fair,1.291,good,0,0.3986,0,0.2466,0,3.97
XB-20243665,Strawberries,Onitsha,Zaria,6.14,6.79,11.08,7.71,3801.8,3288050.0,712.6,15.33,0.01,15.33,36,0.426,0,27.6,33.7,8,25.7,74.7,good,0.0,good,0,0.5599,0,0.3985,0,5.19
XB-20243666,Leafy Greens,Jos,Port Harcourt,9.92,8.89,4.82,7.04,4804.3,1468143.0,803.8,18.83,0.53,19.36,48,0.403,1,12.1,14.2,10,4.2,79.1,good,0.0,fair,0,0.2088,0,0.3541,0,4.83
XB-20243667,Mangoes,Port Harcourt,Ibadan,4.82,7.04,7.38,3.93,714.0,153381.0,619.7,13.37,0.38,13.75,96,0.143,1,19.9,23.1,20,3.1,56.4,poor,2.808,excellent,0,0.2764,0,0.084,0,2.67
XB-20243668,Tomatoes,Kano,Ibadan,12.0,8.52,7.38,3.93,3868.1,1472785.0,1133.4,28.73,0.64,29.37,72,0.408,0,37.6,39.8,25,14.8,57.6,good,0.0,excellent,0,0.3922,0,0.2554,0,4.04
XB-20243669,Peppers,Zaria,Port Harcourt,11.08,7.71,4.82,7.04,3015.9,585824.0,1008.1,18.86,0.99,19.85,96,0.207,0,30.2,33.2,22,11.2,77.5,fair,0.846,fair,0,0.5685,1,0.4197,0,5.36
XB-20243670,Dairy,Ibadan,Port Harcourt,7.38,3.93,4.82,7.04,2576.3,1121720.0,563.2,11.43,0.43,11.85,48,0.247,1,4.9,11.6,6,5.6,89.5,fair,1.427,fair,0,0.4149,0,0.4415,0,5.53
XB-20243671,Leafy Greens,Kano,Abuja,12.0,8.52,9.07,7.4,4100.8,1209483.0,474.6,7.68,0.11,7.79,48,0.162,0,37.0,41.5,10,31.5,74.7,fair,0.935,good,3,0.4215,1,0.6619,1,7.29
XB-20243672,Tomatoes,Ibadan,Onitsha,7.38,3.93,6.14,6.79,3961.3,1286187.0,497.6,10.87,0.97,11.84,72,0.164,0,31.8,35.2,25,10.2,69.1,good,0.0,good,0,0.5303,0,0.3702,0,4.96
XB-20243673,Tomatoes,Kaduna,Lagos,10.52,7.44,6.52,3.38,1909.1,605722.0,798.3,21.94,1.43,23.37,72,0.325,1,26.3,30.0,25,5.0,57.7,good,0.0,poor,3,0.2673,0,0.6192,1,6.95
XB-20243674,Leafy Greens,Enugu,Lagos,6.44,7.5,6.52,3.38,4914.2,1313435.0,684.6,13.15,0.88,14.03,48,0.292,1,8.7,13.3,10,3.3,62.8,fair,1.361,poor,1,0.2433,0,0.4209,0,5.37
XB-20243675,Peppers,Ibadan,Lagos,7.38,3.93,6.52,3.38,1573.8,258568.0,141.4,3.99,3.84,7.83,96,0.082,1,23.4,28.3,22,6.3,92.0,poor,1.542,fair,0,0.5117,1,0.5407,0,6.33
XB-20243676,Leafy Greens,Abuja,Kaduna,9.07,7.4,10.52,7.44,215.2,61741.0,232.6,3.97,0.73,4.7,48,0.098,0,31.3,36.9,10,26.9,62.3,fair,1.334,fair,1,0.5796,1,0.5934,1,6.75
XB-20243677,Leafy Greens,Kaduna,Zaria,10.52,7.44,11.08,7.71,3837.3,1170131.0,101.5,2.54,0.77,3.32,48,0.069,1,9.2,14.6,10,4.6,85.8,fair,0.694,fair,1,0.1619,0,0.3016,0,4.41
XB-20243678,Dairy,Kaduna,Abuja,10.52,7.44,9.07,7.4,1159.4,525574.0,197.2,3.45,0.5,3.96,48,0.082,0,38.9,46.8,6,40.8,67.3,fair,0.84,fair,0,0.6376,1,0.4458,1,5.57
XB-20243679,Mangoes,Kano,Zaria,12.0,8.52,11.08,7.71,3377.4,649873.0,182.4,3.79,0.32,4.12,96,0.043,0,36.6,39.1,20,19.1,68.6,fair,1.297,poor,0,0.4546,0,0.4182,0,5.35
XB-20243680,Tomatoes,Kaduna,Zaria,10.52,7.44,11.08,7.71,848.6,269243.0,109.2,2.58,1.02,3.6,72,0.05,1,25.4,28.0,25,3.0,81.8,good,0.0,good,0,0.113,0,0.0464,0,2.37
XB-20243681,Fresh Fish,Port Harcourt,Abuja,4.82,7.04,9.07,7.4,4437.4,2666532.0,604.0,13.4,2.27,15.67,24,0.653,1,5.3,11.9,4,7.9,68.7,poor,2.395,fair,2,0.6039,1,0.6566,1,7.25
XB-20243682,Dairy,Enugu,Port Harcourt,6.44,7.5,4.82,7.04,4466.7,1954858.0,259.2,4.23,0.27,4.49,48,0.094,0,38.8,46.4,6,40.4,58.5,good,0.0,fair,0,0.5273,1,0.5139,1,6.11
XB-20243683,Strawberries,Onitsha,Port Harcourt,6.14,6.79,4.82,7.04,3188.3,2621118.0,192.4,3.92,1.16,5.08,36,0.141,1,9.0,12.7,8,4.7,68.3,poor,1.01,good,0,0.3456,0,0.2015,0,3.61
XB-20243684,Mangoes,Jos,Zaria,9.92,8.89,11.08,7.71,3835.0,837626.0,276.9,5.78,0.06,5.84,96,0.061,0,40.5,48.3,20,28.3,72.5,good,0.0,good,1,0.4544,0,0.3879,0,5.1
XB-20243685,Leafy Greens,Lagos,Onitsha,6.52,3.38,6.14,6.79,2480.4,714222.0,559.5,10.34,0.29,10.63,48,0.221,0,30.6,37.2,10,27.2,56.6,fair,0.659,good,3,0.5909,1,0.5292,1,6.23
XB-20243686,Dairy,Enugu,Zaria,6.44,7.5,11.08,7.71,2558.5,1171058.0,747.3,15.34,2.39,17.73,48,0.369,1,7.5,10.2,6,4.2,66.2,poor,1.368,excellent,0,0.4034,0,0.2259,0,3.81
XB-20243687,Dairy,Kano,Kaduna,12.0,8.52,10.52,7.44,1766.4,670174.0,290.3,4.7,1.52,6.21,48,0.129,1,5.3,13.1,6,7.1,71.5,good,0.0,excellent,0,0.2852,0,0.1456,0,3.16
XB-20243688,Mangoes,Abuja,Enugu,9.07,7.4,6.44,7.5,205.7,44854.0,458.3,9.41,2.01,11.41,96,0.119,0,27.7,31.2,20,11.2,73.6,fair,0.553,poor,0,0.5083,0,0.5098,1,6.08
XB-20243689,Dairy,Abuja,Onitsha,9.07,7.4,6.14,6.79,2210.5,941960.0,508.1,11.66,1.94,13.6,48,0.283,1,7.8,10.7,6,4.7,81.5,poor,2.577,good,1,0.302,0,0.3025,0,4.42
XB-20243690,Mangoes,Port Harcourt,Onitsha,4.82,7.04,6.14,6.79,1323.6,247734.0,212.6,4.68,1.54,6.22,96,0.065,0,30.1,35.6,20,15.6,65.5,fair,1.323,good,1,0.4488,0,0.3919,0,5.14
XB-20243691,Fresh Fish,Port Harcourt,Kaduna,4.82,7.04,10.52,7.44,847.5,487475.0,1008.1,16.08,0.24,16.32,24,0.68,0,36.8,39.3,4,35.3,81.2,fair,1.001,excellent,0,0.7077,1,0.4048,0,5.24
XB-20243692,Tomatoes,Kaduna,Onitsha,10.52,7.44,6.14,6.79,2225.8,775053.0,688.2,15.03,0.3,15.33,72,0.213,0,39.3,43.3,25,18.3,60.6,fair,1.021,fair,2,0.3874,0,0.6414,1,7.13
XB-20243693,Peppers,Port Harcourt,Zaria,4.82,7.04,11.08,7.71,2254.2,403419.0,1102.1,31.09,0.63,31.72,96,0.33,1,21.6,26.3,22,4.3,60.5,poor,2.328,poor,0,0.3917,0,0.5002,0,6.0
XB-20243694,Peppers,Onitsha,Kano,6.14,6.79,12.0,8.52,4653.8,784675.0,1074.0,20.2,2.09,22.29,96,0.232,0,32.9,36.2,22,14.2,85.3,poor,1.213,good,1,0.6924,1,0.4503,0,5.6
XB-20243695,Mangoes,Kaduna,Enugu,10.52,7.44,6.44,7.5,438.7,83776.0,610.2,10.24,0.47,10.71,96,0.112,0,37.8,43.5,20,23.5,60.9,good,0.0,fair,0,0.4497,1,0.3425,0,4.74
XB-20243696,Fresh Fish,Port Harcourt,Kano,4.82,7.04,12.0,8.52,3469.2,2135682.0,1289.8,21.78,1.24,23.03,24,0.959,1,6.3,11.0,4,7.0,63.2,fair,0.649,good,1,0.539,0,0.5677,1,6.54
XB-20243697,Leafy Greens,Kaduna,Onitsha,10.52,7.44,6.14,6.79,622.2,169654.0,695.5,17.32,1.05,18.37,48,0.383,0,41.5,47.1,10,37.1,80.0,good,0.0,good,0,0.5586,1,0.5118,1,6.09
XB-20243698,Leafy Greens,Ibadan,Abuja,7.38,3.93,9.07,7.4,2071.6,586018.0,634.1,17.31,0.73,18.04,48,0.376,0,39.1,43.7,10,33.7,59.6,fair,0.771,good,0,0.6745,1,0.3334,0,4.67
XB-20243699,Fresh Fish,Ibadan,Zaria,7.38,3.93,11.08,7.71,3292.5,2044327.0,920.6,15.29,0.29,15.58,24,0.649,1,6.5,13.1,4,9.1,56.0,good,0.0,good,0,0.3994,0,0.2604,0,4.08
XB-20243700,Dairy,Lagos,Kano,6.52,3.38,12.0,8.52,3967.5,1694651.0,1238.2,20.0,1.78,21.78,48,0.454,0,32.6,38.8,6,32.8,57.8,poor,2.259,poor,1,0.8082,1,0.767,1,8.14
XB-20243701,Mangoes,Zaria,Onitsha,11.08,7.71,6.14,6.79,1389.3,263119.0,697.0,10.77,1.49,12.26,96,0.128,0,33.2,37.3,20,17.3,81.6,poor,1.427,good,2,0.6559,1,0.665,1,7.32
XB-20243702,Peppers,Abuja,Lagos,9.07,7.4,6.52,3.38,3404.2,633548.0,789.5,20.24,0.74,20.98,96,0.219,0,30.4,35.2,22,13.2,91.0,good,0.0,good,0,0.7814,1,0.4231,0,5.38
XB-20243703,Mangoes,Onitsha,Ibadan,6.14,6.79,7.38,3.93,239.6,44573.0,440.2,8.29,0.92,9.2,96,0.096,1,18.3,20.9,20,0.9,58.6,good,0.0,fair,2,0.0837,0,0.305,0,4.44
XB-20243704,Dairy,Onitsha,Port Harcourt,6.14,6.79,4.82,7.04,3055.3,1307737.0,196.7,3.8,2.61,6.41,48,0.134,0,30.0,32.0,6,26.0,66.9,fair,1.059,good,1,0.4888,0,0.3137,0,4.51
XB-20243705,Fresh Fish,Kaduna,Kano,10.52,7.44,12.0,8.52,4774.3,2844406.0,284.1,5.05,2.44,7.48,24,0.312,1,2.8,6.8,4,2.8,90.4,good,0.0,good,0,0.368,0,0.3383,0,4.71
XB-20243706,Peppers,Enugu,Onitsha,6.44,7.5,6.14,6.79,2239.9,395063.0,106.9,2.11,1.64,3.75,96,0.039,1,21.9,27.8,22,5.8,79.1,good,0.0,excellent,0,0.3317,0,0.0362,0,2.29
XB-20243707,Peppers,Jos,Ibadan,9.92,8.89,7.38,3.93,797.2,142278.0,942.9,19.51,1.85,21.36,96,0.223,1,25.6,31.0,22,9.0,89.3,fair,0.817,fair,0,0.5194,1,0.5135,0,6.11
XB-20243708,Mangoes,Lagos,Kano,6.52,3.38,12.0,8.52,4810.5,907779.0,1133.3,18.95,1.46,20.42,96,0.213,1,21.1,25.1,20,5.1,63.4,fair,1.085,fair,1,0.2252,0,0.3756,0,5.01
XB-20243709,Strawberries,Onitsha,Lagos,6.14,6.79,6.52,3.38,2192.5,1755632.0,580.6,15.14,3.37,18.5,36,0.514,0,34.8,40.7,8,32.7,83.3,poor,2.449,good,1,0.6847,1,0.5056,0,6.04
XB-20243710,Strawberries,Onitsha,Enugu,6.14,6.79,6.44,7.5,2499.3,1959098.0,102.6,2.41,0.25,2.66,36,0.074,1,9.1,12.3,8,4.3,85.9,fair,1.303,excellent,0,0.2434,0,0.17,0,3.36
XB-20243711,Peppers,Onitsha,Ibadan,6.14,6.79,7.38,3.93,1933.0,316750.0,420.0,11.57,0.71,12.28,96,0.128,1,22.4,24.9,22,2.9,77.4,fair,1.261,poor,1,0.2582,0,0.46,0,5.68
XB-20243712,Tomatoes,Kano,Kaduna,12.0,8.52,10.52,7.44,3911.0,1272569.0,263.2,4.34,0.78,5.12,72,0.071,0,28.1,31.8,25,6.8,90.4,poor,2.73,good,0,0.4091,0,0.2801,0,4.24
XB-20243713,Fresh Fish,Ibadan,Zaria,7.38,3.93,11.08,7.71,2311.8,1325863.0,853.0,19.18,4.3,23.48,24,0.978,0,21.8,25.0,4,21.0,89.0,fair,1.206,good,0,0.7271,1,0.423,0,5.38
XB-20243714,Tomatoes,Kaduna,Port Harcourt,10.52,7.44,4.82,7.04,1857.8,659257.0,992.8,23.37,0.1,23.47,72,0.326,0,29.3,32.8,25,7.8,77.5,good,0.0,good,1,0.5856,1,0.3906,0,5.12
XB-20243715,Strawberries,Ibadan,Jos,7.38,3.93,9.92,8.89,4033.3,3028843.0,762.1,12.23,0.89,13.12,36,0.364,0,31.7,35.6,8,27.6,88.1,fair,1.4,good,0,0.6023,1,0.4431,0,5.55
XB-20243716,Tomatoes,Onitsha,Enugu,6.14,6.79,6.44,7.5,1904.3,731154.0,110.4,1.8,0.89,2.69,72,0.037,0,30.5,34.0,25,9.0,82.3,poor,2.453,poor,2,0.6344,1,0.8412,1,8.73
XB-20243717,Peppers,Jos,Lagos,9.92,8.89,6.52,3.38,2916.8,543441.0,1002.5,24.51,0.37,24.88,96,0.259,1,21.0,24.8,22,2.8,89.1,poor,2.466,good,1,0.2965,0,0.2318,0,3.85
XB-20243718,Strawberries,Jos,Abuja,9.92,8.89,9.07,7.4,2304.9,1928694.0,287.2,6.25,1.58,7.83,36,0.217,0,43.5,46.8,8,38.8,81.1,fair,0.959,good,1,0.4747,0,0.4143,0,5.31
XB-20243719,Mangoes,Kano,Enugu,12.0,8.52,6.44,7.5,575.9,105078.0,828.1,14.68,0.45,15.13,96,0.158,0,32.7,35.1,20,15.1,70.6,good,0.0,good,0,0.3737,0,0.3102,0,4.48
XB-20243720,Mangoes,Abuja,Zaria,9.07,7.4,11.08,7.71,676.1,143012.0,321.7,8.33,0.07,8.4,96,0.088,1,21.4,28.9,20,8.9,87.3,good,0.0,good,1,0.2278,0,0.2517,0,4.01
XB-20243721,Strawberries,Kaduna,Ibadan,10.52,7.44,7.38,3.93,709.4,514955.0,657.4,11.08,0.49,11.58,36,0.322,0,24.0,28.4,8,20.4,59.3,good,0.0,good,0,0.5174,0,0.3132,0,4.51
XB-20243722,Fresh Fish,Ibadan,Jos,7.38,3.93,9.92,8.89,3840.4,2197789.0,813.3,14.79,0.03,14.81,24,0.617,0,30.4,34.7,4,30.7,82.3,fair,1.215,good,2,0.7409,1,0.6498,1,7.2
XB-20243723,Mangoes,Abuja,Kaduna,9.07,7.4,10.52,7.44,4393.0,807426.0,193.8,3.43,0.46,3.89,96,0.041,0,32.9,38.7,20,18.7,64.0,good,0.0,fair,1,0.4458,1,0.5092,0,6.07
XB-20243724,Strawberries,Kano,Onitsha,12.0,8.52,6.14,6.79,2461.0,1868746.0,941.3,14.61,0.73,15.33,36,0.426,0,33.7,37.3,8,29.3,74.8,good,0.0,excellent,0,0.5272,1,0.2508,0,4.01
XB-20243725,Strawberries,Kaduna,Ibadan,10.52,7.44,7.38,3.93,4264.0,3332252.0,675.9,16.61,0.23,16.84,36,0.468,0,25.8,30.0,8,22.0,78.4,fair,0.977,fair,2,0.4724,0,0.4953,0,5.96
XB-20243726,Leafy Greens,Abuja,Port Harcourt,9.07,7.4,4.82,7.04,4538.4,1383086.0,623.4,13.3,5.94,19.23,48,0.401,1,12.4,17.0,10,7.0,79.4,fair,0.577,fair,0,0.4215,0,0.3769,0,5.02
XB-20243727,Dairy,Zaria,Port Harcourt,11.08,7.71,4.82,7.04,4035.2,1715695.0,894.4,16.73,1.47,18.2,48,0.379,0,33.8,40.7,6,34.7,57.9,fair,0.869,poor,2,0.6414,1,0.8347,1,8.68
XB-20243728,Tomatoes,Onitsha,Lagos,6.14,6.79,6.52,3.38,2895.8,991003.0,570.6,12.12,0.11,12.23,72,0.17,1,26.7,28.7,25,3.7,84.9,good,0.0,fair,0,0.0796,0,0.2079,0,3.66
XB-20243729,Tomatoes,Abuja,Ibadan,9.07,7.4,7.38,3.93,1367.9,472143.0,669.5,14.28,0.41,14.69,72,0.204,1,26.1,29.6,25,4.6,70.8,fair,1.22,fair,0,0.3252,0,0.2864,0,4.29
XB-20243730,Leafy Greens,Ibadan,Abuja,7.38,3.93,9.07,7.4,1216.5,357582.0,618.4,12.31,2.09,14.39,48,0.3,1,13.8,18.9,10,8.9,58.0,good,0.0,fair,0,0.2385,0,0.2999,0,4.4
XB-20243731,Fresh Fish,Enugu,Kano,6.44,7.5,12.0,8.52,1218.2,736686.0,1001.4,16.98,0.04,17.02,24,0.709,1,4.7,6.8,4,2.8,71.0,good,0.0,good,0,0.2744,0,0.1233,0,2.99
XB-20243732,Leafy Greens,Lagos,Port Harcourt,6.52,3.38,4.82,7.04,3528.3,1006222.0,580.5,14.89,2.68,17.58,48,0.366,0,34.5,41.1,10,31.1,66.5,fair,1.041,good,0,0.6625,1,0.4786,0,5.83
XB-20243733,Strawberries,Abuja,Kano,9.07,7.4,12.0,8.52,4210.9,3265129.0,449.1,7.75,0.55,8.29,36,0.23,1,10.1,13.3,8,5.3,85.6,poor,2.595,good,0,0.3866,0,0.3598,0,4.88
XB-20243734,Fresh Fish,Kano,Kaduna,12.0,8.52,10.52,7.44,1346.3,882921.0,273.5,7.56,0.96,8.52,24,0.355,1,6.3,13.7,4,9.7,64.0,fair,1.078,good,1,0.4247,0,0.3343,0,4.67
XB-20243735,Mangoes,Lagos,Zaria,6.52,3.38,11.08,7.71,4879.3,943350.0,1039.6,27.62,0.41,28.03,96,0.292,1,23.8,28.9,20,8.9,67.0,poor,2.227,poor,4,0.4225,0,0.7525,1,8.02
XB-20243736,Peppers,Kaduna,Kano,10.52,7.44,12.0,8.52,3285.5,563292.0,313.7,5.43,0.6,6.04,96,0.063,1,25.4,28.5,22,6.5,66.0,good,0.0,poor,0,0.0952,0,0.2308,0,3.85
XB-20243737,Dairy,Kano,Ibadan,12.0,8.52,7.38,3.93,3672.9,1649554.0,891.1,15.03,1.48,16.5,48,0.344,0,24.5,28.6,6,22.6,84.6,fair,1.027,fair,2,0.5372,0,0.7761,1,8.21
XB-20243738,Strawberries,Kaduna,Port Harcourt,10.52,7.44,4.82,7.04,3547.1,2666751.0,852.8,21.07,1.83,22.9,36,0.636,0,34.2,40.2,8,32.2,83.9,poor,1.811,fair,0,0.866,1,0.6751,1,7.4
XB-20243739,Leafy Greens,Kaduna,Ibadan,10.52,7.44,7.38,3.93,1706.6,485896.0,673.0,13.96,0.12,14.08,48,0.293,0,27.9,32.9,10,22.9,60.3,fair,1.015,good,1,0.4266,0,0.371,0,4.97
XB-20243740,Strawberries,Kaduna,Zaria,10.52,7.44,11.08,7.71,2896.5,2300300.0,108.1,1.78,0.69,2.47,36,0.069,0,34.0,36.5,8,28.5,87.7,good,0.0,good,0,0.4229,0,0.4383,0,5.51
XB-20243741,Strawberries,Jos,Port Harcourt,9.92,8.89,4.82,7.04,3013.8,2369783.0,960.7,19.85,6.83,26.69,36,0.741,1,8.1,15.5,8,7.5,89.7,good,0.0,poor,0,0.6726,1,0.6347,0,7.08
XB-20243742,Tomatoes,Port Harcourt,Ibadan,4.82,7.04,7.38,3.93,2670.7,996134.0,653.2,10.8,0.12,10.92,72,0.152,0,34.9,40.7,25,15.7,73.8,poor,1.408,good,1,0.5087,0,0.5131,0,6.1
XB-20243743,Dairy,Port Harcourt,Zaria,4.82,7.04,11.08,7.71,733.4,295358.0,1033.1,21.59,0.56,22.15,48,0.461,0,31.9,36.5,6,30.5,82.1,fair,0.71,fair,0,0.4826,1,0.3818,0,5.05
XB-20243744,Peppers,Lagos,Kano,6.52,3.38,12.0,8.52,4706.7,827373.0,1314.2,33.05,1.06,34.11,96,0.355,1,22.3,27.0,22,5.0,73.4,fair,0.504,good,0,0.3646,0,0.3137,0,4.51
XB-20243745,Tomatoes,Onitsha,Kaduna,6.14,6.79,10.52,7.44,2275.9,772720.0,682.2,15.32,0.93,16.25,72,0.226,1,26.5,29.5,25,4.5,84.5,good,0.0,excellent,0,0.2106,0,0.01,0,2.08
XB-20243746,Tomatoes,Kaduna,Onitsha,10.52,7.44,6.14,6.79,524.2,199732.0,649.1,12.21,3.94,16.15,72,0.224,1,26.3,29.3,25,4.3,86.8,fair,1.27,good,0,0.2592,0,0.3047,0,4.44
XB-20243747,Strawberries,Onitsha,Ibadan,6.14,6.79,7.38,3.93,2773.5,2315130.0,550.8,8.64,2.97,11.61,36,0.323,1,6.1,12.4,8,4.4,65.3,poor,1.368,good,0,0.364,0,0.2865,0,4.29
XB-20243748,Mangoes,Abuja,Enugu,9.07,7.4,6.44,7.5,3371.9,635926.0,442.4,7.93,0.74,8.67,96,0.09,1,20.1,23.6,20,3.6,86.5,fair,0.904,good,0,0.1485,0,0.1837,0,3.47
XB-20243749,Fresh Fish,Port Harcourt,Lagos,4.82,7.04,6.52,3.38,2619.9,1508748.0,638.5,11.35,1.07,12.42,24,0.517,1,4.9,7.5,4,3.5,87.8,poor,1.225,poor,3,0.4277,0,0.7136,1,7.71
XB-20243750,Strawberries,Onitsha,Port Harcourt,6.14,6.79,4.82,7.04,1844.9,1487978.0,196.9,3.19,4.57,7.76,36,0.215,0,27.2,29.6,8,21.6,68.7,fair,1.015,excellent,0,0.6553,1,0.2298,0,3.84
XB-20243751,Tomatoes,Zaria,Enugu,11.08,7.71,6.44,7.5,2295.4,802449.0,665.7,11.15,1.25,12.4,72,0.172,0,27.8,31.9,25,6.9,84.5,fair,0.875,good,0,0.408,0,0.2448,0,3.96
XB-20243752,Peppers,Port Harcourt,Jos,4.82,7.04,9.92,8.89,3371.2,585927.0,824.4,21.59,1.46,23.05,96,0.24,0,44.0,48.8,22,26.8,66.4,good,0.0,good,1,0.6255,1,0.3402,0,4.72
XB-20243753,Tomatoes,Abuja,Kano,9.07,7.4,12.0,8.52,3648.1,1304161.0,446.3,11.08,0.97,12.05,72,0.167,0,36.8,41.0,25,16.0,60.4,poor,1.065,excellent,0,0.6451,1,0.3159,0,4.53
XB-20243754,Leafy Greens,Abuja,Ibadan,9.07,7.4,7.38,3.93,2788.2,844037.0,663.1,11.35,3.42,14.77,48,0.308,0,33.7,40.9,10,30.9,90.1,good,0.0,fair,1,0.6542,1,0.6577,1,7.26
XB-20243755,Peppers,Onitsha,Port Harcourt,6.14,6.79,4.82,7.04,4098.7,800946.0,203.1,4.46,0.29,4.76,96,0.05,0,33.2,36.7,22,14.7,73.5,fair,1.427,good,0,0.4594,1,0.2626,0,4.1
XB-20243756,Mangoes,Ibadan,Abuja,7.38,3.93,9.07,7.4,796.6,167706.0,544.9,9.29,3.29,12.59,96,0.131,0,29.5,33.8,20,13.8,70.2,fair,1.244,fair,1,0.5272,1,0.4854,0,5.88
XB-20243757,Strawberries,Lagos,Abuja,6.52,3.38,9.07,7.4,3005.9,2613989.0,719.4,15.73,1.26,17.0,36,0.472,0,38.2,42.1,8,34.1,87.3,fair,1.217,excellent,0,0.6067,1,0.2843,0,4.27
XB-20243758,Leafy Greens,Lagos,Onitsha,6.52,3.38,6.14,6.79,663.9,172791.0,489.3,7.55,1.99,9.55,48,0.199,0,36.8,43.5,10,33.5,90.0,good,0.0,good,1,0.4814,0,0.4614,0,5.69
XB-20243759,Mangoes,Ibadan,Kano,7.38,3.93,12.0,8.52,3880.7,770121.0,1062.5,16.53,0.63,17.17,96,0.179,1,21.1,25.1,20,5.1,70.5,poor,1.396,good,0,0.245,0,0.2026,0,3.62
XB-20243760,Strawberries,Abuja,Kano,9.07,7.4,12.0,8.52,4601.1,3953308.0,443.9,8.12,0.5,8.63,36,0.24,1,9.4,14.7,8,6.7,70.7,good,0.0,fair,2,0.221,0,0.4212,0,5.37
XB-20243761,Fresh Fish,Abuja,Enugu,9.07,7.4,6.44,7.5,442.2,257521.0,380.7,10.56,0.35,10.91,24,0.455,1,6.9,10.2,4,6.2,70.2,poor,1.233,fair,1,0.4839,1,0.5655,1,6.52
XB-20243762,Dairy,Kano,Kaduna,12.0,8.52,10.52,7.44,979.0,411255.0,243.6,3.87,2.58,6.46,48,0.134,0,32.4,37.0,6,31.0,71.5,good,0.0,fair,0,0.4958,0,0.4223,0,5.38
XB-20243763,Mangoes,Kaduna,Onitsha,10.52,7.44,6.14,6.79,4079.3,760778.0,703.6,13.66,0.3,13.96,96,0.145,1,22.0,27.5,20,7.5,58.4,fair,1.438,fair,1,0.2912,0,0.3122,0,4.5
XB-20243764,Fresh Fish,Kaduna,Kano,10.52,7.44,12.0,8.52,710.5,468416.0,250.7,5.66,0.05,5.72,24,0.238,1,7.3,12.2,4,8.2,65.9,poor,2.008,excellent,0,0.4028,1,0.2486,0,3.99
XB-20243765,Peppers,Port Harcourt,Lagos,4.82,7.04,6.52,3.38,1396.6,251734.0,681.8,18.19,1.44,19.63,96,0.204,1,24.5,26.6,22,4.6,61.2,fair,1.159,fair,1,0.2554,0,0.3794,0,5.03
XB-20243766,Leafy Greens,Abuja,Lagos,9.07,7.4,6.52,3.38,4262.6,1153575.0,684.9,13.31,0.62,13.93,48,0.29,0,37.0,41.5,10,31.5,80.5,fair,0.899,good,1,0.5529,1,0.3736,0,4.99
XB-20243767,Tomatoes,Kano,Zaria,12.0,8.52,11.08,7.71,1383.8,456324.0,168.1,3.21,1.78,4.99,72,0.069,1,26.8,30.7,25,5.7,63.5,poor,2.139,fair,1,0.4937,1,0.4234,0,5.39
XB-20243768,Dairy,Kaduna,Zaria,10.52,7.44,11.08,7.71,4776.3,2057133.0,98.4,1.74,0.17,1.91,48,0.04,1,7.4,9.7,6,3.7,75.9,fair,0.654,good,0,0.1319,0,0.223,0,3.78
XB-20243769,Leafy Greens,Kaduna,Port Harcourt,10.52,7.44,4.82,7.04,1047.5,322613.0,955.7,17.04,5.36,22.4,48,0.467,0,30.5,34.5,10,24.5,57.0,good,0.0,poor,1,0.747,1,0.7247,1,7.8
XB-20243770,Leafy Greens,Jos,Ibadan,9.92,8.89,7.38,3.93,245.7,68474.0,906.9,15.45,3.01,18.46,48,0.385,0,33.1,38.6,10,28.6,66.7,good,0.0,excellent,0,0.7621,1,0.2993,0,4.39
XB-20243771,Leafy Greens,Abuja,Zaria,9.07,7.4,11.08,7.71,1619.7,437027.0,277.2,5.03,1.88,6.92,48,0.144,0,36.9,41.6,10,31.6,78.2,fair,1.021,excellent,0,0.4391,0,0.2482,0,3.99
XB-20243772,Dairy,Enugu,Lagos,6.44,7.5,6.52,3.38,2127.1,878140.0,587.0,9.09,0.34,9.42,48,0.196,1,5.7,11.7,6,5.7,66.4,poor,1.097,good,1,0.2488,0,0.3575,0,4.86
XB-20243773,Leafy Greens,Kaduna,Abuja,10.52,7.44,9.07,7.4,4591.9,1353013.0,254.0,5.33,0.29,5.62,48,0.117,0,28.5,31.5,10,21.5,64.4,fair,0.879,good,0,0.5811,1,0.423,0,5.38
XB-20243774,Leafy Greens,Kaduna,Onitsha,10.52,7.44,6.14,6.79,2385.3,677114.0,715.3,13.8,0.19,13.99,48,0.292,1,12.1,19.7,10,9.7,62.9,good,0.0,good,0,0.1918,0,0.1578,0,3.26
XB-20243775,Fresh Fish,Abuja,Ibadan,9.07,7.4,7.38,3.93,3801.8,2293537.0,529.6,11.87,1.08,12.95,24,0.54,0,27.4,32.1,4,28.1,77.1,good,0.0,good,1,0.4686,0,0.3746,0,5.0
XB-20243776,Peppers,Lagos,Port Harcourt,6.52,3.38,4.82,7.04,4751.0,910974.0,646.9,18.07,1.4,19.48,96,0.203,0,34.8,38.5,22,16.5,58.6,fair,0.774,poor,0,0.6506,1,0.7743,1,8.19
XB-20243777,Fresh Fish,Enugu,Abuja,6.44,7.5,9.07,7.4,4280.8,2560967.0,351.3,6.28,0.92,7.2,24,0.3,1,3.7,6.7,4,2.7,63.9,fair,0.922,good,2,0.214,0,0.3242,0,4.59
XB-20243778,Dairy,Port Harcourt,Ibadan,4.82,7.04,7.38,3.93,3350.7,1540107.0,622.4,16.15,2.22,18.36,48,0.383,1,9.2,12.6,6,6.6,83.3,poor,2.527,excellent,0,0.4681,0,0.2689,0,4.15
XB-20243779,Mangoes,Port Harcourt,Zaria,4.82,7.04,11.08,7.71,4304.2,849726.0,1117.0,25.0,0.09,25.09,96,0.261,0,25.4,33.0,20,13.0,63.8,fair,1.059,good,1,0.4882,1,0.4447,0,5.56
XB-20243780,Mangoes,Enugu,Kaduna,6.44,7.5,10.52,7.44,868.0,180758.0,658.9,13.03,0.57,13.61,96,0.142,1,23.3,27.0,20,7.0,84.4,good,0.0,excellent,0,0.3006,0,0.244,0,3.95
XB-20243781,Fresh Fish,Enugu,Abuja,6.44,7.5,9.07,7.4,1009.4,659728.0,464.1,8.4,0.54,8.94,24,0.372,0,36.7,43.0,4,39.0,56.4,good,0.0,poor,0,0.5438,0,0.6707,1,7.37
XB-20243782,Fresh Fish,Zaria,Lagos,11.08,7.71,6.52,3.38,3148.6,1929429.0,896.4,23.15,0.36,23.51,24,0.98,1,3.3,10.2,4,6.2,83.9,poor,1.899,good,0,0.5259,1,0.4261,0,5.41
XB-20243783,Peppers,Jos,Zaria,9.92,8.89,11.08,7.71,1302.2,212122.0,245.7,6.73,1.31,8.04,96,0.084,0,32.2,36.7,22,14.7,76.4,fair,1.258,good,0,0.5055,0,0.3485,0,4.79
XB-20243784,Leafy Greens,Onitsha,Jos,6.14,6.79,9.92,8.89,3731.6,1144343.0,639.6,11.87,2.54,14.41,48,0.3,1,11.1,18.5,10,8.5,63.9,fair,0.605,poor,1,0.2926,0,0.5543,0,6.43
XB-20243785,Tomatoes,Kaduna,Port Harcourt,10.52,7.44,4.82,7.04,1879.0,650432.0,875.2,16.4,0.77,17.17,72,0.239,0,34.3,38.0,25,13.0,79.9,good,0.0,good,0,0.4759,1,0.3091,0,4.47
XB-20243786,Leafy Greens,Onitsha,Kano,6.14,6.79,12.0,8.52,1493.7,423659.0,1052.3,17.88,3.38,21.27,48,0.443,0,32.2,40.0,10,30.0,62.5,good,0.0,excellent,0,0.7094,1,0.4395,0,5.52
XB-20243787,Peppers,Enugu,Kano,6.44,7.5,12.0,8.52,1583.3,275111.0,804.1,14.75,5.99,20.74,96,0.216,1,22.2,27.4,22,5.4,85.9,poor,1.411,fair,0,0.4205,0,0.3361,0,4.69
XB-20243788,Mangoes,Abuja,Onitsha,9.07,7.4,6.14,6.79,1855.4,369031.0,426.2,7.74,0.33,8.07,96,0.084,0,36.4,44.2,20,24.2,84.6,fair,1.249,good,1,0.4065,0,0.4263,1,5.41
XB-20243789,Mangoes,Lagos,Kaduna,6.52,3.38,10.52,7.44,3363.1,659666.0,786.0,15.75,1.25,17.0,96,0.177,0,35.8,40.9,20,20.9,72.8,fair,1.123,excellent,0,0.4485,0,0.2924,0,4.34
XB-20243790,Strawberries,Lagos,Jos,6.52,3.38,9.92,8.89,2179.6,1779695.0,893.9,22.78,0.93,23.72,36,0.659,0,41.9,43.9,8,35.9,74.7,poor,1.66,poor,2,0.7344,1,0.8305,1,8.64
XB-20243791,Peppers,Abuja,Kano,9.07,7.4,12.0,8.52,460.5,88517.0,527.1,13.5,0.72,14.22,96,0.148,0,35.5,42.8,22,20.8,82.2,good,0.0,excellent,0,0.4837,0,0.3774,0,5.02
XB-20243792,Fresh Fish,Zaria,Abuja,11.08,7.71,9.07,7.4,804.0,485610.0,324.0,9.13,3.7,12.83,24,0.535,0,32.6,39.7,4,35.7,84.8,fair,0.819,good,1,0.7416,1,0.6199,1,6.96
XB-20243793,Tomatoes,Port Harcourt,Jos,4.82,7.04,9.92,8.89,4876.4,1632057.0,889.3,20.09,0.07,20.16,72,0.28,0,40.9,43.8,25,18.8,76.3,fair,0.519,poor,3,0.5023,0,0.6751,1,7.4
XB-20243794,Leafy Greens,Kano,Zaria,12.0,8.52,11.08,7.71,3409.7,909536.0,188.3,3.66,0.38,4.03,48,0.084,0,31.3,38.8,10,28.8,63.4,poor,2.505,fair,2,0.6901,1,0.7835,1,8.27
XB-20243795,Peppers,Kaduna,Jos,10.52,7.44,9.92,8.89,2759.4,464934.0,210.5,3.92,0.32,4.24,96,0.044,0,23.3,28.0,22,6.0,72.2,fair,0.902,fair,1,0.386,0,0.4286,0,5.43
XB-20243796,Peppers,Kaduna,Abuja,10.52,7.44,9.07,7.4,4223.1,787854.0,212.8,4.88,0.01,4.89,96,0.051,0,27.9,31.5,22,9.5,87.5,poor,1.932,good,0,0.705,1,0.5049,1,6.04
XB-20243797,Dairy,Abuja,Lagos,9.07,7.4,6.52,3.38,876.7,387698.0,760.0,11.76,4.39,16.15,48,0.336,1,8.0,15.2,6,9.2,61.0,poor,2.173,good,1,0.5511,1,0.3267,0,4.61
XB-20243798,Strawberries,Enugu,Zaria,6.44,7.5,11.08,7.71,424.9,308685.0,668.4,11.0,0.58,11.58,36,0.322,1,6.0,11.8,8,3.8,74.3,poor,1.455,fair,0,0.3032,0,0.4109,0,5.29
XB-20243799,Strawberries,Port Harcourt,Enugu,4.82,7.04,6.44,7.5,3560.6,2684225.0,251.4,4.96,1.16,6.12,36,0.17,0,30.9,34.2,8,26.2,61.4,fair,0.779,fair,1,0.494,0,0.6509,1,7.21
XB-20243800,Peppers,Jos,Kaduna,9.92,8.89,10.52,7.44,3475.5,633274.0,226.4,3.51,0.3,3.82,96,0.04,0,37.0,40.3,22,18.3,90.5,fair,0.773,poor,0,0.4983,1,0.5919,0,6.73
XB-20243801,Mangoes,Kano,Enugu,12.0,8.52,6.44,7.5,4260.0,818646.0,899.3,19.51,2.43,21.94,96,0.229,0,37.5,42.9,20,22.9,80.1,fair,1.034,fair,2,0.535,0,0.5757,1,6.61
XB-20243802,Tomatoes,Lagos,Jos,6.52,3.38,9.92,8.89,3926.6,1437107.0,1000.3,27.3,1.93,29.23,72,0.406,1,25.7,31.9,25,6.9,80.2,fair,1.313,excellent,0,0.3683,0,0.0956,0,2.76
XB-20243803,Dairy,Lagos,Enugu,6.52,3.38,6.44,7.5,293.2,111899.0,621.6,10.31,0.72,11.03,48,0.23,0,31.3,36.6,6,30.6,78.9,fair,1.445,excellent,0,0.6002,1,0.3465,0,4.77
XB-20243804,Peppers,Kaduna,Onitsha,10.52,7.44,6.14,6.79,2399.7,390676.0,746.2,13.94,1.6,15.54,96,0.162,1,21.1,24.4,22,2.4,79.1,fair,1.415,fair,1,0.1379,0,0.1816,0,3.45
XB-20243805,Dairy,Lagos,Enugu,6.52,3.38,6.44,7.5,4076.4,1641040.0,580.5,13.47,1.88,15.35,48,0.32,1,6.5,11.6,6,5.6,63.2,poor,2.22,good,0,0.3042,0,0.2972,0,4.38
XB-20243806,Peppers,Zaria,Enugu,11.08,7.71,6.44,7.5,2797.0,490070.0,673.1,15.41,0.5,15.91,96,0.166,0,32.8,36.5,22,14.5,84.2,good,0.0,poor,1,0.4632,0,0.6267,0,7.01
XB-20243807,Tomatoes,Zaria,Onitsha,11.08,7.71,6.14,6.79,2228.7,804025.0,793.5,12.87,0.55,13.43,72,0.186,1,28.7,33.6,25,8.6,61.3,poor,1.94,good,0,0.4446,0,0.2805,0,4.24
XB-20243808,Fresh Fish,Kano,Port Harcourt,12.0,8.52,4.82,7.04,4513.3,2893371.0,1179.5,23.52,9.13,32.65,24,1.36,1,3.7,9.9,4,5.9,82.9,fair,1.036,fair,0,0.7527,1,0.6383,1,7.11
XB-20243809,Strawberries,Ibadan,Kano,7.38,3.93,12.0,8.52,4715.6,4104995.0,913.3,25.82,1.11,26.93,36,0.748,0,35.0,38.3,8,30.3,62.8,poor,2.419,poor,1,0.8425,1,0.8601,1,8.88
XB-20243810,Dairy,Port Harcourt,Kano,4.82,7.04,12.0,8.52,1023.2,418569.0,1218.9,21.83,1.55,23.38,48,0.487,0,39.4,41.4,6,35.4,80.3,fair,0.562,good,0,0.6449,1,0.3393,0,4.71
XB-20243811,Fresh Fish,Onitsha,Port Harcourt,6.14,6.79,4.82,7.04,4850.0,3045826.0,186.7,4.81,0.8,5.62,24,0.234,0,26.7,33.6,4,29.6,85.8,fair,0.836,fair,0,0.5576,0,0.4616,0,5.69
XB-20243812,Fresh Fish,Jos,Onitsha,9.92,8.89,6.14,6.79,3013.9,1921680.0,611.7,10.74,1.19,11.93,24,0.497,0,31.7,36.9,4,32.9,55.6,fair,1.059,good,0,0.5426,1,0.4574,1,5.66
XB-20243813,Dairy,Jos,Abuja,9.92,8.89,9.07,7.4,1263.3,539239.0,260.1,6.81,0.22,7.03,48,0.146,1,8.2,13.6,6,7.6,68.7,fair,0.672,fair,0,0.2245,0,0.3591,0,4.87
XB-20243814,Strawberries,Enugu,Kaduna,6.44,7.5,10.52,7.44,1069.6,784431.0,579.4,9.06,0.86,9.92,36,0.276,0,36.6,41.8,8,33.8,89.7,good,0.0,fair,0,0.6288,1,0.4788,0,5.83
XB-20243815,Leafy Greens,Abuja,Kaduna,9.07,7.4,10.52,7.44,4201.3,1075068.0,210.9,4.81,0.79,5.6,48,0.117,0,37.8,40.5,10,30.5,68.8,fair,0.874,good,1,0.4035,0,0.3237,0,4.59
XB-20243816,Mangoes,Abuja,Kaduna,9.07,7.4,10.52,7.44,2683.4,577232.0,247.8,5.27,3.22,8.48,96,0.088,1,18.2,23.4,20,3.4,66.9,fair,0.579,fair,0,0.2203,0,0.3189,0,4.55
XB-20243817,Dairy,Abuja,Onitsha,9.07,7.4,6.14,6.79,709.6,308901.0,527.8,10.72,0.98,11.7,48,0.244,0,30.2,36.6,6,30.6,57.6,poor,2.164,fair,0,0.5084,1,0.4231,0,5.38
XB-20243818,Fresh Fish,Kano,Port Harcourt,12.0,8.52,4.82,7.04,2237.5,1246832.0,1275.2,33.67,0.32,33.99,24,1.416,0,29.6,35.6,4,31.6,80.6,fair,0.727,fair,1,0.9711,1,0.7035,1,7.63
XB-20243819,Strawberries,Onitsha,Zaria,6.14,6.79,11.08,7.71,1345.4,1139341.0,833.6,14.04,0.97,15.01,36,0.417,1,11.4,18.2,8,10.2,75.8,good,0.0,poor,0,0.3151,0,0.5463,1,6.37
XB-20243820,Leafy Greens,Port Harcourt,Kano,4.82,7.04,12.0,8.52,3898.0,1131595.0,1046.5,17.39,1.4,18.8,48,0.392,0,24.0,29.9,10,19.9,59.5,good,0.0,fair,1,0.5193,0,0.5731,1,6.58
XB-20243821,Tomatoes,Abuja,Kaduna,9.07,7.4,10.52,7.44,4773.2,1796427.0,220.1,3.6,0.01,3.61,72,0.05,1,23.2,29.4,25,4.4,73.5,poor,1.522,poor,0,0.2322,0,0.3469,0,4.78
XB-20243822,Dairy,Jos,Zaria,9.92,8.89,11.08,7.71,3280.8,1494480.0,248.1,5.66,1.16,6.82,48,0.142,0,33.2,37.4,6,31.4,83.5,poor,2.267,good,2,0.6633,1,0.6846,1,7.48
XB-20243823,Leafy Greens,Zaria,Lagos,11.08,7.71,6.52,3.38,3002.8,916574.0,858.0,18.59,1.7,20.29,48,0.423,0,29.5,31.6,10,21.6,71.9,good,0.0,good,0,0.6197,1,0.4109,0,5.29
XB-20243824,Leafy Greens,Lagos,Enugu,6.52,3.38,6.44,7.5,3326.6,984241.0,602.1,9.54,0.02,9.56,48,0.199,0,31.7,36.0,10,26.0,63.2,poor,1.727,fair,1,0.5055,0,0.5777,1,6.62
XB-20243825,Fresh Fish,Kaduna,Kano,10.52,7.44,12.0,8.52,1895.8,1049828.0,315.6,4.96,1.07,6.04,24,0.251,1,2.3,4.6,4,0.6,66.8,fair,1.205,poor,0,0.0209,0,0.1534,0,3.23
XB-20243826,Leafy Greens,Kaduna,Onitsha,10.52,7.44,6.14,6.79,4526.9,1159634.0,690.7,11.26,1.13,12.38,48,0.258,0,41.5,47.5,10,37.5,91.6,good,0.0,poor,2,0.5038,1,0.6737,0,7.39
XB-20243827,Dairy,Jos,Kano,9.92,8.89,12.0,8.52,3182.9,1324884.0,360.0,6.19,1.09,7.28,48,0.152,0,32.8,35.7,6,29.7,60.0,good,0.0,excellent,0,0.3379,0,0.1507,0,3.21
XB-20243828,Mangoes,Kano,Jos,12.0,8.52,9.92,8.89,2755.5,533069.0,341.6,6.53,0.29,6.82,96,0.071,1,21.4,23.5,20,3.5,77.6,fair,1.493,fair,0,0.122,0,0.3247,0,4.6
XB-20243829,Leafy Greens,Abuja,Enugu,9.07,7.4,6.44,7.5,629.3,164424.0,390.5,9.89,3.65,13.55,48,0.282,1,10.4,13.4,10,3.4,59.8,fair,1.419,excellent,0,0.3248,0,0.1328,0,3.06
XB-20243830,Strawberries,Jos,Enugu,9.92,8.89,6.44,7.5,814.7,710158.0,609.8,11.57,2.4,13.97,36,0.388,0,30.7,32.8,8,24.8,67.7,good,0.0,poor,0,0.6192,1,0.4588,0,5.67
XB-20243831,Tomatoes,Onitsha,Enugu,6.14,6.79,6.44,7.5,259.6,85025.0,109.8,1.94,0.41,2.35,72,0.033,0,29.5,35.0,25,10.0,55.9,poor,1.427,good,1,0.7585,1,0.6327,1,7.06
XB-20243832,Mangoes,Onitsha,Port Harcourt,6.14,6.79,4.82,7.04,2076.4,390047.0,206.0,3.41,0.37,3.78,96,0.039,1,20.0,24.1,20,4.1,55.1,poor,1.989,excellent,0,0.2959,0,0.2253,0,3.8
XB-20243833,Strawberries,Kano,Jos,12.0,8.52,9.92,8.89,2718.4,2271874.0,310.0,6.67,0.28,6.95,36,0.193,1,8.9,12.3,8,4.3,84.8,poor,2.303,excellent,0,0.3731,0,0.1652,0,3.32
XB-20243834,Fresh Fish,Kano,Port Harcourt,12.0,8.52,4.82,7.04,4283.8,2704965.0,1202.3,26.85,1.48,28.32,24,1.18,1,7.9,14.4,4,10.4,89.4,poor,1.856,poor,1,0.6818,1,0.7639,1,8.11
XB-20243835,Tomatoes,Zaria,Kano,11.08,7.71,12.0,8.52,3670.7,1216731.0,195.0,3.06,2.26,5.32,72,0.074,0,29.1,34.8,25,9.8,60.0,poor,2.116,good,0,0.554,1,0.4208,0,5.37
XB-20243836,Mangoes,Abuja,Ibadan,9.07,7.4,7.38,3.93,4801.3,1031705.0,644.6,10.19,0.04,10.23,96,0.107,1,20.2,22.6,20,2.6,89.4,fair,0.552,good,3,0.2478,0,0.3995,0,5.2
XB-20243837,Fresh Fish,Zaria,Onitsha,11.08,7.71,6.14,6.79,1801.0,984718.0,849.8,20.33,0.95,21.28,24,0.887,0,28.3,36.2,4,32.2,68.5,poor,2.912,excellent,0,0.7872,1,0.4711,0,5.77
XB-20243838,Fresh Fish,Port Harcourt,Onitsha,4.82,7.04,6.14,6.79,3715.4,2262065.0,237.6,4.28,1.46,5.74,24,0.239,0,30.4,33.9,4,29.9,85.1,poor,1.391,good,1,0.5649,0,0.4439,0,5.55
XB-20243839,Fresh Fish,Kano,Onitsha,12.0,8.52,6.14,6.79,1337.9,810738.0,889.1,22.18,0.51,22.69,24,0.946,0,35.7,38.6,4,34.6,56.6,poor,2.232,good,0,0.7608,1,0.5288,1,6.23
XB-20243840,Leafy Greens,Lagos,Kano,6.52,3.38,12.0,8.52,3898.4,1115963.0,1291.2,23.2,1.23,24.43,48,0.509,1,9.1,13.2,10,3.2,76.3,fair,1.183,poor,1,0.3209,0,0.5787,1,6.63
XB-20243841,Strawberries,Port Harcourt,Lagos,4.82,7.04,6.52,3.38,2787.3,2444904.0,667.1,10.89,0.93,11.83,36,0.328,0,32.4,34.6,8,26.6,58.5,fair,1.278,fair,1,0.4715,1,0.5123,1,6.1
XB-20243842,Dairy,Abuja,Kaduna,9.07,7.4,10.52,7.44,4741.5,2014251.0,204.1,4.1,2.09,6.2,48,0.129,1,7.4,15.3,6,9.3,84.8,good,0.0,good,0,0.337,0,0.2142,0,3.71
XB-20243843,Mangoes,Jos,Lagos,9.92,8.89,6.52,3.38,4500.1,822744.0,1084.7,23.93,2.56,26.49,96,0.276,0,31.4,36.7,20,16.7,58.0,poor,1.477,excellent,0,0.7233,1,0.3136,0,4.51
XB-20243844,Mangoes,Kaduna,Lagos,10.52,7.44,6.52,3.38,4630.6,855474.0,799.8,20.4,0.86,21.26,96,0.221,1,21.5,24.1,20,4.1,74.8,fair,0.907,excellent,0,0.2974,0,0.2244,0,3.8
XB-20243845,Leafy Greens,Enugu,Onitsha,6.44,7.5,6.14,6.79,1450.2,376111.0,133.2,2.44,0.4,2.85,48,0.059,1,10.6,18.3,10,8.3,71.2,poor,2.14,good,1,0.2983,0,0.3346,0,4.68
XB-20243846,Tomatoes,Kaduna,Zaria,10.52,7.44,11.08,7.71,4100.9,1566283.0,105.2,1.71,1.95,3.66,72,0.051,0,31.4,35.8,25,10.8,67.0,good,0.0,good,1,0.367,0,0.2793,0,4.23
XB-20243847,Dairy,Lagos,Jos,6.52,3.38,9.92,8.89,4824.8,1910359.0,896.5,20.17,0.6,20.77,48,0.433,0,32.7,38.1,6,32.1,68.6,poor,1.382,good,0,0.7398,1,0.6037,0,6.83
XB-20243848,Mangoes,Abuja,Onitsha,9.07,7.4,6.14,6.79,4529.5,928768.0,422.7,8.03,4.4,12.43,96,0.129,0,27.1,30.9,20,10.9,85.9,poor,1.291,good,0,0.6245,1,0.4325,0,5.46
XB-20243849,Dairy,Ibadan,Kano,7.38,3.93,12.0,8.52,660.6,294926.0,1075.4,25.26,6.2,31.45,48,0.655,0,37.3,44.9,6,38.9,68.3,poor,1.66,fair,1,0.8111,1,0.6641,1,7.31
XB-20243850,Dairy,Jos,Kano,9.92,8.89,12.0,8.52,4813.3,1967332.0,357.3,8.15,0.25,8.39,48,0.175,0,29.6,33.6,6,27.6,85.3,poor,2.146,fair,1,0.5762,0,0.6574,0,7.26
XB-20243851,Mangoes,Zaria,Abuja,11.08,7.71,9.07,7.4,1387.9,262138.0,355.7,6.27,5.61,11.88,96,0.124,0,35.9,38.3,20,18.3,63.8,fair,0.796,good,1,0.6342,1,0.3662,0,4.93
XB-20243852,Mangoes,Abuja,Zaria,9.07,7.4,11.08,7.71,2993.1,542767.0,334.8,7.92,1.49,9.41,96,0.098,1,22.2,26.3,20,6.3,80.6,fair,1.487,fair,0,0.3514,0,0.3029,0,4.42
XB-20243853,Mangoes,Abuja,Lagos,9.07,7.4,6.52,3.38,836.3,160635.0,738.6,12.45,0.98,13.43,96,0.14,0,33.1,40.5,20,20.5,81.9,fair,1.014,fair,0,0.5378,1,0.4995,1,6.0
XB-20243854,Leafy Greens,Abuja,Kaduna,9.07,7.4,10.52,7.44,3951.6,1093768.0,204.5,4.72,2.48,7.2,48,0.15,0,28.8,34.5,10,24.5,64.1,poor,1.15,good,0,0.6134,1,0.4314,0,5.45
XB-20243855,Peppers,Kano,Onitsha,12.0,8.52,6.14,6.79,3281.5,556607.0,1080.4,24.65,3.27,27.91,96,0.291,1,21.7,25.9,22,3.9,75.5,fair,1.291,excellent,0,0.2931,0,0.0585,0,2.47
XB-20243856,Dairy,Ibadan,Lagos,7.38,3.93,6.52,3.38,947.5,411399.0,135.9,3.36,0.8,4.17,48,0.087,0,33.0,35.1,6,29.1,65.7,poor,1.551,good,1,0.5738,0,0.3973,0,5.18
XB-20243857,Mangoes,Zaria,Enugu,11.08,7.71,6.44,7.5,1281.2,235566.0,819.2,18.13,0.75,18.88,96,0.197,0,24.7,32.5,20,12.5,82.1,fair,1.202,good,0,0.6179,1,0.411,0,5.29
XB-20243858,Leafy Greens,Kaduna,Port Harcourt,10.52,7.44,4.82,7.04,1711.5,506171.0,781.9,13.61,0.23,13.84,48,0.288,1,11.4,16.0,10,6.0,83.4,fair,1.382,good,0,0.4169,0,0.4077,0,5.26
XB-20243859,Fresh Fish,Onitsha,Port Harcourt,6.14,6.79,4.82,7.04,4418.0,2739596.0,229.4,3.8,1.97,5.76,24,0.24,1,5.7,7.9,4,3.9,84.1,poor,2.035,good,0,0.2737,0,0.279,0,4.23
XB-20243860,Fresh Fish,Port Harcourt,Abuja,4.82,7.04,9.07,7.4,2698.5,1693928.0,722.6,13.49,4.07,17.56,24,0.732,0,35.1,42.4,4,38.4,89.5,fair,1.405,fair,0,0.9304,1,0.694,1,7.55
XB-20243861,Strawberries,Zaria,Ibadan,11.08,7.71,7.38,3.93,3084.7,2293434.0,806.6,14.8,3.03,17.82,36,0.495,0,35.8,43.6,8,35.6,77.1,fair,1.16,poor,1,0.6663,1,0.663,1,7.3
XB-20243862,Mangoes,Lagos,Ibadan,6.52,3.38,7.38,3.93,807.7,162064.0,146.4,4.09,0.55,4.64,96,0.048,0,34.7,38.9,20,18.9,64.4,poor,2.068,fair,1,0.4254,0,0.4773,0,5.82
XB-20243863,Peppers,Kano,Jos,12.0,8.52,9.92,8.89,1316.3,220940.0,358.8,6.33,0.93,7.27,96,0.076,0,29.3,31.4,22,9.4,71.1,fair,1.122,good,2,0.5618,1,0.4819,0,5.86
XB-20243864,Tomatoes,Jos,Kaduna,9.92,8.89,10.52,7.44,4417.9,1627164.0,254.8,3.93,3.37,7.3,72,0.101,0,33.2,40.7,25,15.7,83.9,poor,1.649,excellent,0,0.7653,1,0.4232,0,5.39
XB-20243865,Mangoes,Abuja,Onitsha,9.07,7.4,6.14,6.79,4605.6,935549.0,428.3,8.77,0.43,9.2,96,0.096,0,28.3,32.6,20,12.6,87.9,good,0.0,fair,1,0.5564,1,0.6137,1,6.91
XB-20243866,Fresh Fish,Jos,Lagos,9.92,8.89,6.52,3.38,2262.0,1273406.0,1057.1,27.63,0.64,28.27,24,1.178,1,5.9,10.4,4,6.4,88.3,fair,0.654,excellent,0,0.7204,1,0.4459,0,5.57
XB-20243867,Peppers,Ibadan,Onitsha,7.38,3.93,6.14,6.79,3762.3,701198.0,466.3,9.36,0.07,9.43,96,0.098,1,23.8,29.8,22,7.8,80.0,poor,1.05,fair,0,0.4794,0,0.4684,0,5.75
XB-20243868,Dairy,Lagos,Enugu,6.52,3.38,6.44,7.5,3033.1,1264688.0,700.9,18.42,2.92,21.34,48,0.445,0,37.1,43.2,6,37.2,88.1,fair,0.744,good,0,0.761,1,0.4211,0,5.37
XB-20243869,Mangoes,Abuja,Jos,9.07,7.4,9.92,8.89,1559.8,338725.0,239.8,4.86,0.22,5.09,96,0.053,1,19.9,23.2,20,3.2,68.5,poor,1.096,fair,0,0.17,0,0.2272,0,3.82
XB-20243870,Strawberries,Kaduna,Abuja,10.52,7.44,9.07,7.4,214.9,162292.0,215.2,4.02,5.62,9.64,36,0.268,0,33.9,41.8,8,33.8,61.1,good,0.0,fair,0,0.6309,1,0.5125,0,6.1
XB-20243871,Dairy,Jos,Kaduna,9.92,8.89,10.52,7.44,3717.9,1577159.0,239.8,4.02,0.07,4.09,48,0.085,1,8.4,15.8,6,9.8,74.6,poor,2.189,poor,2,0.2752,0,0.4615,0,5.69
XB-20243872,Peppers,Jos,Zaria,9.92,8.89,11.08,7.71,4433.8,756596.0,238.2,6.45,5.01,11.46,96,0.119,0,32.2,35.9,22,13.9,84.3,fair,0.943,fair,2,0.6786,1,0.5798,1,6.64
XB-20243873,Leafy Greens,Abuja,Kaduna,9.07,7.4,10.52,7.44,1773.2,483548.0,199.8,3.9,0.08,3.98,48,0.083,1,12.8,15.6,10,5.6,76.8,good,0.0,fair,1,0.2591,0,0.4273,0,5.42
XB-20243874,Tomatoes,Zaria,Ibadan,11.08,7.71,7.38,3.93,2741.5,873509.0,919.4,17.8,1.4,19.2,72,0.267,0,39.4,41.5,25,16.5,57.6,fair,0.683,good,0,0.5931,1,0.4518,0,5.61
XB-20243875,Mangoes,Kaduna,Lagos,10.52,7.44,6.52,3.38,860.8,156640.0,941.8,18.91,0.26,19.17,96,0.2,1,22.2,29.6,20,9.6,89.5,poor,2.342,poor,0,0.5915,0,0.6291,1,7.03
XB-20243876,Leafy Greens,Port Harcourt,Ibadan,4.82,7.04,7.38,3.93,4278.5,1275628.0,631.8,13.49,0.49,13.98,48,0.291,0,37.5,44.2,10,34.2,91.5,fair,1.219,poor,2,0.5969,1,0.7394,1,7.91
XB-20243877,Fresh Fish,Onitsha,Abuja,6.14,6.79,9.07,7.4,1794.8,1022828.0,512.3,9.3,1.84,11.14,24,0.464,1,3.7,10.7,4,6.7,65.8,fair,1.165,good,0,0.4181,0,0.3387,0,4.71
XB-20243878,Strawberries,Port Harcourt,Abuja,4.82,7.04,9.07,7.4,1392.8,1091092.0,758.8,13.36,0.54,13.9,36,0.386,1,6.3,12.5,8,4.5,75.3,fair,0.893,good,0,0.3097,0,0.2731,0,4.18
XB-20243879,Tomatoes,Abuja,Enugu,9.07,7.4,6.44,7.5,4199.6,1603185.0,363.7,7.9,0.05,7.95,72,0.11,1,27.2,33.6,25,8.6,70.7,poor,1.225,poor,3,0.2419,0,0.4959,0,5.97
XB-20243880,Peppers,Abuja,Lagos,9.07,7.4,6.52,3.38,4505.8,822679.0,712.0,15.45,1.89,17.33,96,0.181,1,21.3,24.2,22,2.2,72.1,fair,1.105,fair,2,0.3771,0,0.5761,0,6.61
XB-20243881,Tomatoes,Kaduna,Zaria,10.52,7.44,11.08,7.71,1551.0,532797.0,97.7,1.95,1.05,2.99,72,0.042,0,36.7,39.6,25,14.6,90.5,fair,1.11,good,0,0.5732,1,0.3738,0,4.99
XB-20243882,Peppers,Kano,Kaduna,12.0,8.52,10.52,7.44,1095.6,214373.0,321.9,5.51,0.75,6.25,96,0.065,1,20.7,23.2,22,1.2,80.2,good,0.0,good,0,0.2078,0,0.2799,0,4.24
XB-20243883,Dairy,Onitsha,Abuja,6.14,6.79,9.07,7.4,4830.4,2133310.0,463.2,7.53,0.76,8.29,48,0.173,1,6.3,10.1,6,4.1,74.5,good,0.0,poor,0,0.1673,0,0.5148,0,6.12
XB-20243884,Peppers,Onitsha,Kaduna,6.14,6.79,10.52,7.44,4165.3,767801.0,761.2,12.69,0.64,13.33,96,0.139,1,24.9,28.8,22,6.8,66.8,fair,0.775,fair,0,0.1893,0,0.4263,0,5.41
XB-20243885,Mangoes,Ibadan,Lagos,7.38,3.93,6.52,3.38,3379.0,740091.0,145.5,2.81,1.17,3.97,96,0.041,0,29.3,33.6,20,13.6,75.8,fair,0.955,fair,0,0.4931,0,0.4918,1,5.93
XB-20243886,Dairy,Port Harcourt,Kano,4.82,7.04,12.0,8.52,2904.3,1234173.0,1218.8,31.91,0.86,32.77,48,0.683,1,9.7,15.0,6,9.0,57.5,fair,1.499,excellent,0,0.5377,0,0.2895,0,4.32
XB-20243887,Fresh Fish,Onitsha,Lagos,6.14,6.79,6.52,3.38,854.7,508877.0,459.9,10.39,0.45,10.84,24,0.452,0,36.9,39.6,4,35.6,66.7,poor,2.647,good,1,0.6153,1,0.4705,0,5.76
XB-20243888,Tomatoes,Lagos,Jos,6.52,3.38,9.92,8.89,2808.2,1004933.0,957.9,15.12,0.76,15.88,72,0.221,0,30.4,37.5,25,12.5,57.4,good,0.0,fair,1,0.4776,0,0.4915,0,5.93
XB-20243889,Peppers,Kaduna,Jos,10.52,7.44,9.92,8.89,3012.1,507448.0,247.8,5.26,0.58,5.84,96,0.061,1,24.6,28.0,22,6.0,73.9,fair,1.154,good,0,0.2199,0,0.1524,0,3.22
XB-20243890,Strawberries,Ibadan,Zaria,7.38,3.93,11.08,7.71,967.5,731958.0,870.4,13.45,2.16,15.61,36,0.434,1,7.3,11.1,8,3.1,77.4,fair,1.372,excellent,0,0.306,0,0.1942,0,3.55
XB-20243891,Strawberries,Abuja,Jos,9.07,7.4,9.92,8.89,3941.7,3191648.0,248.6,5.27,2.58,7.84,36,0.218,0,33.7,39.1,8,31.1,57.0,fair,0.52,good,2,0.5981,1,0.5567,0,6.45
XB-20243892,Mangoes,Jos,Port Harcourt,9.92,8.89,4.82,7.04,3832.9,804740.0,888.0,15.24,0.1,15.33,96,0.16,0,30.5,38.0,20,18.0,55.2,poor,2.848,good,1,0.4704,1,0.5006,1,6.0
XB-20243893,Peppers,Ibadan,Lagos,7.38,3.93,6.52,3.38,2637.2,482772.0,153.4,3.69,2.02,5.71,96,0.06,1,21.8,26.4,22,4.4,88.1,fair,0.649,poor,1,0.3719,0,0.4117,0,5.29
XB-20243894,Peppers,Abuja,Kaduna,9.07,7.4,10.52,7.44,4692.8,831408.0,255.0,5.2,1.17,6.37,96,0.066,1,25.1,28.7,22,6.7,78.2,fair,0.852,fair,0,0.2165,0,0.4059,0,5.25
XB-20243895,Dairy,Zaria,Kaduna,11.08,7.71,10.52,7.44,2663.5,1197806.0,91.3,1.75,6.36,8.11,48,0.169,1,5.2,9.4,6,3.4,84.2,poor,1.063,poor,2,0.39,0,0.6068,1,6.85
XB-20243896,Leafy Greens,Lagos,Kaduna,6.52,3.38,10.52,7.44,1147.2,323436.0,902.6,19.69,2.67,22.36,48,0.466,0,32.6,37.8,10,27.8,84.9,poor,2.05,fair,0,0.779,1,0.6665,0,7.33
XB-20243897,Mangoes,Jos,Ibadan,9.92,8.89,7.38,3.93,1765.4,321346.0,916.9,14.57,0.2,14.77,96,0.154,0,31.8,36.3,20,16.3,90.8,fair,0.911,good,0,0.6757,1,0.3807,0,5.05
XB-20243898,Tomatoes,Jos,Zaria,9.92,8.89,11.08,7.71,1216.7,407251.0,249.1,5.08,6.47,11.55,72,0.16,0,31.8,34.6,25,9.6,77.4,poor,1.401,excellent,0,0.5583,1,0.3417,0,4.73
XB-20243899,Peppers,Lagos,Abuja,6.52,3.38,9.07,7.4,3431.9,590531.0,789.6,16.71,0.36,17.07,96,0.178,0,29.8,36.0,22,14.0,69.6,poor,1.631,excellent,0,0.5837,1,0.2802,0,4.24
XB-20243900,Strawberries,Kano,Lagos,12.0,8.52,6.52,3.38,1386.1,1121518.0,1078.9,26.21,0.8,27.01,36,0.75,1,9.4,15.2,8,7.2,90.8,fair,0.715,poor,0,0.5118,0,0.584,1,6.67
XB-20243901,Tomatoes,Enugu,Jos,6.44,7.5,9.92,8.89,1242.0,405958.0,590.5,15.74,0.18,15.92,72,0.221,0,35.0,41.1,25,16.1,81.2,poor,2.778,good,0,0.6112,1,0.3159,0,4.53
XB-20243902,Strawberries,Enugu,Port Harcourt,6.44,7.5,4.82,7.04,1550.1,1239715.0,297.7,6.59,0.53,7.12,36,0.198,1,9.5,12.1,8,4.1,63.1,good,0.0,fair,0,0.1937,0,0.2924,0,4.34
XB-20243903,Peppers,Kaduna,Zaria,10.52,7.44,11.08,7.71,3323.8,656707.0,86.0,1.33,2.36,3.68,96,0.038,1,24.2,26.9,22,4.9,69.3,poor,2.416,good,0,0.2839,0,0.2809,0,4.25
XB-20243904,Leafy Greens,Ibadan,Lagos,7.38,3.93,6.52,3.38,1935.4,567988.0,155.4,3.55,0.02,3.57,48,0.074,1,11.5,18.6,10,8.6,59.8,good,0.0,fair,1,0.21,0,0.4585,0,5.67
XB-20243905,Strawberries,Enugu,Zaria,6.44,7.5,11.08,7.71,3202.4,2534601.0,775.2,12.96,0.7,13.66,36,0.38,1,11.8,19.1,8,11.1,66.5,good,0.0,fair,3,0.3336,0,0.4958,0,5.97
XB-20243906,Mangoes,Kano,Lagos,12.0,8.52,6.52,3.38,2590.4,544014.0,1075.4,18.07,7.07,25.14,96,0.262,0,34.8,40.9,20,20.9,58.3,fair,0.703,good,0,0.5058,0,0.2094,0,3.68
XB-20243907,Tomatoes,Port Harcourt,Zaria,4.82,7.04,11.08,7.71,475.0,163996.0,951.8,23.29,0.06,23.35,72,0.324,1,25.6,31.0,25,6.0,84.4,fair,1.02,excellent,0,0.2805,0,0.0744,0,2.6
XB-20243908,Peppers,Onitsha,Port Harcourt,6.14,6.79,4.82,7.04,3689.5,600685.0,217.4,6.03,3.06,9.09,96,0.095,0,32.4,38.0,22,16.0,68.7,fair,1.311,good,0,0.5008,0,0.3177,0,4.54
XB-20243909,Leafy Greens,Enugu,Kano,6.44,7.5,12.0,8.52,1857.2,471915.0,898.6,16.64,3.18,19.81,48,0.413,1,8.2,11.5,10,1.5,65.9,fair,1.2,good,0,0.3504,0,0.3573,0,4.86
XB-20243910,Leafy Greens,Onitsha,Jos,6.14,6.79,9.92,8.89,1072.6,309721.0,665.5,10.57,0.13,10.71,48,0.223,1,9.5,16.3,10,6.3,85.9,poor,2.568,good,0,0.2925,0,0.2948,0,4.36
XB-20243911,Fresh Fish,Kaduna,Kano,10.52,7.44,12.0,8.52,4756.4,2669717.0,317.3,5.38,1.34,6.72,24,0.28,1,6.8,14.6,4,10.6,79.4,poor,2.215,good,0,0.449,0,0.2611,0,4.09
XB-20243912,Mangoes,Enugu,Abuja,6.44,7.5,9.07,7.4,3737.3,700674.0,352.7,7.77,1.26,9.03,96,0.094,1,20.0,27.6,20,7.6,63.4,fair,0.662,excellent,0,0.3562,0,0.1431,0,3.14
XB-20243913,Fresh Fish,Lagos,Port Harcourt,6.52,3.38,4.82,7.04,4020.5,2508343.0,634.3,16.61,0.63,17.25,24,0.719,0,37.2,39.6,4,35.6,76.2,fair,0.683,fair,0,0.7076,1,0.5922,1,6.74
XB-20243914,Mangoes,Ibadan,Jos,7.38,3.93,9.92,8.89,4607.3,966140.0,906.5,17.67,0.04,17.72,96,0.185,1,19.2,24.6,20,4.6,71.8,good,0.0,poor,0,0.2531,0,0.4118,0,5.29
XB-20243915,Strawberries,Port Harcourt,Ibadan,4.82,7.04,7.38,3.93,415.2,306850.0,591.0,11.96,0.37,12.33,36,0.343,0,23.7,30.9,8,22.9,80.1,poor,2.906,fair,0,0.5761,1,0.4334,0,5.47
XB-20243916,Leafy Greens,Jos,Kano,9.92,8.89,12.0,8.52,3214.8,883087.0,339.1,6.71,1.35,8.06,48,0.168,1,11.1,19.1,10,9.1,64.3,good,0.0,good,0,0.3744,0,0.3032,0,4.43
XB-20243917,Strawberries,Kano,Lagos,12.0,8.52,6.52,3.38,4873.0,3804888.0,1146.0,30.25,0.51,30.77,36,0.855,0,28.8,30.9,8,22.9,78.4,poor,1.706,poor,3,0.6929,1,0.7882,1,8.31
XB-20243918,Leafy Greens,Onitsha,Kaduna,6.14,6.79,10.52,7.44,3833.4,1017689.0,693.5,10.88,1.36,12.24,48,0.255,1,9.2,15.5,10,5.5,78.5,poor,2.195,excellent,0,0.333,0,0.0979,0,2.78
XB-20243919,Strawberries,Enugu,Lagos,6.44,7.5,6.52,3.38,2715.1,1985892.0,560.7,9.81,0.22,10.03,36,0.279,1,7.7,15.3,8,7.3,85.2,poor,1.21,good,1,0.5004,0,0.3938,0,5.15
XB-20243920,Peppers,Jos,Kaduna,9.92,8.89,10.52,7.44,1662.8,326405.0,271.8,7.23,0.41,7.65,96,0.08,1,20.5,23.4,22,1.4,74.5,fair,0.715,good,0,0.1669,0,0.124,0,2.99
XB-20243921,Tomatoes,Jos,Onitsha,9.92,8.89,6.14,6.79,4462.0,1632508.0,730.4,17.66,0.18,17.84,72,0.248,1,27.2,30.3,25,5.3,74.4,fair,1.169,fair,1,0.2554,0,0.4852,0,5.88
XB-20243922,Leafy Greens,Zaria,Kano,11.08,7.71,12.0,8.52,3106.0,899960.0,187.7,3.21,7.04,10.25,48,0.213,1,11.0,18.5,10,8.5,64.2,poor,1.639,good,1,0.4,0,0.4596,0,5.68
XB-20243923,Tomatoes,Enugu,Onitsha,6.44,7.5,6.14,6.79,2060.8,745087.0,121.0,1.98,0.38,2.36,72,0.033,0,33.7,39.2,25,14.2,89.0,poor,2.602,excellent,0,0.5388,1,0.2719,0,4.17
XB-20243924,Fresh Fish,Port Harcourt,Jos,4.82,7.04,9.92,8.89,3629.1,2205655.0,746.5,13.73,1.8,15.53,24,0.647,0,36.9,44.1,4,40.1,85.6,fair,1.34,excellent,0,0.8502,1,0.3974,0,5.18
XB-20243925,Mangoes,Ibadan,Zaria,7.38,3.93,11.08,7.71,4882.9,929869.0,788.7,20.6,0.7,21.3,96,0.222,1,21.9,28.6,20,8.6,55.1,fair,1.146,poor,1,0.317,0,0.4837,0,5.87
XB-20243926,Dairy,Zaria,Kano,11.08,7.71,12.0,8.52,2623.8,1001187.0,188.0,5.19,1.15,6.34,48,0.132,1,7.7,12.3,6,6.3,91.1,poor,2.46,good,0,0.3633,0,0.256,0,4.05
XB-20243927,Tomatoes,Port Harcourt,Kaduna,4.82,7.04,10.52,7.44,3944.2,1367582.0,780.9,16.87,4.21,21.07,72,0.293,1,28.2,35.5,25,10.5,68.8,fair,0.664,poor,1,0.4773,1,0.6973,1,7.58
XB-20243928,Dairy,Kaduna,Enugu,10.52,7.44,6.44,7.5,3576.1,1601326.0,634.2,11.33,0.84,12.17,48,0.254,1,5.8,8.2,6,2.2,64.1,poor,2.586,good,0,0.316,0,0.2974,0,4.38
XB-20243929,Tomatoes,Zaria,Port Harcourt,11.08,7.71,4.82,7.04,4876.8,1760960.0,910.1,22.54,0.83,23.37,72,0.325,1,28.2,32.6,25,7.6,70.9,fair,0.949,excellent,0,0.2334,0,0.0938,0,2.75
XB-20243930,Peppers,Onitsha,Kano,6.14,6.79,12.0,8.52,4402.9,870172.0,1052.6,28.35,1.5,29.85,96,0.311,0,34.9,38.1,22,16.1,88.1,fair,0.639,fair,1,0.5748,1,0.5509,0,6.41
XB-20243931,Leafy Greens,Abuja,Enugu,9.07,7.4,6.44,7.5,3262.8,913212.0,415.3,10.62,1.11,11.73,48,0.244,1,11.2,19.2,10,9.2,87.0,good,0.0,poor,2,0.3468,0,0.6265,0,7.01
XB-20243932,Strawberries,Enugu,Lagos,6.44,7.5,6.52,3.38,1742.9,1333157.0,613.4,9.84,4.35,14.19,36,0.394,0,26.4,29.5,8,21.5,75.7,good,0.0,poor,2,0.5941,0,0.866,1,8.93
XB-20243933,Leafy Greens,Kano,Ibadan,12.0,8.52,7.38,3.93,250.4,76089.0,988.6,25.13,1.04,26.17,48,0.545,0,36.0,39.2,10,29.2,63.6,good,0.0,good,0,0.5,0,0.4224,1,5.38
XB-20243934,Leafy Greens,Onitsha,Abuja,6.14,6.79,9.07,7.4,1368.2,419271.0,513.7,8.66,0.03,8.69,48,0.181,0,25.7,29.6,10,19.6,56.7,good,0.0,fair,0,0.5214,1,0.3927,0,5.14
XB-20243935,Mangoes,Enugu,Lagos,6.44,7.5,6.52,3.38,3378.3,726425.0,576.5,11.97,0.51,12.49,96,0.13,1,19.7,24.4,20,4.4,58.7,poor,1.009,fair,0,0.2642,0,0.328,0,4.62
XB-20243936,Fresh Fish,Zaria,Port Harcourt,11.08,7.71,4.82,7.04,1704.6,998253.0,996.8,26.43,1.52,27.95,24,1.165,0,34.2,39.7,4,35.7,91.7,fair,0.846,fair,3,0.7906,1,0.8538,1,8.83
XB-20243937,Peppers,Lagos,Zaria,6.52,3.38,11.08,7.71,3945.8,738099.0,858.2,14.46,4.41,18.87,96,0.197,1,21.6,27.0,22,5.0,89.9,fair,0.584,good,1,0.4139,0,0.4016,0,5.21
XB-20243938,Peppers,Port Harcourt,Ibadan,4.82,7.04,7.38,3.93,1538.4,280513.0,595.5,12.23,2.81,15.04,96,0.157,1,22.9,28.6,22,6.6,76.3,good,0.0,fair,0,0.1617,0,0.2549,0,4.04
XB-20243939,Strawberries,Kaduna,Onitsha,10.52,7.44,6.14,6.79,4691.0,3925693.0,684.7,14.82,1.07,15.89,36,0.442,1,10.0,16.0,8,8.0,86.7,good,0.0,fair,0,0.3813,0,0.4731,0,5.78
XB-20243940,Tomatoes,Zaria,Kaduna,11.08,7.71,10.52,7.44,940.4,343657.0,108.1,2.99,0.85,3.84,72,0.053,1,24.5,30.6,25,5.6,61.5,fair,1.425,good,0,0.1609,0,0.0518,0,2.41
XB-20243941,Strawberries,Abuja,Lagos,9.07,7.4,6.52,3.38,3540.8,2948231.0,728.1,18.34,1.31,19.65,36,0.546,0,27.1,31.2,8,23.2,78.2,good,0.0,good,0,0.4748,1,0.436,0,5.49
XB-20243942,Tomatoes,Zaria,Kano,11.08,7.71,12.0,8.52,4703.4,1487331.0,169.0,3.14,0.47,3.6,72,0.05,0,37.3,39.6,25,14.6,77.0,poor,2.175,good,0,0.5074,0,0.3641,0,4.91
XB-20243943,Dairy,Zaria,Kaduna,11.08,7.71,10.52,7.44,4591.7,1808480.0,94.1,2.16,3.07,5.23,48,0.109,0,31.1,38.9,6,32.9,58.9,poor,1.651,fair,1,0.5228,1,0.5409,0,6.33
XB-20243944,Mangoes,Kano,Port Harcourt,12.0,8.52,4.82,7.04,338.5,73041.0,1263.0,19.68,1.94,21.62,96,0.225,1,18.7,20.7,20,0.7,70.9,fair,0.876,good,1,0.0762,0,0.2878,0,4.3
XB-20243945,Strawberries,Ibadan,Zaria,7.38,3.93,11.08,7.71,3072.2,2697200.0,926.9,19.28,0.17,19.44,36,0.54,0,32.9,39.8,8,31.8,64.2,poor,1.355,good,0,0.6232,1,0.2535,0,4.03
XB-20243946,Strawberries,Kano,Lagos,12.0,8.52,6.52,3.38,1086.5,791697.0,1085.9,22.83,1.07,23.9,36,0.664,0,23.4,30.7,8,22.7,62.3,good,0.0,fair,1,0.4735,1,0.4577,0,5.66
XB-20243947,Peppers,Onitsha,Kaduna,6.14,6.79,10.52,7.44,4356.6,811433.0,644.3,12.49,1.94,14.42,96,0.15,0,28.9,31.9,22,9.9,90.8,good,0.0,poor,1,0.5053,1,0.6854,1,7.48
XB-20243948,Mangoes,Kaduna,Zaria,10.52,7.44,11.08,7.71,4351.6,796334.0,95.7,2.02,0.97,2.99,96,0.031,1,21.7,27.7,20,7.7,90.5,good,0.0,fair,0,0.2753,0,0.3255,0,4.6
XB-20243949,Fresh Fish,Kaduna,Abuja,10.52,7.44,9.07,7.4,1371.2,741228.0,237.8,5.54,0.57,6.11,24,0.255,0,34.8,39.4,4,35.4,65.7,fair,1.289,poor,0,0.5663,1,0.5275,0,6.22
XB-20243950,Mangoes,Jos,Lagos,9.92,8.89,6.52,3.38,557.3,120683.0,1098.1,22.0,4.07,26.07,96,0.272,0,30.0,36.7,20,16.7,57.5,fair,0.758,fair,2,0.7236,1,0.6092,0,6.87
XB-20243951,Strawberries,Enugu,Jos,6.44,7.5,9.92,8.89,4782.6,3472873.0,519.7,12.49,0.8,13.29,36,0.369,1,11.3,15.1,8,7.1,78.6,fair,0.678,good,0,0.3198,0,0.2409,0,3.93
XB-20243952,Fresh Fish,Kaduna,Ibadan,10.52,7.44,7.38,3.93,2579.1,1485211.0,830.7,14.18,2.25,16.44,24,0.685,1,3.3,7.2,4,3.2,63.0,poor,1.599,poor,1,0.5027,0,0.6265,1,7.01
XB-20243953,Mangoes,Jos,Zaria,9.92,8.89,11.08,7.71,1771.0,365604.0,252.1,5.43,0.88,6.31,96,0.066,1,21.5,28.5,20,8.5,71.3,good,0.0,fair,0,0.1829,0,0.3041,0,4.43
XB-20243954,Peppers,Kano,Zaria,12.0,8.52,11.08,7.71,3643.0,688008.0,215.0,4.35,1.43,5.77,96,0.06,0,29.5,33.8,22,11.8,64.7,fair,0.667,fair,0,0.6691,1,0.491,0,5.93
XB-20243955,Tomatoes,Kano,Jos,12.0,8.52,9.92,8.89,3984.9,1310765.0,294.9,4.76,0.6,5.37,72,0.075,1,26.9,31.8,25,6.8,91.0,fair,1.259,excellent,0,0.3287,0,0.0383,0,2.31
XB-20243956,Tomatoes,Port Harcourt,Onitsha,4.82,7.04,6.14,6.79,4613.5,1555041.0,211.9,4.62,2.38,6.99,72,0.097,0,41.2,43.5,25,18.5,87.2,fair,0.921,fair,1,0.5189,1,0.3776,0,5.02
XB-20243957,Leafy Greens,Kano,Jos,12.0,8.52,9.92,8.89,3505.9,980936.0,305.3,6.87,1.75,8.63,48,0.18,1,11.7,17.2,10,7.2,74.7,fair,0.701,good,2,0.222,0,0.4019,0,5.22
XB-20243958,Dairy,Onitsha,Ibadan,6.14,6.79,7.38,3.93,2033.4,771271.0,427.8,6.71,1.18,7.89,48,0.164,0,27.2,30.4,6,24.4,71.8,fair,0.625,excellent,0,0.3978,0,0.191,0,3.53
XB-20243959,Strawberries,Jos,Kaduna,9.92,8.89,10.52,7.44,360.0,314218.0,258.5,4.34,2.1,6.44,36,0.179,1,8.9,15.3,8,7.3,58.7,good,0.0,good,1,0.3622,0,0.4189,0,5.35
XB-20243960,Tomatoes,Port Harcourt,Zaria,4.82,7.04,11.08,7.71,2707.9,862960.0,1060.3,17.24,0.23,17.47,72,0.243,1,23.7,31.2,25,6.2,90.9,poor,1.693,excellent,0,0.4491,1,0.1796,0,3.44
XB-20243961,Fresh Fish,Zaria,Kano,11.08,7.71,12.0,8.52,1697.3,968536.0,174.9,4.24,0.44,4.67,24,0.195,0,35.4,38.9,4,34.9,57.3,good,0.0,good,0,0.3007,0,0.2976,0,4.38
XB-20243962,Peppers,Onitsha,Lagos,6.14,6.79,6.52,3.38,273.4,49544.0,604.9,13.8,4.04,17.83,96,0.186,0,31.4,39.1,22,17.1,66.6,fair,1.145,poor,1,0.6009,1,0.6763,1,7.41
XB-20243963,Fresh Fish,Ibadan,Lagos,7.38,3.93,6.52,3.38,880.5,538995.0,154.4,2.88,0.06,2.94,24,0.123,0,31.5,39.0,4,35.0,81.2,fair,1.353,good,2,0.6007,0,0.4291,0,5.43
XB-20243964,Leafy Greens,Jos,Abuja,9.92,8.89,9.07,7.4,1401.0,377307.0,252.6,4.43,0.18,4.61,48,0.096,0,33.9,39.5,10,29.5,66.5,good,0.0,good,0,0.5681,1,0.4046,0,5.24
XB-20243965,Strawberries,Lagos,Jos,6.52,3.38,9.92,8.89,3925.6,3139712.0,867.2,19.37,2.11,21.49,36,0.597,1,10.0,15.4,8,7.4,87.5,fair,0.978,fair,1,0.4613,1,0.5589,1,6.47
XB-20243966,Leafy Greens,Enugu,Zaria,6.44,7.5,11.08,7.71,2006.9,590460.0,758.8,13.16,0.35,13.51,48,0.282,1,11.5,18.0,10,8.0,55.9,good,0.0,excellent,0,0.2197,0,0.1067,0,2.85
XB-20243967,Peppers,Kano,Lagos,12.0,8.52,6.52,3.38,1808.2,301087.0,1059.5,18.38,5.22,23.59,96,0.246,1,25.4,31.8,22,9.8,87.2,poor,1.825,fair,1,0.5029,1,0.548,1,6.38
XB-20243968,Dairy,Kaduna,Port Harcourt,10.52,7.44,4.82,7.04,4005.8,1522054.0,765.1,16.88,0.07,16.95,48,0.353,0,38.6,42.7,6,36.7,67.1,fair,1.372,poor,2,0.8138,1,0.8907,1,9.13
XB-20243969,Tomatoes,Enugu,Kaduna,6.44,7.5,10.52,7.44,2998.8,964788.0,631.6,12.23,3.54,15.76,72,0.219,0,30.0,33.2,25,8.2,86.4,poor,1.356,good,1,0.6068,0,0.5052,0,6.04
XB-20243970,Dairy,Kaduna,Kano,10.52,7.44,12.0,8.52,987.6,439925.0,322.5,5.4,0.67,6.07,48,0.127,1,6.8,13.2,6,7.2,78.0,fair,0.519,fair,1,0.2261,0,0.3666,0,4.93
XB-20243971,Leafy Greens,Jos,Zaria,9.92,8.89,11.08,7.71,1100.7,284242.0,224.2,5.15,4.07,9.22,48,0.192,1,13.0,20.0,10,10.0,89.9,fair,0.988,good,0,0.5991,0,0.3756,0,5.0
XB-20243972,Mangoes,Kaduna,Zaria,10.52,7.44,11.08,7.71,1733.2,348861.0,89.4,1.48,0.28,1.75,96,0.018,0,37.9,42.1,20,22.1,68.9,good,0.0,good,0,0.4613,0,0.2998,0,4.4
XB-20243973,Dairy,Kano,Jos,12.0,8.52,9.92,8.89,4144.4,1613336.0,286.4,7.71,1.26,8.98,48,0.187,0,38.8,41.6,6,35.6,72.4,poor,1.32,good,0,0.6099,1,0.4053,0,5.24
XB-20243974,Leafy Greens,Lagos,Abuja,6.52,3.38,9.07,7.4,2423.0,723589.0,658.2,14.74,0.14,14.88,48,0.31,0,30.5,38.0,10,28.0,90.5,poor,1.453,good,1,0.5881,1,0.3984,0,5.19
XB-20243975,Dairy,Port Harcourt,Lagos,4.82,7.04,6.52,3.38,3849.4,1749162.0,640.5,16.07,6.26,22.33,48,0.465,1,7.1,10.6,6,4.6,63.6,poor,1.208,poor,4,0.4563,1,0.7425,1,7.94
XB-20243976,Peppers,Kano,Port Harcourt,12.0,8.52,4.82,7.04,2342.3,419691.0,1211.4,34.11,0.11,34.22,96,0.356,1,21.2,27.3,22,5.3,78.3,fair,1.325,good,0,0.4164,0,0.3823,0,5.06
XB-20243977,Peppers,Lagos,Abuja,6.52,3.38,9.07,7.4,361.4,60284.0,720.9,19.22,0.87,20.08,96,0.209,0,30.4,37.3,22,15.3,57.0,poor,2.441,poor,0,0.5201,1,0.6977,1,7.58
XB-20243978,Peppers,Abuja,Port Harcourt,9.07,7.4,4.82,7.04,2028.1,375084.0,643.6,12.04,0.82,12.86,96,0.134,1,22.3,26.5,22,4.5,73.2,fair,1.23,good,0,0.2611,0,0.2942,0,4.35
XB-20243979,Dairy,Ibadan,Kaduna,7.38,3.93,10.52,7.44,1730.1,675172.0,684.4,18.49,1.24,19.73,48,0.411,0,38.5,43.3,6,37.3,87.1,fair,1.09,good,0,0.6024,1,0.5175,1,6.14
XB-20243980,Fresh Fish,Zaria,Lagos,11.08,7.71,6.52,3.38,314.2,174530.0,944.9,19.0,0.72,19.72,24,0.822,1,3.0,7.7,4,3.7,62.5,poor,1.097,excellent,0,0.3957,0,0.204,0,3.63
XB-20243981,Strawberries,Onitsha,Zaria,6.14,6.79,11.08,7.71,850.0,728900.0,731.3,11.94,0.58,12.53,36,0.348,0,35.8,38.4,8,30.4,91.3,fair,1.144,poor,0,0.6648,1,0.6938,1,7.55
XB-20243982,Dairy,Onitsha,Zaria,6.14,6.79,11.08,7.71,2857.9,1106491.0,875.8,18.14,5.29,23.43,48,0.488,0,29.3,36.2,6,30.2,73.5,fair,1.142,excellent,0,0.5761,1,0.2611,0,4.09
XB-20243983,Leafy Greens,Zaria,Kano,11.08,7.71,12.0,8.52,3833.3,1115955.0,173.0,3.19,5.02,8.22,48,0.171,1,11.4,15.5,10,5.5,79.8,poor,2.394,good,1,0.2977,0,0.4199,0,5.36
XB-20243984,Strawberries,Kano,Port Harcourt,12.0,8.52,4.82,7.04,2305.8,1727007.0,1169.7,29.23,0.52,29.75,36,0.827,0,30.1,34.9,8,26.9,57.7,fair,0.643,excellent,0,0.6201,0,0.2553,0,4.04
XB-20243985,Mangoes,Lagos,Abuja,6.52,3.38,9.07,7.4,3871.5,849718.0,735.9,17.24,0.44,17.68,96,0.184,0,32.0,38.4,20,18.4,55.5,fair,0.778,excellent,0,0.3697,0,0.1939,0,3.55
XB-20243986,Peppers,Lagos,Kano,6.52,3.38,12.0,8.52,3699.5,668400.0,1311.6,23.19,0.76,23.95,96,0.249,0,29.9,32.5,22,10.5,86.3,poor,2.46,fair,3,0.6941,1,0.703,1,7.62
XB-20243987,Strawberries,Zaria,Lagos,11.08,7.71,6.52,3.38,4905.5,3700992.0,917.9,17.67,2.99,20.66,36,0.574,1,11.4,17.1,8,9.1,63.5,fair,1.3,fair,1,0.5362,0,0.5101,0,6.08
XB-20243988,Tomatoes,Kaduna,Lagos,10.52,7.44,6.52,3.38,3722.4,1270865.0,796.5,18.58,1.39,19.97,72,0.277,0,32.6,37.3,25,12.3,83.5,poor,1.027,fair,1,0.6887,1,0.5693,1,6.55
XB-20243989,Fresh Fish,Onitsha,Ibadan,6.14,6.79,7.38,3.93,1697.8,953712.0,455.8,7.82,0.3,8.12,24,0.338,0,27.6,35.3,4,31.3,88.8,good,0.0,good,0,0.4815,1,0.3159,0,4.53
XB-20243990,Strawberries,Zaria,Ibadan,11.08,7.71,7.38,3.93,3695.1,3169894.0,860.9,13.89,2.14,16.02,36,0.445,0,29.2,36.8,8,28.8,77.2,fair,0.739,fair,1,0.5791,1,0.6114,1,6.89
XB-20243991,Peppers,Onitsha,Jos,6.14,6.79,9.92,8.89,1240.6,202021.0,583.1,13.54,0.08,13.63,96,0.142,1,22.5,26.2,22,4.2,81.3,poor,1.095,good,0,0.428,0,0.2939,0,4.35
XB-20243992,Mangoes,Enugu,Jos,6.44,7.5,9.92,8.89,2589.5,561412.0,604.6,16.42,1.35,17.77,96,0.185,1,19.3,23.3,20,3.3,55.8,fair,1.133,excellent,0,0.3174,0,0.203,0,3.62
XB-20243993,Fresh Fish,Lagos,Kano,6.52,3.38,12.0,8.52,2954.0,1617397.0,1041.1,20.86,1.11,21.98,24,0.916,0,31.0,33.1,4,29.1,79.9,good,0.0,poor,1,0.7034,1,0.6671,1,7.34
XB-20243994,Leafy Greens,Abuja,Enugu,9.07,7.4,6.44,7.5,589.7,164109.0,468.2,9.39,0.01,9.4,48,0.196,0,27.8,34.8,10,24.8,55.8,poor,2.05,good,0,0.5125,1,0.337,0,4.7
XB-20243995,Peppers,Ibadan,Jos,7.38,3.93,9.92,8.89,4376.0,710612.0,921.2,14.99,2.03,17.02,96,0.177,1,20.4,26.8,22,4.8,81.6,poor,2.649,good,0,0.263,0,0.2329,0,3.86
XB-20243996,Fresh Fish,Abuja,Ibadan,9.07,7.4,7.38,3.93,397.1,252190.0,536.2,10.86,0.12,10.98,24,0.458,1,3.8,10.3,4,6.3,79.6,poor,2.188,excellent,0,0.3104,0,0.1148,0,2.92
XB-20243997,Mangoes,Ibadan,Abuja,7.38,3.93,9.07,7.4,4826.5,869627.0,557.4,8.61,0.12,8.73,96,0.091,0,42.7,48.8,20,28.8,68.1,good,0.0,poor,2,0.5946,1,0.7176,1,7.74
XB-20243998,Strawberries,Kano,Abuja,12.0,8.52,9.07,7.4,4791.6,3832688.0,547.8,13.83,1.05,14.87,36,0.413,0,35.6,40.3,8,32.3,62.9,fair,1.431,excellent,0,0.5683,0,0.3002,0,4.4
XB-20243999,Mangoes,Kaduna,Port Harcourt,10.52,7.44,4.82,7.04,1153.4,225274.0,813.9,21.91,1.46,23.37,96,0.243,0,34.5,38.4,20,18.4,58.8,good,0.0,good,3,0.4948,0,0.5364,0,6.29
XB-20244000,Strawberries,Kaduna,Abuja,10.52,7.44,9.07,7.4,3677.1,3203214.0,234.9,6.32,2.63,8.95,36,0.249,1,10.2,13.1,8,5.1,82.7,fair,0.779,good,1,0.365,0,0.3031,0,4.43
XB-20244001,Fresh Fish,Jos,Kano,9.92,8.89,12.0,8.52,2960.9,1670031.0,326.3,6.54,3.41,9.95,24,0.415,1,5.7,9.3,4,5.3,74.7,poor,2.11,fair,1,0.3257,0,0.4132,0,5.31
XB-20244002,Fresh Fish,Port Harcourt,Kano,4.82,7.04,12.0,8.52,3949.3,2231090.0,1272.3,34.61,3.63,38.24,24,1.593,1,2.6,7.5,4,3.5,63.2,poor,2.428,fair,1,0.8029,1,0.7276,1,7.82
XB-20244003,Dairy,Onitsha,Jos,6.14,6.79,9.92,8.89,3141.8,1389995.0,761.2,17.6,0.0,17.6,48,0.367,0,32.8,39.9,6,33.9,56.9,good,0.0,good,1,0.5304,1,0.4565,0,5.65
XB-20244004,Fresh Fish,Port Harcourt,Jos,4.82,7.04,9.92,8.89,319.0,177703.0,734.7,18.01,0.09,18.11,24,0.754,1,5.2,10.8,4,6.8,60.8,fair,1.417,good,1,0.3432,0,0.3389,0,4.71
XB-20244005,Tomatoes,Jos,Kano,9.92,8.89,12.0,8.52,2614.8,907142.0,351.2,7.04,0.7,7.74,72,0.107,1,25.8,32.8,25,7.8,91.3,good,0.0,poor,1,0.3308,0,0.5434,0,6.35
XB-20244006,Tomatoes,Kaduna,Kano,10.52,7.44,12.0,8.52,1292.5,496924.0,269.6,5.93,3.48,9.42,72,0.131,1,28.4,34.2,25,9.2,63.5,poor,2.818,excellent,0,0.343,0,0.2006,0,3.6
XB-20244007,Tomatoes,Kano,Lagos,12.0,8.52,6.52,3.38,4305.4,1613639.0,1063.6,26.51,0.77,27.28,72,0.379,0,30.1,37.5,25,12.5,83.9,fair,1.451,good,0,0.6135,1,0.3843,0,5.07
XB-20244008,Peppers,Ibadan,Port Harcourt,7.38,3.93,4.82,7.04,1514.0,259087.0,555.7,10.61,1.08,11.7,96,0.122,1,22.6,28.1,22,6.1,88.2,good,0.0,excellent,0,0.2141,0,0.1904,0,3.52
XB-20244009,Tomatoes,Onitsha,Abuja,6.14,6.79,9.07,7.4,303.2,107806.0,450.0,10.59,0.8,11.39,72,0.158,0,38.3,42.8,25,17.8,81.0,poor,1.555,fair,0,0.5271,0,0.4911,0,5.93
XB-20244010,Dairy,Ibadan,Kano,7.38,3.93,12.0,8.52,2523.2,979421.0,877.9,16.38,0.63,17.01,48,0.354,1,7.8,14.5,6,8.5,83.4,poor,1.424,poor,3,0.5153,1,0.7484,1,7.99
XB-20244011,Tomatoes,Lagos,Abuja,6.52,3.38,9.07,7.4,1371.7,516934.0,703.1,19.81,0.16,19.97,72,0.277,1,23.8,31.2,25,6.2,72.5,fair,0.927,good,0,0.2941,0,0.3297,0,4.64
XB-20244012,Tomatoes,Port Harcourt,Jos,4.82,7.04,9.92,8.89,950.9,361726.0,902.8,18.61,2.8,21.4,72,0.297,0,32.7,36.2,25,11.2,83.8,fair,1.312,fair,2,0.6717,1,0.6635,0,7.31
XB-20244013,Strawberries,Ibadan,Lagos,7.38,3.93,6.52,3.38,1423.7,1058128.0,159.3,3.73,1.29,5.02,36,0.139,1,9.9,12.6,8,4.6,90.0,fair,0.984,good,0,0.2088,0,0.1631,0,3.3
XB-20244014,Peppers,Ibadan,Lagos,7.38,3.93,6.52,3.38,3225.9,576205.0,151.2,2.71,0.32,3.03,96,0.032,0,32.5,38.0,22,16.0,87.6,fair,1.241,fair,1,0.481,1,0.5105,1,6.08
XB-20244015,Peppers,Kaduna,Port Harcourt,10.52,7.44,4.82,7.04,4257.3,697509.0,1016.5,20.24,0.44,20.68,96,0.215,1,24.1,28.7,22,6.7,56.7,good,0.0,poor,1,0.2623,0,0.4417,0,5.53
XB-20244016,Fresh Fish,Abuja,Kaduna,9.07,7.4,10.52,7.44,4092.5,2219491.0,240.0,3.82,3.55,7.37,24,0.307,0,33.3,37.0,4,33.0,75.9,fair,1.228,excellent,0,0.4295,1,0.2241,0,3.79
XB-20244017,Dairy,Lagos,Onitsha,6.52,3.38,6.14,6.79,478.7,211328.0,604.7,9.4,2.06,11.47,48,0.239,1,5.5,9.7,6,3.7,75.6,fair,0.808,fair,2,0.274,0,0.4576,0,5.66
XB-20244018,Leafy Greens,Ibadan,Onitsha,7.38,3.93,6.14,6.79,1791.1,452144.0,433.1,8.5,1.79,10.29,48,0.214,0,30.7,38.2,10,28.2,68.4,poor,2.794,poor,1,0.7387,1,0.6161,1,6.93
XB-20244019,Leafy Greens,Kaduna,Jos,10.52,7.44,9.92,8.89,4987.3,1314498.0,218.1,5.39,0.01,5.4,48,0.113,0,27.3,35.2,10,25.2,86.6,poor,1.776,excellent,0,0.5391,0,0.1821,0,3.46
XB-20244020,Strawberries,Enugu,Port Harcourt,6.44,7.5,4.82,7.04,1755.8,1336248.0,268.6,5.13,0.6,5.73,36,0.159,0,29.7,34.2,8,26.2,91.3,fair,0.631,poor,1,0.5883,1,0.723,1,7.78
XB-20244021,Fresh Fish,Jos,Port Harcourt,9.92,8.89,4.82,7.04,2845.9,1840090.0,856.0,20.26,0.1,20.36,24,0.848,1,2.3,5.2,4,1.2,56.7,fair,1.325,good,0,0.3356,0,0.4472,0,5.58
XB-20244022,Peppers,Kaduna,Zaria,10.52,7.44,11.08,7.71,2652.8,516488.0,89.1,1.57,0.12,1.69,96,0.018,1,22.2,25.3,22,3.3,82.2,poor,1.413,good,1,0.1623,0,0.204,0,3.63
XB-20244023,Fresh Fish,Ibadan,Port Harcourt,7.38,3.93,4.82,7.04,772.9,471389.0,680.2,12.29,0.19,12.48,24,0.52,0,25.3,30.6,4,26.6,62.1,poor,1.242,fair,0,0.6199,1,0.459,0,5.67
XB-20244024,Peppers,Zaria,Port Harcourt,11.08,7.71,4.82,7.04,4096.4,696064.0,840.0,18.21,1.4,19.6,96,0.204,0,37.4,39.7,22,17.7,82.2,fair,0.518,good,0,0.5772,0,0.3312,0,4.65
XB-20244025,Fresh Fish,Onitsha,Ibadan,6.14,6.79,7.38,3.93,3482.2,2044183.0,458.8,9.06,2.25,11.31,24,0.471,0,28.8,35.8,4,31.8,59.6,poor,1.259,poor,2,0.7112,1,0.7889,1,8.31
XB-20244026,Mangoes,Abuja,Port Harcourt,9.07,7.4,4.82,7.04,3708.7,770326.0,687.3,17.64,0.84,18.48,96,0.192,0,34.5,37.1,20,17.1,75.2,good,0.0,poor,0,0.5565,1,0.6331,1,7.07
XB-20244027,Tomatoes,Onitsha,Zaria,6.14,6.79,11.08,7.71,732.6,262325.0,784.6,12.26,0.21,12.47,72,0.173,0,31.3,36.2,25,11.2,55.3,fair,1.147,fair,0,0.4248,0,0.441,0,5.53
XB-20244028,Leafy Greens,Abuja,Onitsha,9.07,7.4,6.14,6.79,2315.8,622105.0,404.3,7.52,0.02,7.55,48,0.157,0,25.6,31.9,10,21.9,90.6,good,0.0,good,0,0.5082,0,0.3651,0,4.92
XB-20244029,Strawberries,Enugu,Port Harcourt,6.44,7.5,4.82,7.04,2474.5,2043251.0,244.8,3.91,3.85,7.76,36,0.216,1,8.0,15.4,8,7.4,58.4,good,0.0,good,1,0.257,0,0.2547,0,4.04
XB-20244030,Mangoes,Kaduna,Kano,10.52,7.44,12.0,8.52,4104.0,832532.0,273.8,7.72,1.32,9.05,96,0.094,0,39.6,46.9,20,26.9,75.9,fair,0.537,excellent,0,0.5315,0,0.1843,0,3.47
XB-20244031,Strawberries,Jos,Kano,9.92,8.89,12.0,8.52,3097.0,2583644.0,310.4,7.39,0.7,8.09,36,0.225,1,10.1,13.7,8,5.7,73.1,poor,2.333,good,0,0.3708,0,0.269,0,4.15
XB-20244032,Mangoes,Lagos,Kano,6.52,3.38,12.0,8.52,3045.4,579504.0,1059.3,18.17,1.08,19.26,96,0.201,0,30.6,33.6,20,13.6,91.7,fair,0.751,good,0,0.6047,0,0.3557,0,4.85
XB-20244033,Tomatoes,Abuja,Lagos,9.07,7.4,6.52,3.38,1586.5,602661.0,780.3,19.16,2.63,21.79,72,0.303,1,28.9,31.3,25,6.3,62.3,fair,0.86,excellent,0,0.4602,0,0.2291,0,3.83
XB-20244034,Leafy Greens,Ibadan,Abuja,7.38,3.93,9.07,7.4,3391.1,916054.0,632.5,10.49,2.19,12.68,48,0.264,0,29.8,36.5,10,26.5,81.4,fair,0.704,good,0,0.4929,1,0.3572,0,4.86
XB-20244035,Peppers,Ibadan,Onitsha,7.38,3.93,6.14,6.79,2592.9,507849.0,549.4,9.08,0.53,9.62,96,0.1,1,25.4,32.9,22,10.9,90.1,fair,1.362,good,1,0.4169,0,0.4334,1,5.47
XB-20244036,Dairy,Kaduna,Port Harcourt,10.52,7.44,4.82,7.04,4173.5,1811138.0,813.8,12.79,1.19,13.98,48,0.291,0,37.5,45.0,6,39.0,62.7,fair,1.125,poor,2,0.463,1,0.6694,1,7.35
XB-20244037,Fresh Fish,Ibadan,Kaduna,7.38,3.93,10.52,7.44,4070.7,2530430.0,636.8,15.21,0.06,15.27,24,0.636,1,2.1,4.5,4,0.5,70.1,good,0.0,excellent,0,0.2039,0,0.1099,0,2.88
XB-20244038,Fresh Fish,Ibadan,Zaria,7.38,3.93,11.08,7.71,877.2,525123.0,875.4,19.4,1.05,20.45,24,0.852,1,6.8,14.1,4,10.1,82.4,fair,0.948,fair,0,0.6893,1,0.6245,1,7.0
XB-20244039,Strawberries,Enugu,Jos,6.44,7.5,9.92,8.89,3888.9,3036179.0,620.3,12.08,0.52,12.6,36,0.35,1,10.8,17.8,8,9.8,86.6,fair,1.309,good,0,0.3873,0,0.3309,0,4.65
XB-20244040,Leafy Greens,Kano,Ibadan,12.0,8.52,7.38,3.93,4868.1,1278134.0,1039.0,29.08,0.33,29.41,48,0.613,1,10.8,17.0,10,7.0,74.2,fair,1.176,good,0,0.3104,0,0.193,0,3.54
XB-20244041,Leafy Greens,Jos,Kano,9.92,8.89,12.0,8.52,3579.6,1023125.0,328.7,7.47,0.4,7.88,48,0.164,0,31.3,35.3,10,25.3,61.3,poor,2.394,fair,1,0.5031,1,0.5229,0,6.18
XB-20244042,Mangoes,Kaduna,Ibadan,10.52,7.44,7.38,3.93,1290.1,264202.0,676.1,11.11,0.2,11.31,96,0.118,1,24.0,29.4,20,9.4,73.1,fair,0.949,fair,1,0.228,0,0.3642,0,4.91
XB-20244043,Dairy,Zaria,Port Harcourt,11.08,7.71,4.82,7.04,2078.6,848210.0,1085.1,22.12,0.18,22.3,48,0.465,1,7.4,13.1,6,7.1,88.7,fair,1.23,good,0,0.3322,0,0.1494,0,3.2
XB-20244044,Leafy Greens,Kano,Lagos,12.0,8.52,6.52,3.38,986.1,303302.0,997.4,17.0,0.15,17.16,48,0.357,0,31.3,37.1,10,27.1,61.1,poor,2.515,poor,1,0.6164,1,0.5851,0,6.68
XB-20244045,Mangoes,Abuja,Jos,9.07,7.4,9.92,8.89,2457.4,444331.0,279.3,5.25,1.46,6.71,96,0.07,1,23.3,28.6,20,8.6,71.1,poor,2.624,excellent,0,0.5356,0,0.2508,0,4.01
XB-20244046,Tomatoes,Zaria,Ibadan,11.08,7.71,7.38,3.93,4690.0,1726357.0,918.6,20.07,1.15,21.22,72,0.295,1,26.6,31.0,25,6.0,78.0,fair,1.157,good,0,0.3242,0,0.253,0,4.02
XB-20244047,Strawberries,Ibadan,Enugu,7.38,3.93,6.44,7.5,4965.0,4356295.0,639.9,16.82,2.54,19.36,36,0.538,1,11.1,13.2,8,5.2,63.8,good,0.0,excellent,0,0.409,0,0.3277,0,4.62
XB-20244048,Tomatoes,Onitsha,Kaduna,6.14,6.79,10.52,7.44,3297.5,1191906.0,623.7,13.75,0.37,14.11,72,0.196,0,37.1,41.6,25,16.6,67.9,poor,1.511,good,0,0.6001,0,0.4584,0,5.67
XB-20244049,Strawberries,Onitsha,Abuja,6.14,6.79,9.07,7.4,2206.7,1721362.0,433.1,11.78,2.41,14.19,36,0.394,0,27.3,31.2,8,23.2,66.9,fair,0.969,poor,1,0.6544,1,0.717,1,7.74
XB-20244050,Tomatoes,Zaria,Ibadan,11.08,7.71,7.38,3.93,4515.9,1537571.0,841.0,22.31,0.3,22.61,72,0.314,0,31.3,36.8,25,11.8,78.6,fair,1.498,good,0,0.6902,1,0.4266,0,5.41
XB-20244051,Peppers,Lagos,Kaduna,6.52,3.38,10.52,7.44,2234.6,408520.0,924.9,14.74,1.46,16.2,96,0.169,1,25.2,28.1,22,6.1,85.5,good,0.0,excellent,0,0.1541,0,0.1563,0,3.25
XB-20244052,Strawberries,Kano,Lagos,12.0,8.52,6.52,3.38,4084.0,3559380.0,1248.6,30.39,0.4,30.79,36,0.855,1,7.0,11.8,8,3.8,86.1,good,0.0,poor,2,0.4773,0,0.6121,1,6.9
XB-20244053,Strawberries,Port Harcourt,Enugu,4.82,7.04,6.44,7.5,1108.3,910142.0,258.6,4.94,2.27,7.2,36,0.2,1,8.6,14.8,8,6.8,90.4,poor,1.046,good,0,0.3907,1,0.2097,0,3.68
XB-20244054,Tomatoes,Kaduna,Kano,10.52,7.44,12.0,8.52,1849.1,708142.0,250.4,6.29,2.1,8.39,72,0.117,1,24.6,28.6,25,3.6,78.7,good,0.0,poor,1,0.3317,0,0.486,0,5.89
XB-20244055,Strawberries,Abuja,Ibadan,9.07,7.4,7.38,3.93,2124.4,1843113.0,658.2,14.34,9.63,23.97,36,0.666,0,38.6,42.3,8,34.3,57.6,fair,0.813,excellent,0,0.7987,1,0.389,0,5.11
XB-20244056,Leafy Greens,Onitsha,Enugu,6.14,6.79,6.44,7.5,2554.2,756365.0,107.2,1.78,0.33,2.11,48,0.044,1,8.9,12.2,10,2.2,88.6,fair,0.998,excellent,0,0.1254,0,0.1221,0,2.98
XB-20244057,Fresh Fish,Jos,Ibadan,9.92,8.89,7.38,3.93,2275.2,1231816.0,977.8,25.08,0.6,25.68,24,1.07,0,44.1,47.8,4,43.8,79.8,good,0.0,poor,1,0.7991,1,0.8217,1,8.57
XB-20244058,Fresh Fish,Jos,Enugu,9.92,8.89,6.44,7.5,2980.6,1897952.0,641.9,14.0,1.38,15.38,24,0.641,0,32.4,37.8,4,33.8,84.1,good,0.0,fair,0,0.713,1,0.5458,0,6.37
XB-20244059,Strawberries,Jos,Lagos,9.92,8.89,6.52,3.38,804.8,629287.0,955.4,15.78,2.15,17.93,36,0.498,1,9.0,15.4,8,7.4,60.6,fair,0.573,good,0,0.3338,0,0.193,0,3.54
XB-20244060,Leafy Greens,Kano,Lagos,12.0,8.52,6.52,3.38,3309.1,871636.0,1263.3,25.17,0.74,25.91,48,0.54,1,13.2,17.4,10,7.4,85.0,good,0.0,good,0,0.4237,0,0.2744,0,4.2
XB-20244061,Tomatoes,Jos,Abuja,9.92,8.89,9.07,7.4,913.0,319512.0,233.6,6.32,0.1,6.42,72,0.089,0,29.8,33.9,25,8.9,70.8,fair,1.059,excellent,0,0.5441,1,0.3555,0,4.84
XB-20244062,Strawberries,Kaduna,Zaria,10.52,7.44,11.08,7.71,1796.9,1387011.0,97.1,1.69,3.96,5.64,36,0.157,0,33.4,38.9,8,30.9,81.0,fair,0.609,good,0,0.5653,1,0.3401,0,4.72
XB-20244063,Leafy Greens,Ibadan,Kano,7.38,3.93,12.0,8.52,1518.9,441351.0,1136.2,20.57,0.89,21.46,48,0.447,1,13.1,20.2,10,10.2,69.5,fair,1.346,poor,0,0.3352,0,0.5359,0,6.29
XB-20244064,Fresh Fish,Enugu,Abuja,6.44,7.5,9.07,7.4,613.1,381329.0,454.1,8.96,0.76,9.71,24,0.405,0,40.4,44.2,4,40.2,71.2,good,0.0,fair,3,0.5666,1,0.7503,1,8.0
XB-20244065,Leafy Greens,Enugu,Abuja,6.44,7.5,9.07,7.4,2634.3,731205.0,359.0,7.63,2.84,10.48,48,0.218,1,13.2,21.1,10,11.1,77.3,fair,1.341,excellent,0,0.4671,0,0.2448,0,3.96
XB-20244066,Mangoes,Port Harcourt,Enugu,4.82,7.04,6.44,7.5,3764.1,791247.0,288.2,6.68,1.27,7.96,96,0.083,0,34.8,38.4,20,18.4,90.2,fair,1.073,fair,0,0.6264,1,0.5031,1,6.02
XB-20244067,Tomatoes,Ibadan,Onitsha,7.38,3.93,6.14,6.79,1314.9,416757.0,534.1,10.8,2.18,12.98,72,0.18,1,25.2,28.5,25,3.5,69.1,poor,2.488,good,0,0.145,0,0.2448,0,3.96
XB-20244068,Mangoes,Port Harcourt,Lagos,4.82,7.04,6.52,3.38,4664.7,1021184.0,594.1,13.02,4.4,17.42,96,0.181,0,34.8,37.3,20,17.3,69.7,fair,0.844,good,0,0.5072,1,0.3918,0,5.13
XB-20244069,Mangoes,Zaria,Kaduna,11.08,7.71,10.52,7.44,214.8,46920.0,106.1,2.17,0.07,2.24,96,0.023,1,23.2,27.3,20,7.3,87.5,fair,0.667,good,1,0.276,0,0.2486,0,3.99
XB-20244070,Tomatoes,Kano,Jos,12.0,8.52,9.92,8.89,835.3,272965.0,331.7,6.27,0.38,6.65,72,0.092,1,24.1,31.0,25,6.0,83.7,poor,1.694,good,1,0.4175,0,0.3536,0,4.83
XB-20244071,Tomatoes,Onitsha,Jos,6.14,6.79,9.92,8.89,3324.5,1162489.0,695.0,12.21,2.26,14.47,72,0.201,0,28.0,33.8,25,8.8,77.9,poor,1.228,fair,0,0.6013,1,0.6264,1,7.01
XB-20244072,Dairy,Lagos,Port Harcourt,6.52,3.38,4.82,7.04,1621.7,712371.0,647.5,18.42,1.17,19.59,48,0.408,1,7.8,13.5,6,7.5,82.2,fair,0.942,good,0,0.3561,0,0.3003,0,4.4
XB-20244073,Tomatoes,Onitsha,Port Harcourt,6.14,6.79,4.82,7.04,1278.3,424132.0,226.5,4.54,0.23,4.77,72,0.066,0,28.3,31.9,25,6.9,72.7,fair,0.811,poor,4,0.3598,0,0.5822,0,6.66
XB-20244074,Mangoes,Zaria,Jos,11.08,7.71,9.92,8.89,4078.2,841900.0,223.8,3.67,4.34,8.01,96,0.083,0,34.5,38.7,20,18.7,72.9,poor,1.03,poor,1,0.577,0,0.5201,0,6.16
XB-20244075,Mangoes,Zaria,Kaduna,11.08,7.71,10.52,7.44,3469.6,629767.0,83.0,1.78,2.37,4.15,96,0.043,1,22.3,28.2,20,8.2,55.9,poor,1.973,poor,1,0.3763,1,0.5364,1,6.29
XB-20244076,Peppers,Onitsha,Abuja,6.14,6.79,9.07,7.4,1705.0,319311.0,493.9,11.64,0.57,12.2,96,0.127,0,34.3,37.1,22,15.1,66.2,good,0.0,good,0,0.4688,0,0.3521,0,4.82
XB-20244077,Dairy,Port Harcourt,Zaria,4.82,7.04,11.08,7.71,2307.1,912137.0,1013.0,16.05,3.4,19.44,48,0.405,0,35.2,42.6,6,36.6,74.3,good,0.0,good,1,0.5213,0,0.4177,0,5.34
XB-20244078,Fresh Fish,Kaduna,Zaria,10.52,7.44,11.08,7.71,1147.2,707561.0,87.5,2.32,1.68,4.0,24,0.167,0,33.4,35.7,4,31.7,81.4,poor,1.065,excellent,0,0.6382,1,0.3205,0,4.56
XB-20244079,Leafy Greens,Zaria,Abuja,11.08,7.71,9.07,7.4,2707.0,768708.0,341.9,7.69,1.9,9.59,48,0.2,1,9.2,12.1,10,2.1,87.6,fair,1.256,fair,2,0.2984,0,0.5993,1,6.79
XB-20244080,Strawberries,Ibadan,Enugu,7.38,3.93,6.44,7.5,3958.8,2871609.0,581.8,9.03,5.08,14.11,36,0.392,0,33.2,37.0,8,29.0,67.5,good,0.0,poor,0,0.599,1,0.6236,0,6.99
XB-20244081,Fresh Fish,Abuja,Port Harcourt,9.07,7.4,4.82,7.04,1662.3,1045695.0,752.5,12.21,0.56,12.77,24,0.532,0,29.3,34.3,4,30.3,85.0,poor,1.573,good,1,0.6676,1,0.4961,1,5.97
XB-20244082,Strawberries,Enugu,Zaria,6.44,7.5,11.08,7.71,649.7,509600.0,823.0,19.52,1.2,20.71,36,0.575,0,45.2,51.8,8,43.8,89.7,fair,1.238,poor,0,0.7951,1,0.742,1,7.94
XB-20244083,Fresh Fish,Enugu,Abuja,6.44,7.5,9.07,7.4,1020.6,660710.0,369.4,7.59,5.41,13.0,24,0.542,0,31.6,39.3,4,35.3,81.9,fair,1.363,good,1,0.5478,0,0.5034,0,6.03
XB-20244084,Strawberries,Lagos,Onitsha,6.52,3.38,6.14,6.79,4736.7,3517792.0,560.1,8.94,1.2,10.14,36,0.282,0,43.0,49.2,8,41.2,65.8,poor,2.147,good,0,0.6577,1,0.4202,1,5.36
XB-20244085,Tomatoes,Kaduna,Port Harcourt,10.52,7.44,4.82,7.04,1400.1,510004.0,780.0,21.03,1.52,22.55,72,0.313,0,30.7,33.8,25,8.8,74.3,fair,1.174,good,2,0.4863,1,0.4775,0,5.82
XB-20244086,Tomatoes,Lagos,Abuja,6.52,3.38,9.07,7.4,1034.4,395190.0,696.3,14.81,4.31,19.13,72,0.266,0,37.3,39.3,25,14.3,76.3,good,0.0,fair,2,0.5323,1,0.5603,1,6.48
XB-20244087,Leafy Greens,Zaria,Kano,11.08,7.71,12.0,8.52,4399.4,1176739.0,165.6,4.33,1.61,5.94,48,0.124,1,12.0,14.4,10,4.4,55.1,fair,0.953,fair,0,0.1423,0,0.2729,0,4.18
XB-20244088,Fresh Fish,Enugu,Abuja,6.44,7.5,9.07,7.4,4794.1,2691974.0,381.4,10.58,0.53,11.1,24,0.463,1,3.7,6.0,4,2.0,88.0,good,0.0,good,0,0.2958,0,0.2225,0,3.78
XB-20244089,Peppers,Port Harcourt,Onitsha,4.82,7.04,6.14,6.79,2157.3,389497.0,184.5,3.34,1.64,4.98,96,0.052,0,30.8,37.4,22,15.4,64.0,poor,2.612,good,1,0.4852,0,0.3545,0,4.84
XB-20244090,Mangoes,Kaduna,Jos,10.52,7.44,9.92,8.89,1343.7,287563.0,213.1,4.91,1.35,6.26,96,0.065,0,35.7,41.5,20,21.5,67.3,fair,0.819,excellent,0,0.5834,0,0.2889,0,4.31
XB-20244091,Tomatoes,Jos,Zaria,9.92,8.89,11.08,7.71,2937.0,1035682.0,263.5,4.23,1.51,5.75,72,0.08,0,30.6,38.5,25,13.5,85.2,good,0.0,good,0,0.5742,0,0.3466,0,4.77
XB-20244092,Strawberries,Onitsha,Jos,6.14,6.79,9.92,8.89,2345.8,1719157.0,664.2,16.34,0.19,16.53,36,0.459,1,11.5,14.8,8,6.8,71.4,poor,2.354,poor,3,0.4425,0,0.7397,1,7.92
XB-20244093,Strawberries,Onitsha,Lagos,6.14,6.79,6.52,3.38,3895.9,3369773.0,564.6,12.49,2.37,14.85,36,0.413,1,7.8,15.4,8,7.4,91.5,fair,0.699,fair,3,0.4256,0,0.6453,1,7.16
XB-20244094,Dairy,Enugu,Abuja,6.44,7.5,9.07,7.4,1252.4,477219.0,386.8,8.71,4.03,12.74,48,0.266,0,29.9,37.7,6,31.7,79.1,fair,1.433,fair,1,0.723,1,0.6054,1,6.84
XB-20244095,Leafy Greens,Abuja,Zaria,9.07,7.4,11.08,7.71,750.0,229417.0,331.5,7.13,2.05,9.18,48,0.191,1,12.0,15.7,10,5.7,71.5,fair,1.155,poor,2,0.3559,0,0.6388,1,7.11
XB-20244096,Dairy,Kano,Enugu,12.0,8.52,6.44,7.5,3438.7,1525779.0,943.9,15.76,3.43,19.18,48,0.4,0,32.7,35.5,6,29.5,87.1,fair,1.376,good,0,0.6507,1,0.4816,0,5.85
XB-20244097,Fresh Fish,Zaria,Abuja,11.08,7.71,9.07,7.4,3366.0,1986018.0,297.2,7.2,0.41,7.62,24,0.317,1,4.1,7.7,4,3.7,87.8,good,0.0,poor,2,0.2592,0,0.637,0,7.1
XB-20244098,Peppers,Jos,Ibadan,9.92,8.89,7.38,3.93,1441.5,277906.0,865.1,21.97,1.79,23.76,96,0.248,1,20.9,27.3,22,5.3,71.3,good,0.0,excellent,0,0.1878,0,0.0553,0,2.44
XB-20244099,Fresh Fish,Enugu,Onitsha,6.44,7.5,6.14,6.79,2345.7,1338266.0,105.5,2.17,2.25,4.42,24,0.184,1,4.0,8.9,4,4.9,83.1,poor,1.992,excellent,0,0.4376,0,0.265,0,4.12
XB-20244100,Dairy,Kaduna,Enugu,10.52,7.44,6.44,7.5,981.4,389532.0,556.4,13.03,1.52,14.54,48,0.303,0,34.9,41.3,6,35.3,58.3,poor,1.135,fair,2,0.5316,1,0.6024,1,6.82
XB-20244101,Strawberries,Lagos,Ibadan,6.52,3.38,7.38,3.93,2139.0,1753550.0,161.9,4.09,0.56,4.66,36,0.129,0,31.0,34.3,8,26.3,62.8,fair,0.868,good,1,0.556,0,0.4719,0,5.78
XB-20244102,Fresh Fish,Jos,Ibadan,9.92,8.89,7.38,3.93,4629.4,2517230.0,910.8,16.71,2.31,19.01,24,0.792,0,37.8,40.0,4,36.0,74.4,fair,1.474,poor,0,0.619,1,0.5788,0,6.63
XB-20244103,Leafy Greens,Lagos,Enugu,6.52,3.38,6.44,7.5,3446.1,1048107.0,664.3,18.03,0.09,18.11,48,0.377,1,11.0,16.0,10,6.0,72.2,poor,2.53,fair,0,0.3739,0,0.4316,0,5.45
XB-20244104,Fresh Fish,Onitsha,Port Harcourt,6.14,6.79,4.82,7.04,1095.2,629787.0,192.8,4.36,2.55,6.91,24,0.288,0,31.2,36.6,4,32.6,63.4,poor,2.84,excellent,0,0.5208,0,0.1759,0,3.41
XB-20244105,Mangoes,Kano,Enugu,12.0,8.52,6.44,7.5,2141.9,466054.0,762.4,20.85,2.65,23.5,96,0.245,1,23.5,29.7,20,9.7,68.1,fair,1.052,good,1,0.4112,1,0.3487,0,4.79
XB-20244106,Fresh Fish,Kaduna,Enugu,10.52,7.44,6.44,7.5,3066.7,1969928.0,628.3,14.55,0.56,15.11,24,0.629,1,2.1,4.8,4,0.8,61.4,fair,1.154,fair,0,0.1877,0,0.2874,0,4.3
XB-20244107,Peppers,Onitsha,Enugu,6.14,6.79,6.44,7.5,4144.8,721544.0,111.5,2.11,1.71,3.83,96,0.04,0,34.0,36.8,22,14.8,88.3,fair,0.839,fair,2,0.5794,1,0.6444,1,7.16
XB-20244108,Dairy,Zaria,Jos,11.08,7.71,9.92,8.89,3061.9,1366610.0,255.4,5.01,0.09,5.1,48,0.106,1,9.1,16.7,6,10.7,58.6,good,0.0,fair,0,0.1584,0,0.2426,0,3.94
XB-20244109,Leafy Greens,Abuja,Ibadan,9.07,7.4,7.38,3.93,570.8,163077.0,613.2,10.93,0.22,11.15,48,0.232,1,9.2,16.5,10,6.5,75.8,fair,0.65,excellent,0,0.2312,0,0.1004,0,2.8
XB-20244110,Tomatoes,Port Harcourt,Zaria,4.82,7.04,11.08,7.71,4093.0,1305861.0,1051.7,23.81,0.08,23.88,72,0.332,1,24.9,28.3,25,3.3,68.0,poor,2.595,good,0,0.1731,0,0.0939,0,2.75
XB-20244111,Leafy Greens,Kaduna,Kano,10.52,7.44,12.0,8.52,4067.3,1154240.0,252.2,6.1,0.65,6.75,48,0.141,1,13.6,19.4,10,9.4,76.4,poor,1.244,fair,1,0.3627,0,0.442,0,5.54
XB-20244112,Leafy Greens,Abuja,Kano,9.07,7.4,12.0,8.52,2101.5,645747.0,455.9,7.55,2.1,9.65,48,0.201,1,11.8,17.8,10,7.8,60.5,poor,2.747,good,0,0.3472,0,0.2744,0,4.19
XB-20244113,Tomatoes,Onitsha,Lagos,6.14,6.79,6.52,3.38,341.2,126265.0,548.0,11.17,0.22,11.4,72,0.158,1,23.2,26.1,25,1.1,63.6,good,0.0,good,1,0.1984,0,0.2188,0,3.75
XB-20244114,Fresh Fish,Abuja,Kano,9.07,7.4,12.0,8.52,4674.1,2894312.0,503.3,14.14,0.11,14.25,24,0.594,1,7.3,14.0,4,10.0,59.9,good,0.0,good,0,0.4535,1,0.3589,0,4.87
XB-20244115,Mangoes,Zaria,Kano,11.08,7.71,12.0,8.52,2313.0,468299.0,166.7,3.81,1.94,5.75,96,0.06,1,21.6,25.1,20,5.1,67.6,fair,0.859,excellent,0,0.177,0,0.0864,0,2.69
XB-20244116,Strawberries,Lagos,Kano,6.52,3.38,12.0,8.52,3324.0,2489298.0,1282.6,31.38,0.03,31.4,36,0.872,0,38.2,45.9,8,37.9,57.8,poor,1.383,excellent,0,0.7582,1,0.4931,1,5.94
XB-20244117,Peppers,Enugu,Kano,6.44,7.5,12.0,8.52,4957.9,803245.0,795.3,19.06,1.04,20.1,96,0.209,0,38.7,42.2,22,20.2,62.3,good,0.0,good,1,0.4821,1,0.4088,0,5.27
XB-20244118,Peppers,Port Harcourt,Zaria,4.82,7.04,11.08,7.71,1310.5,258483.0,884.0,16.04,2.68,18.72,96,0.195,0,32.5,38.5,22,16.5,67.1,poor,2.709,excellent,0,0.6872,1,0.3679,0,4.94
XB-20244119,Mangoes,Enugu,Onitsha,6.44,7.5,6.14,6.79,4635.8,957832.0,132.7,2.61,0.97,3.58,96,0.037,0,26.5,30.3,20,10.3,69.4,good,0.0,fair,1,0.4852,0,0.5519,1,6.42
XB-20244120,Strawberries,Jos,Lagos,9.92,8.89,6.52,3.38,2000.3,1702571.0,879.7,20.13,0.46,20.59,36,0.572,0,30.1,33.8,8,25.8,68.7,poor,1.083,poor,0,0.6935,1,0.6099,0,6.88
XB-20244121,Strawberries,Enugu,Lagos,6.44,7.5,6.52,3.38,4430.4,3253609.0,664.4,11.44,0.43,11.87,36,0.33,1,9.3,14.1,8,6.1,88.4,good,0.0,good,1,0.255,0,0.2951,0,4.36
XB-20244122,Dairy,Ibadan,Kano,7.38,3.93,12.0,8.52,1172.0,514200.0,1036.5,23.5,1.55,25.05,48,0.522,1,4.6,6.9,6,0.9,75.4,poor,2.407,fair,1,0.314,0,0.3954,0,5.16
XB-20244123,Strawberries,Abuja,Port Harcourt,9.07,7.4,4.82,7.04,2831.0,2153272.0,648.5,12.53,1.38,13.91,36,0.386,1,7.1,12.2,8,4.2,81.5,fair,0.911,excellent,0,0.4057,0,0.203,0,3.62
XB-20244124,Dairy,Jos,Lagos,9.92,8.89,6.52,3.38,4363.6,1871155.0,972.2,16.65,0.18,16.84,48,0.351,1,9.2,15.1,6,9.1,73.1,fair,1.26,poor,1,0.3017,0,0.4784,0,5.83
XB-20244125,Dairy,Port Harcourt,Jos,4.82,7.04,9.92,8.89,4042.2,1580826.0,942.0,20.28,1.1,21.37,48,0.445,1,9.0,12.9,6,6.9,90.5,poor,2.659,fair,3,0.6167,1,0.7254,1,7.8
XB-20244126,Peppers,Zaria,Enugu,11.08,7.71,6.44,7.5,2685.5,444683.0,683.7,12.27,1.41,13.68,96,0.143,1,20.6,28.3,22,6.3,57.5,fair,1.471,good,1,0.4891,1,0.4263,0,5.41
XB-20244127,Strawberries,Abuja,Enugu,9.07,7.4,6.44,7.5,3793.3,3088494.0,445.1,9.27,0.59,9.85,36,0.274,0,27.2,30.0,8,22.0,55.5,good,0.0,fair,0,0.5411,1,0.5438,1,6.35
XB-20244128,Dairy,Kaduna,Kano,10.52,7.44,12.0,8.52,1027.8,448583.0,309.8,5.66,3.65,9.31,48,0.194,1,6.6,10.9,6,4.9,89.7,poor,1.856,good,0,0.4438,1,0.4234,0,5.39
XB-20244129,Strawberries,Ibadan,Enugu,7.38,3.93,6.44,7.5,4000.5,3513380.0,511.5,9.21,0.42,9.63,36,0.267,1,8.8,16.3,8,8.3,77.9,fair,1.192,excellent,0,0.4141,0,0.1585,0,3.27
XB-20244130,Leafy Greens,Zaria,Jos,11.08,7.71,9.92,8.89,1669.0,460258.0,263.4,5.09,0.12,5.21,48,0.109,1,9.6,14.4,10,4.4,79.1,fair,1.274,fair,0,0.2402,0,0.2684,0,4.15
XB-20244131,Strawberries,Kaduna,Onitsha,10.52,7.44,6.14,6.79,1452.1,1266044.0,696.6,14.76,3.11,17.87,36,0.496,0,35.0,39.1,8,31.1,72.5,fair,1.3,good,0,0.7022,1,0.4514,1,5.61
XB-20244132,Leafy Greens,Ibadan,Kano,7.38,3.93,12.0,8.52,1991.3,541686.0,1119.3,24.76,2.15,26.91,48,0.561,1,8.4,12.3,10,2.3,69.4,fair,0.688,fair,1,0.4062,0,0.4923,0,5.94
XB-20244133,Dairy,Kano,Kaduna,12.0,8.52,10.52,7.44,255.1,111201.0,293.6,4.64,3.4,8.03,48,0.167,0,33.5,40.5,6,34.5,60.2,good,0.0,good,0,0.3824,0,0.275,0,4.2
XB-20244134,Dairy,Kano,Abuja,12.0,8.52,9.07,7.4,3628.2,1506652.0,538.6,8.94,0.13,9.07,48,0.189,1,8.2,12.2,6,6.2,70.4,fair,1.341,good,1,0.2836,0,0.3155,0,4.52
XB-20244135,Mangoes,Ibadan,Zaria,7.38,3.93,11.08,7.71,1071.5,199433.0,753.6,14.61,0.33,14.94,96,0.156,0,30.6,33.7,20,13.7,79.6,poor,1.872,good,1,0.4787,1,0.4407,0,5.53
XB-20244136,Leafy Greens,Zaria,Abuja,11.08,7.71,9.07,7.4,1000.8,294542.0,279.2,4.5,3.64,8.14,48,0.17,0,38.0,43.9,10,33.9,82.2,good,0.0,good,0,0.4009,0,0.228,0,3.82
XB-20244137,Fresh Fish,Abuja,Jos,9.07,7.4,9.92,8.89,4811.8,2833400.0,299.7,7.67,1.67,9.33,24,0.389,0,38.5,44.6,4,40.6,77.9,fair,1.377,fair,2,0.6224,1,0.7516,1,8.01
XB-20244138,Strawberries,Enugu,Port Harcourt,6.44,7.5,4.82,7.04,4075.1,2964418.0,251.9,6.13,0.32,6.45,36,0.179,1,10.4,14.2,8,6.2,79.1,poor,1.895,fair,2,0.3626,0,0.5011,1,6.01
XB-20244139,Leafy Greens,Enugu,Zaria,6.44,7.5,11.08,7.71,3545.2,897639.0,669.2,13.35,2.09,15.43,48,0.322,1,13.6,20.1,10,10.1,75.3,fair,1.137,fair,2,0.3979,0,0.4802,1,5.84
XB-20244140,Tomatoes,Jos,Lagos,9.92,8.89,6.52,3.38,2706.4,955132.0,871.1,20.5,4.39,24.9,72,0.346,0,34.7,36.9,25,11.9,69.8,fair,0.812,excellent,0,0.6142,1,0.2221,0,3.78
XB-20244141,Peppers,Kano,Zaria,12.0,8.52,11.08,7.71,3135.5,546257.0,173.7,2.99,1.06,4.05,96,0.042,1,20.8,28.6,22,6.6,68.4,poor,2.919,good,1,0.309,0,0.2908,0,4.33
XB-20244142,Strawberries,Abuja,Ibadan,9.07,7.4,7.38,3.93,499.3,417478.0,606.6,15.96,0.74,16.7,36,0.464,0,26.5,33.8,8,25.8,60.5,fair,0.775,good,0,0.5518,0,0.3519,0,4.82
XB-20244143,Dairy,Zaria,Kaduna,11.08,7.71,10.52,7.44,1192.2,547801.0,90.7,2.56,1.1,3.66,48,0.076,1,6.1,11.8,6,5.8,70.2,good,0.0,poor,2,0.1965,0,0.4957,0,5.97
XB-20244144,Dairy,Abuja,Onitsha,9.07,7.4,6.14,6.79,4413.7,1811695.0,484.3,10.84,1.6,12.44,48,0.259,0,37.5,44.5,6,38.5,83.5,fair,1.04,fair,1,0.4793,0,0.4976,0,5.98
XB-20244145,Tomatoes,Port Harcourt,Lagos,4.82,7.04,6.52,3.38,2309.8,812797.0,580.4,11.88,4.1,15.99,72,0.222,1,25.3,27.9,25,2.9,64.0,fair,1.248,good,0,0.1792,0,0.2135,0,3.71
XB-20244146,Peppers,Onitsha,Kano,6.14,6.79,12.0,8.52,647.1,113462.0,983.7,20.23,0.23,20.46,96,0.213,1,25.8,33.4,22,11.4,63.6,poor,1.681,fair,0,0.5198,0,0.4471,0,5.58
XB-20244147,Peppers,Onitsha,Lagos,6.14,6.79,6.52,3.38,657.5,109497.0,589.8,9.92,0.85,10.77,96,0.112,1,21.6,25.3,22,3.3,91.4,poor,1.157,fair,1,0.3542,0,0.4617,0,5.69
XB-20244148,Leafy Greens,Zaria,Jos,11.08,7.71,9.92,8.89,3234.5,921601.0,270.5,5.27,1.15,6.42,48,0.134,0,37.9,42.3,10,32.3,80.0,fair,1.248,good,0,0.529,1,0.3524,0,4.82
XB-20244149,Leafy Greens,Lagos,Port Harcourt,6.52,3.38,4.82,7.04,371.0,101679.0,569.8,11.44,0.01,11.46,48,0.239,0,34.7,36.8,10,26.8,73.2,good,0.0,excellent,0,0.4005,0,0.1929,0,3.54
XB-20244150,Peppers,Onitsha,Abuja,6.14,6.79,9.07,7.4,2015.9,397084.0,443.4,7.65,0.23,7.88,96,0.082,0,33.7,38.8,22,16.8,81.6,poor,2.077,excellent,0,0.6079,1,0.3002,0,4.4
XB-20244151,Strawberries,Jos,Port Harcourt,9.92,8.89,4.82,7.04,4480.4,3555205.0,746.9,11.5,0.22,11.73,36,0.326,0,29.8,36.6,8,28.6,73.5,fair,1.033,good,0,0.543,0,0.3735,0,4.99
XB-20244152,Dairy,Port Harcourt,Kaduna,4.82,7.04,10.52,7.44,2512.4,962967.0,800.8,12.5,0.96,13.46,48,0.28,1,4.6,11.3,6,5.3,90.3,poor,1.856,fair,0,0.4561,0,0.4446,0,5.56
XB-20244153,Strawberries,Port Harcourt,Kaduna,4.82,7.04,10.52,7.44,223.9,180399.0,909.5,25.55,0.9,26.45,36,0.735,1,7.9,12.8,8,4.8,90.4,fair,1.219,fair,1,0.3895,0,0.4304,0,5.44
XB-20244154,Dairy,Port Harcourt,Lagos,4.82,7.04,6.52,3.38,341.4,134867.0,650.0,10.54,1.21,11.75,48,0.245,0,29.4,32.8,6,26.8,91.9,good,0.0,poor,2,0.6581,1,0.8074,1,8.46
XB-20244155,Strawberries,Onitsha,Enugu,6.14,6.79,6.44,7.5,2522.8,1841767.0,121.1,3.45,0.34,3.79,36,0.105,1,8.3,13.2,8,5.2,77.1,good,0.0,good,0,0.2491,0,0.3819,0,5.06
XB-20244156,Fresh Fish,Lagos,Port Harcourt,6.52,3.38,4.82,7.04,2496.7,1398559.0,690.1,11.82,1.08,12.9,24,0.537,1,6.1,9.9,4,5.9,88.7,poor,2.136,excellent,0,0.4793,0,0.336,0,4.69
XB-20244157,Fresh Fish,Port Harcourt,Abuja,4.82,7.04,9.07,7.4,1662.6,939392.0,669.0,16.74,0.71,17.45,24,0.727,1,5.3,8.7,4,4.7,57.9,poor,1.867,fair,0,0.3996,0,0.4337,0,5.47
XB-20244158,Tomatoes,Onitsha,Ibadan,6.14,6.79,7.38,3.93,2607.3,931801.0,501.0,8.94,0.62,9.56,72,0.133,0,35.0,42.0,25,17.0,56.3,poor,2.103,fair,0,0.6098,1,0.5095,1,6.08
XB-20244159,Tomatoes,Lagos,Abuja,6.52,3.38,9.07,7.4,2898.4,1041113.0,720.4,11.47,0.09,11.56,72,0.161,1,27.8,30.9,25,5.9,61.3,poor,2.106,poor,1,0.3303,0,0.5962,1,6.77
XB-20244160,Peppers,Jos,Kaduna,9.92,8.89,10.52,7.44,333.9,62338.0,210.6,5.77,4.32,10.09,96,0.105,0,37.8,41.1,22,19.1,78.7,fair,1.066,good,0,0.5362,1,0.3941,0,5.15
XB-20244161,Fresh Fish,Lagos,Kano,6.52,3.38,12.0,8.52,4747.2,2910211.0,1074.2,17.53,1.67,19.2,24,0.8,0,32.5,37.4,4,33.4,84.8,fair,0.531,fair,0,0.7361,1,0.594,0,6.75
XB-20244162,Strawberries,Enugu,Ibadan,6.44,7.5,7.38,3.93,1310.5,1081684.0,628.8,9.95,0.61,10.57,36,0.294,0,34.0,37.2,8,29.2,59.0,fair,0.947,fair,0,0.5012,0,0.5567,1,6.45
XB-20244163,Peppers,Enugu,Jos,6.44,7.5,9.92,8.89,4866.6,837529.0,504.5,9.22,0.23,9.46,96,0.098,0,39.0,46.9,22,24.9,59.7,poor,2.329,fair,0,0.3984,0,0.3363,0,4.69
XB-20244164,Leafy Greens,Kaduna,Ibadan,10.52,7.44,7.38,3.93,3128.4,935539.0,654.1,10.52,1.45,11.97,48,0.249,0,33.0,36.8,10,26.8,77.1,good,0.0,poor,0,0.5442,1,0.5975,1,6.78
XB-20244165,Strawberries,Kaduna,Onitsha,10.52,7.44,6.14,6.79,2448.5,2132470.0,773.9,13.09,5.15,18.24,36,0.507,1,9.5,12.1,8,4.1,81.3,fair,0.649,excellent,0,0.3608,0,0.1802,0,3.44
XB-20244166,Peppers,Lagos,Abuja,6.52,3.38,9.07,7.4,2160.6,352767.0,646.3,12.17,0.39,12.56,96,0.131,0,31.7,38.7,22,16.7,90.3,good,0.0,fair,1,0.5169,1,0.5648,0,6.52
XB-20244167,Strawberries,Jos,Port Harcourt,9.92,8.89,4.82,7.04,745.1,579191.0,862.1,21.45,1.1,22.55,36,0.626,0,32.2,35.3,8,27.3,64.7,fair,0.54,good,1,0.5986,1,0.6138,1,6.91
XB-20244168,Leafy Greens,Kano,Ibadan,12.0,8.52,7.38,3.93,801.1,239399.0,969.5,23.93,0.52,24.45,48,0.509,0,29.4,37.0,10,27.0,59.6,fair,1.135,fair,0,0.6312,1,0.512,0,6.1
XB-20244169,Leafy Greens,Port Harcourt,Abuja,4.82,7.04,9.07,7.4,851.7,223365.0,753.1,14.7,1.05,15.75,48,0.328,1,9.0,12.6,10,2.6,73.2,good,0.0,good,0,0.1485,0,0.1104,0,2.88
XB-20244170,Peppers,Kaduna,Zaria,10.52,7.44,11.08,7.71,4349.9,711053.0,106.6,1.92,0.22,2.14,96,0.022,0,32.3,36.1,22,14.1,73.6,poor,2.734,fair,1,0.5871,1,0.594,1,6.75
XB-20244171,Tomatoes,Port Harcourt,Lagos,4.82,7.04,6.52,3.38,524.8,178465.0,608.3,11.06,1.34,12.39,72,0.172,1,25.0,27.4,25,2.4,64.5,poor,1.357,excellent,0,0.3113,0,0.1089,0,2.87
XB-20244172,Tomatoes,Kano,Abuja,12.0,8.52,9.07,7.4,1677.6,584571.0,495.1,12.53,0.15,12.68,72,0.176,0,29.0,33.7,25,8.7,91.6,fair,1.103,good,2,0.4751,0,0.4441,1,5.55
XB-20244173,Mangoes,Onitsha,Enugu,6.14,6.79,6.44,7.5,2507.6,491177.0,128.4,3.11,3.21,6.31,96,0.066,0,37.2,43.2,20,23.2,61.1,fair,1.064,excellent,0,0.5517,1,0.2174,0,3.74
XB-20244174,Tomatoes,Ibadan,Enugu,7.38,3.93,6.44,7.5,1116.2,397376.0,573.2,12.99,0.03,13.02,72,0.181,0,33.9,41.3,25,16.3,73.5,good,0.0,excellent,0,0.4465,0,0.2714,0,4.17
XB-20244175,Strawberries,Lagos,Kano,6.52,3.38,12.0,8.52,3384.5,2638445.0,1170.2,25.01,2.72,27.74,36,0.771,0,33.4,35.7,8,27.7,70.9,poor,1.323,fair,0,0.6256,1,0.4982,0,5.99
XB-20244176,Tomatoes,Onitsha,Jos,6.14,6.79,9.92,8.89,2909.0,936783.0,683.9,17.76,0.18,17.94,72,0.249,1,25.1,27.6,25,2.6,55.2,good,0.0,good,0,0.02,0,0.0526,0,2.42
XB-20244177,Peppers,Zaria,Port Harcourt,11.08,7.71,4.82,7.04,863.5,165561.0,1117.6,20.36,1.39,21.75,96,0.227,0,29.6,35.4,22,13.4,69.8,good,0.0,good,1,0.4191,0,0.3728,0,4.98
XB-20244178,Tomatoes,Kano,Onitsha,12.0,8.52,6.14,6.79,3482.1,1261651.0,1034.4,22.35,7.41,29.76,72,0.413,0,29.9,33.6,25,8.6,84.9,good,0.0,fair,0,0.7956,1,0.6578,1,7.26
XB-20244179,Dairy,Port Harcourt,Lagos,4.82,7.04,6.52,3.38,1307.9,525098.0,562.4,13.47,0.84,14.31,48,0.298,0,26.5,29.7,6,23.7,81.3,good,0.0,good,1,0.564,1,0.5336,1,6.27
XB-20244180,Leafy Greens,Port Harcourt,Kaduna,4.82,7.04,10.52,7.44,1420.1,415503.0,793.8,15.73,0.18,15.91,48,0.331,1,10.1,15.3,10,5.3,64.2,fair,1.474,good,0,0.4215,0,0.1662,0,3.33
XB-20244181,Mangoes,Port Harcourt,Ibadan,4.82,7.04,7.38,3.93,1555.2,300024.0,710.0,13.8,0.5,14.3,96,0.149,0,34.2,37.0,20,17.0,83.9,good,0.0,fair,1,0.5778,1,0.5075,0,6.06
XB-20244182,Tomatoes,Zaria,Enugu,11.08,7.71,6.44,7.5,1518.1,483823.0,670.8,11.45,0.7,12.14,72,0.169,0,38.3,45.3,25,20.3,69.1,fair,0.513,good,1,0.4017,0,0.4187,0,5.35
XB-20244183,Strawberries,Jos,Kano,9.92,8.89,12.0,8.52,1647.0,1218294.0,340.5,6.33,0.04,6.37,36,0.177,1,8.7,16.1,8,8.1,67.4,good,0.0,fair,0,0.1597,0,0.2831,0,4.27
XB-20244184,Fresh Fish,Jos,Kaduna,9.92,8.89,10.52,7.44,1468.8,922300.0,216.1,4.04,0.26,4.3,24,0.179,1,6.9,9.0,4,5.0,90.2,fair,0.971,good,0,0.1917,0,0.1942,0,3.55
XB-20244185,Leafy Greens,Kano,Lagos,12.0,8.52,6.52,3.38,4734.8,1455389.0,1159.9,26.56,4.49,31.04,48,0.647,0,35.8,43.5,10,33.5,69.9,fair,0.834,good,1,0.6999,1,0.4687,0,5.75
XB-20244186,Strawberries,Port Harcourt,Abuja,4.82,7.04,9.07,7.4,436.6,349988.0,619.4,15.65,0.85,16.5,36,0.458,1,6.3,11.9,8,3.9,76.2,good,0.0,poor,0,0.2424,0,0.341,0,4.73
XB-20244187,Leafy Greens,Kano,Port Harcourt,12.0,8.52,4.82,7.04,2306.2,664238.0,1140.9,18.22,3.75,21.96,48,0.458,0,32.6,40.5,10,30.5,60.9,fair,1.04,poor,2,0.8191,1,0.8616,1,8.89
XB-20244188,Tomatoes,Abuja,Onitsha,9.07,7.4,6.14,6.79,4472.8,1432262.0,436.1,9.19,2.05,11.24,72,0.156,1,25.9,31.6,25,6.6,61.3,fair,1.487,excellent,0,0.2823,0,0.1019,0,2.82
XB-20244189,Peppers,Kano,Onitsha,12.0,8.52,6.14,6.79,3081.8,581881.0,933.2,18.89,0.24,19.14,96,0.199,1,22.4,25.5,22,3.5,66.1,good,0.0,poor,0,0.02,0,0.3627,0,4.9
XB-20244190,Mangoes,Port Harcourt,Jos,4.82,7.04,9.92,8.89,280.2,51983.0,938.2,19.31,3.34,22.65,96,0.236,1,20.3,24.5,20,4.5,81.7,fair,0.908,poor,0,0.3278,0,0.5403,1,6.32
XB-20244191,Leafy Greens,Enugu,Jos,6.44,7.5,9.92,8.89,3275.2,887745.0,644.9,11.35,1.6,12.96,48,0.27,1,9.6,15.5,10,5.5,79.9,fair,0.749,fair,1,0.2481,0,0.3899,0,5.12
XB-20244192,Peppers,Jos,Kano,9.92,8.89,12.0,8.52,3090.2,520749.0,325.8,5.5,3.11,8.62,96,0.09,0,30.1,34.6,22,12.6,76.6,fair,1.024,poor,0,0.5195,0,0.5825,1,6.66
XB-20244193,Strawberries,Zaria,Enugu,11.08,7.71,6.44,7.5,3360.4,2925082.0,652.6,15.73,0.55,16.28,36,0.452,1,7.1,11.4,8,3.4,57.8,fair,0.744,poor,2,0.1965,0,0.5018,0,6.01
XB-20244194,Mangoes,Ibadan,Lagos,7.38,3.93,6.52,3.38,473.4,94859.0,148.9,3.07,0.73,3.81,96,0.04,1,19.4,24.2,20,4.2,87.6,fair,0.536,poor,1,0.2288,0,0.5152,1,6.12
XB-20244195,Strawberries,Enugu,Ibadan,6.44,7.5,7.38,3.93,4850.3,3648671.0,502.8,12.68,0.83,13.52,36,0.375,0,26.4,29.5,8,21.5,78.1,good,0.0,excellent,0,0.4483,0,0.1154,0,2.92
XB-20244196,Fresh Fish,Port Harcourt,Kaduna,4.82,7.04,10.52,7.44,2948.8,1923487.0,946.3,18.32,1.81,20.13,24,0.839,1,2.9,8.3,4,4.3,90.0,fair,1.403,good,1,0.4373,0,0.3984,0,5.19
XB-20244197,Tomatoes,Jos,Lagos,9.92,8.89,6.52,3.38,2147.0,695058.0,982.6,15.31,0.0,15.31,72,0.213,0,28.2,32.9,25,7.9,75.3,fair,1.083,excellent,0,0.5285,0,0.2256,0,3.8
XB-20244198,Tomatoes,Jos,Onitsha,9.92,8.89,6.14,6.79,714.0,226513.0,700.6,19.6,0.82,20.42,72,0.284,0,32.7,39.6,25,14.6,66.8,good,0.0,fair,2,0.5233,0,0.8006,1,8.4
XB-20244199,Peppers,Kano,Port Harcourt,12.0,8.52,4.82,7.04,4896.8,812964.0,1288.6,32.64,0.28,32.92,96,0.343,0,30.2,32.5,22,10.5,67.8,poor,2.629,fair,0,0.7094,1,0.529,1,6.23
XB-20244200,Mangoes,Jos,Ibadan,9.92,8.89,7.38,3.93,4395.3,830143.0,815.2,14.05,2.45,16.49,96,0.172,1,23.5,28.9,20,8.9,65.5,good,0.0,excellent,0,0.2665,0,0.2242,0,3.79
XB-20244201,Leafy Greens,Onitsha,Enugu,6.14,6.79,6.44,7.5,324.9,98363.0,130.5,2.36,2.35,4.7,48,0.098,1,12.5,15.0,10,5.0,62.0,fair,1.393,good,1,0.3368,0,0.3964,0,5.17
XB-20244202,Strawberries,Jos,Ibadan,9.92,8.89,7.38,3.93,3314.3,2561571.0,879.6,16.95,2.01,18.96,36,0.527,1,9.0,13.3,8,5.3,82.6,fair,1.199,good,1,0.3302,0,0.3649,0,4.92
XB-20244203,Dairy,Lagos,Enugu,6.52,3.38,6.44,7.5,4360.1,1822202.0,708.3,17.49,2.0,19.49,48,0.406,1,8.7,14.2,6,8.2,84.1,poor,2.101,excellent,0,0.4696,0,0.2856,0,4.28
XB-20244204,Peppers,Abuja,Kaduna,9.07,7.4,10.52,7.44,3088.4,584706.0,245.6,6.25,1.15,7.4,96,0.077,0,24.9,29.0,22,7.0,91.9,good,0.0,good,0,0.4512,0,0.3436,0,4.75
XB-20244205,Peppers,Onitsha,Enugu,6.14,6.79,6.44,7.5,1120.6,184901.0,115.4,2.39,4.42,6.81,96,0.071,0,34.6,37.8,22,15.8,62.5,good,0.0,excellent,0,0.4806,0,0.2706,0,4.17
XB-20244206,Fresh Fish,Ibadan,Lagos,7.38,3.93,6.52,3.38,1240.4,769271.0,172.9,4.05,0.85,4.9,24,0.204,0,32.4,37.5,4,33.5,82.3,good,0.0,fair,2,0.651,1,0.636,1,7.09
XB-20244207,Leafy Greens,Abuja,Kaduna,9.07,7.4,10.52,7.44,2377.6,659325.0,257.8,5.96,0.59,6.55,48,0.137,0,35.4,40.8,10,30.8,62.9,fair,0.981,good,0,0.3491,0,0.3239,0,4.59
XB-20244208,Leafy Greens,Zaria,Lagos,11.08,7.71,6.52,3.38,3683.9,962002.0,1002.4,28.14,0.12,28.26,48,0.589,0,38.4,42.8,10,32.8,67.5,good,0.0,fair,0,0.6183,1,0.5439,0,6.35
XB-20244209,Dairy,Lagos,Onitsha,6.52,3.38,6.14,6.79,2875.5,1263748.0,512.6,12.21,0.61,12.83,48,0.267,1,9.6,15.5,6,9.5,85.5,poor,2.697,poor,3,0.4327,0,0.6755,1,7.4
XB-20244210,Dairy,Kano,Onitsha,12.0,8.52,6.14,6.79,3815.2,1639773.0,972.2,15.04,2.12,17.16,48,0.357,1,7.6,11.4,6,5.4,85.2,good,0.0,excellent,0,0.3089,0,0.1131,0,2.9
XB-20244211,Tomatoes,Zaria,Enugu,11.08,7.71,6.44,7.5,1852.6,610533.0,761.9,11.94,2.2,14.14,72,0.196,1,28.1,32.2,25,7.2,67.1,fair,0.966,good,0,0.3078,0,0.3381,0,4.7
XB-20244212,Fresh Fish,Kaduna,Enugu,10.52,7.44,6.44,7.5,3868.6,2357372.0,557.0,10.06,1.21,11.27,24,0.47,1,6.2,9.7,4,5.7,71.9,fair,1.171,good,0,0.4416,0,0.3395,0,4.72
XB-20244213,Tomatoes,Abuja,Zaria,9.07,7.4,11.08,7.71,2424.9,815154.0,281.0,8.02,0.46,8.48,72,0.118,1,28.4,30.9,25,5.9,81.2,poor,1.254,good,0,0.2926,0,0.3089,0,4.47
XB-20244214,Mangoes,Abuja,Ibadan,9.07,7.4,7.38,3.93,2384.1,513113.0,628.0,12.97,1.49,14.46,96,0.151,0,34.1,41.5,20,21.5,88.3,fair,0.815,poor,0,0.5628,1,0.6432,0,7.15
XB-20244215,Fresh Fish,Onitsha,Jos,6.14,6.79,9.92,8.89,3360.1,1917231.0,604.6,12.3,1.15,13.45,24,0.56,0,29.1,31.3,4,27.3,89.3,poor,2.374,good,0,0.8351,1,0.4533,0,5.63
XB-20244216,Fresh Fish,Lagos,Abuja,6.52,3.38,9.07,7.4,3773.8,2292322.0,731.3,12.81,0.95,13.76,24,0.573,0,31.5,38.2,4,34.2,63.5,poor,1.333,good,1,0.8629,1,0.6319,1,7.06
XB-20244217,Tomatoes,Onitsha,Jos,6.14,6.79,9.92,8.89,4149.4,1346244.0,605.3,10.59,0.83,11.42,72,0.159,1,27.8,30.3,25,5.3,55.1,fair,0.501,poor,2,0.1994,0,0.5865,0,6.69
XB-20244218,Dairy,Abuja,Ibadan,9.07,7.4,7.38,3.93,4656.1,2001750.0,623.4,11.88,1.04,12.92,48,0.269,1,5.6,9.6,6,3.6,60.7,poor,1.004,poor,0,0.4284,1,0.495,1,5.96
XB-20244219,Dairy,Zaria,Abuja,11.08,7.71,9.07,7.4,3119.7,1326161.0,300.3,8.16,0.38,8.54,48,0.178,0,34.7,40.7,6,34.7,76.0,fair,1.181,good,1,0.4348,0,0.4631,0,5.7
XB-20244220,Mangoes,Onitsha,Jos,6.14,6.79,9.92,8.89,1516.8,295481.0,751.1,12.72,0.07,12.79,96,0.133,1,23.1,26.4,20,6.4,61.1,poor,2.435,good,0,0.2699,0,0.2734,0,4.19
XB-20244221,Leafy Greens,Lagos,Kaduna,6.52,3.38,10.52,7.44,4686.9,1325971.0,786.1,15.07,0.53,15.6,48,0.325,0,35.3,37.8,10,27.8,72.4,good,0.0,excellent,0,0.5297,1,0.2889,0,4.31
XB-20244222,Fresh Fish,Onitsha,Kano,6.14,6.79,12.0,8.52,3014.6,1741150.0,958.8,18.34,3.29,21.63,24,0.901,0,33.3,40.2,4,36.2,73.8,poor,1.934,good,1,0.9581,1,0.7251,1,7.8
XB-20244223,Dairy,Zaria,Kano,11.08,7.71,12.0,8.52,1677.6,671054.0,200.9,5.01,2.73,7.74,48,0.161,0,28.9,31.5,6,25.5,83.1,poor,1.641,good,0,0.6359,1,0.3107,0,4.49
XB-20244224,Mangoes,Enugu,Kano,6.44,7.5,12.0,8.52,1230.0,269214.0,990.8,23.67,1.15,24.82,96,0.259,1,23.7,28.0,20,8.0,78.9,poor,2.106,fair,1,0.3071,0,0.3773,0,5.02
XB-20244225,Strawberries,Lagos,Jos,6.52,3.38,9.92,8.89,416.2,347696.0,1018.9,15.9,1.1,17.0,36,0.472,1,6.7,14.5,8,6.5,68.5,fair,0.901,excellent,0,0.3622,1,0.1876,0,3.5
XB-20244226,Tomatoes,Lagos,Abuja,6.52,3.38,9.07,7.4,3284.6,1058035.0,759.7,11.98,0.51,12.49,72,0.174,0,45.8,52.8,25,27.8,75.6,poor,2.353,fair,0,0.7073,1,0.464,0,5.71
XB-20244227,Tomatoes,Jos,Zaria,9.92,8.89,11.08,7.71,2473.7,793972.0,223.2,3.69,1.0,4.68,72,0.065,1,25.9,28.5,25,3.5,56.9,fair,0.988,excellent,0,0.2738,0,0.1972,0,3.58
XB-20244228,Peppers,Kano,Jos,12.0,8.52,9.92,8.89,643.4,115715.0,304.2,6.78,2.66,9.44,96,0.098,0,36.0,39.0,22,17.0,90.9,good,0.0,excellent,0,0.5387,1,0.2109,0,3.69
XB-20244229,Peppers,Enugu,Kaduna,6.44,7.5,10.52,7.44,2741.4,504658.0,603.9,17.05,1.05,18.1,96,0.189,1,22.1,26.2,22,4.2,79.2,fair,0.558,fair,1,0.2492,0,0.4703,1,5.76
XB-20244230,Fresh Fish,Lagos,Zaria,6.52,3.38,11.08,7.71,2228.1,1396212.0,841.1,22.59,0.1,22.69,24,0.946,0,25.4,32.9,4,28.9,58.2,fair,1.052,poor,1,0.8399,1,0.7804,1,8.24
XB-20244231,Strawberries,Kaduna,Port Harcourt,10.52,7.44,4.82,7.04,508.5,428415.0,1004.1,22.74,0.39,23.13,36,0.643,0,37.8,45.0,8,37.0,88.6,fair,0.732,excellent,0,0.7075,1,0.3645,0,4.92
XB-20244232,Leafy Greens,Kano,Abuja,12.0,8.52,9.07,7.4,636.5,173019.0,465.8,11.96,0.19,12.15,48,0.253,0,25.2,31.6,10,21.6,83.9,fair,0.505,fair,2,0.4822,0,0.5921,1,6.74
XB-20244233,Tomatoes,Jos,Ibadan,9.92,8.89,7.38,3.93,2404.9,781952.0,761.5,18.0,0.34,18.34,72,0.255,1,25.2,29.3,25,4.3,64.3,fair,1.048,fair,0,0.1734,0,0.3448,0,4.76
XB-20244234,Leafy Greens,Kaduna,Abuja,10.52,7.44,9.07,7.4,1280.2,364823.0,245.9,4.34,0.37,4.71,48,0.098,1,13.8,17.7,10,7.7,63.8,good,0.0,fair,0,0.2022,0,0.2066,0,3.65
XB-20244235,Mangoes,Jos,Zaria,9.92,8.89,11.08,7.71,2871.5,524838.0,253.3,4.13,3.12,7.25,96,0.076,0,41.5,47.2,20,27.2,68.1,poor,2.205,poor,1,0.463,1,0.6395,1,7.12
XB-20244236,Tomatoes,Lagos,Enugu,6.52,3.38,6.44,7.5,4956.6,1788396.0,561.0,12.66,0.69,13.35,72,0.185,0,33.1,36.2,25,11.2,86.7,poor,2.827,good,1,0.7555,1,0.5894,1,6.72
XB-20244237,Peppers,Port Harcourt,Kaduna,4.82,7.04,10.52,7.44,1065.3,178811.0,883.8,15.62,0.05,15.67,96,0.163,0,36.2,39.2,22,17.2,84.8,fair,1.089,good,0,0.5065,1,0.3137,0,4.51
XB-20244238,Dairy,Abuja,Zaria,9.07,7.4,11.08,7.71,284.8,110947.0,272.8,4.8,1.5,6.3,48,0.131,1,4.2,7.9,6,1.9,67.4,poor,1.027,good,3,0.2526,0,0.3674,0,4.94
XB-20244239,Strawberries,Lagos,Onitsha,6.52,3.38,6.14,6.79,3070.7,2646885.0,555.8,12.35,0.21,12.57,36,0.349,1,10.9,16.3,8,8.3,75.2,good,0.0,good,1,0.3124,0,0.3659,0,4.93
XB-20244240,Mangoes,Kaduna,Enugu,10.52,7.44,6.44,7.5,2453.0,476849.0,550.7,11.59,2.33,13.91,96,0.145,1,21.4,28.5,20,8.5,75.8,poor,2.786,excellent,0,0.3573,0,0.2056,0,3.64
XB-20244241,Fresh Fish,Onitsha,Lagos,6.14,6.79,6.52,3.38,3243.6,2021936.0,531.2,13.53,2.4,15.93,24,0.664,1,7.3,14.8,4,10.8,58.2,good,0.0,fair,0,0.5724,1,0.6217,1,6.97
XB-20244242,Strawberries,Enugu,Port Harcourt,6.44,7.5,4.82,7.04,1362.6,1005982.0,267.3,5.46,4.22,9.68,36,0.269,0,32.1,35.6,8,27.6,82.4,poor,1.752,excellent,0,0.8252,1,0.4289,0,5.43
XB-20244243,Fresh Fish,Onitsha,Jos,6.14,6.79,9.92,8.89,841.6,479129.0,608.0,10.03,1.11,11.14,24,0.464,1,5.5,10.8,4,6.8,67.6,fair,1.261,poor,2,0.4439,0,0.6246,0,7.0
XB-20244244,Dairy,Abuja,Kano,9.07,7.4,12.0,8.52,1723.0,795807.0,469.4,11.63,0.42,12.05,48,0.251,0,35.3,38.8,6,32.8,69.6,fair,1.431,poor,2,0.4534,1,0.7371,1,7.9
XB-20244245,Leafy Greens,Ibadan,Kaduna,7.38,3.93,10.52,7.44,1502.2,446992.0,785.1,19.06,0.02,19.08,48,0.397,0,35.2,41.2,10,31.2,63.2,fair,1.4,fair,0,0.6746,1,0.4588,0,5.67
XB-20244246,Mangoes,Zaria,Enugu,11.08,7.71,6.44,7.5,4002.0,841359.0,792.0,18.15,0.09,18.25,96,0.19,1,19.1,23.7,20,3.7,57.1,fair,1.403,fair,0,0.2029,0,0.2499,0,4.0
XB-20244247,Leafy Greens,Abuja,Lagos,9.07,7.4,6.52,3.38,3318.9,881224.0,694.2,15.54,1.09,16.63,48,0.346,1,12.8,20.4,10,10.4,90.9,poor,2.884,fair,1,0.3843,0,0.3872,0,5.1
XB-20244248,Mangoes,Enugu,Kano,6.44,7.5,12.0,8.52,3287.5,598141.0,958.5,26.55,2.84,29.39,96,0.306,0,38.4,42.3,20,22.3,59.0,poor,2.812,excellent,0,0.5324,0,0.2348,0,3.88
XB-20244249,Strawberries,Jos,Ibadan,9.92,8.89,7.38,3.93,3712.2,3026605.0,797.2,20.49,0.54,21.03,36,0.584,1,9.3,15.7,8,7.7,89.2,fair,0.737,excellent,0,0.6168,1,0.2752,0,4.2
XB-20244250,Tomatoes,Kaduna,Zaria,10.52,7.44,11.08,7.71,2005.6,751456.0,93.7,2.01,1.38,3.39,72,0.047,0,31.6,34.8,25,9.8,59.4,fair,1.483,good,0,0.4847,1,0.4089,0,5.27
XB-20244251,Peppers,Lagos,Kano,6.52,3.38,12.0,8.52,3460.3,628467.0,1260.1,32.35,4.39,36.74,96,0.383,1,22.1,25.0,22,3.0,55.9,poor,2.479,excellent,0,0.301,0,0.1739,0,3.39
XB-20244252,Strawberries,Kaduna,Port Harcourt,10.52,7.44,4.82,7.04,4684.2,3887635.0,952.7,14.78,2.51,17.29,36,0.48,0,26.7,34.2,8,26.2,64.5,poor,2.176,excellent,0,0.566,1,0.2326,0,3.86
XB-20244253,Leafy Greens,Kano,Zaria,12.0,8.52,11.08,7.71,991.6,274928.0,191.0,5.28,0.74,6.02,48,0.125,0,32.8,37.0,10,27.0,55.3,fair,1.276,good,0,0.5135,0,0.3142,0,4.51
XB-20244254,Tomatoes,Zaria,Ibadan,11.08,7.71,7.38,3.93,1964.5,753010.0,906.0,14.01,1.33,15.34,72,0.213,1,23.3,28.0,25,3.0,78.4,poor,2.391,good,1,0.3104,0,0.3678,0,4.94
XB-20244255,Fresh Fish,Lagos,Kaduna,6.52,3.38,10.52,7.44,1757.7,1147572.0,836.1,13.16,0.09,13.25,24,0.552,0,32.6,38.7,4,34.7,57.2,poor,2.326,poor,3,0.629,0,0.8165,1,8.53
XB-20244256,Dairy,Enugu,Ibadan,6.44,7.5,7.38,3.93,1595.8,627377.0,626.4,11.1,0.28,11.38,48,0.237,0,30.0,35.1,6,29.1,72.6,poor,1.468,fair,1,0.5769,0,0.4922,1,5.94
XB-20244257,Leafy Greens,Enugu,Jos,6.44,7.5,9.92,8.89,4801.8,1211869.0,529.8,9.13,0.31,9.44,48,0.197,1,11.1,17.1,10,7.1,77.0,good,0.0,fair,3,0.242,0,0.5469,0,6.38
XB-20244258,Tomatoes,Kano,Ibadan,12.0,8.52,7.38,3.93,3582.7,1134035.0,1093.5,22.07,3.85,25.92,72,0.36,0,42.0,45.8,25,20.8,62.5,fair,0.732,poor,0,0.5925,1,0.5839,0,6.67
XB-20244259,Strawberries,Jos,Abuja,9.92,8.89,9.07,7.4,2113.7,1614353.0,276.9,5.4,1.22,6.62,36,0.184,1,8.2,11.0,8,3.0,58.7,fair,0.874,good,0,0.2125,0,0.2201,0,3.76
XB-20244260,Strawberries,Zaria,Port Harcourt,11.08,7.71,4.82,7.04,2758.7,2199961.0,853.6,15.73,0.22,15.95,36,0.443,1,7.8,13.5,8,5.5,90.5,poor,2.451,excellent,0,0.473,0,0.2732,0,4.19
XB-20244261,Dairy,Jos,Onitsha,9.92,8.89,6.14,6.79,1526.2,675840.0,721.3,15.99,0.33,16.32,48,0.34,0,32.4,34.6,6,28.6,65.3,good,0.0,poor,1,0.5437,0,0.579,0,6.63
XB-20244262,Mangoes,Onitsha,Ibadan,6.14,6.79,7.38,3.93,3882.0,818620.0,467.6,11.21,0.14,11.35,96,0.118,0,32.9,39.8,20,19.8,73.6,poor,1.454,fair,0,0.6225,1,0.5508,1,6.41
XB-20244263,Fresh Fish,Jos,Kaduna,9.92,8.89,10.52,7.44,2569.5,1652982.0,260.2,7.12,1.54,8.66,24,0.361,0,35.3,39.1,4,35.1,76.6,fair,0.605,good,0,0.4536,0,0.3886,0,5.11
XB-20244264,Tomatoes,Zaria,Onitsha,11.08,7.71,6.14,6.79,4799.9,1579458.0,775.5,13.85,3.83,17.68,72,0.246,0,30.6,35.5,25,10.5,83.8,good,0.0,good,0,0.514,1,0.2793,0,4.23
XB-20244265,Tomatoes,Onitsha,Zaria,6.14,6.79,11.08,7.71,263.0,97226.0,816.1,20.84,0.34,21.18,72,0.294,0,30.2,37.1,25,12.1,60.1,good,0.0,fair,0,0.4999,0,0.3958,0,5.17
XB-20244266,Dairy,Jos,Ibadan,9.92,8.89,7.38,3.93,4505.2,1932134.0,787.6,13.83,0.93,14.76,48,0.308,1,8.9,12.5,6,6.5,78.2,fair,1.419,fair,2,0.373,0,0.4292,0,5.43
XB-20244267,Dairy,Abuja,Jos,9.07,7.4,9.92,8.89,2525.3,1085941.0,295.6,5.2,0.51,5.71,48,0.119,0,34.3,38.4,6,32.4,73.7,fair,1.353,good,0,0.4097,1,0.2333,0,3.87
XB-20244268,Dairy,Kano,Ibadan,12.0,8.52,7.38,3.93,3328.7,1319071.0,1060.7,20.93,0.38,21.3,48,0.444,1,5.4,12.7,6,6.7,65.9,fair,1.421,good,0,0.2178,0,0.205,0,3.64
XB-20244269,Dairy,Enugu,Jos,6.44,7.5,9.92,8.89,1876.0,759873.0,638.9,13.76,0.83,14.59,48,0.304,1,8.7,14.4,6,8.4,69.1,good,0.0,good,1,0.1452,0,0.1651,0,3.32
XB-20244270,Dairy,Enugu,Onitsha,6.44,7.5,6.14,6.79,1325.6,590086.0,127.4,2.5,1.27,3.78,48,0.079,1,8.8,14.0,6,8.0,63.9,fair,1.056,good,0,0.2575,0,0.1093,0,2.87
XB-20244271,Strawberries,Port Harcourt,Abuja,4.82,7.04,9.07,7.4,4083.3,3350457.0,592.0,9.82,4.11,13.94,36,0.387,0,39.8,44.5,8,36.5,89.2,good,0.0,excellent,0,0.6835,1,0.3201,0,4.56
XB-20244272,Tomatoes,Port Harcourt,Zaria,4.82,7.04,11.08,7.71,2437.7,779724.0,854.6,19.71,1.81,21.51,72,0.299,1,25.4,30.5,25,5.5,64.3,good,0.0,excellent,0,0.1859,0,0.115,0,2.92
XB-20244273,Tomatoes,Lagos,Zaria,6.52,3.38,11.08,7.71,555.5,200266.0,952.2,15.83,1.86,17.69,72,0.246,1,23.8,30.1,25,5.1,81.6,fair,0.986,poor,1,0.4283,1,0.5851,1,6.68
XB-20244274,Dairy,Enugu,Ibadan,6.44,7.5,7.38,3.93,3253.5,1460346.0,579.0,13.08,1.29,14.37,48,0.299,1,4.8,10.7,6,4.7,64.4,poor,2.522,fair,0,0.4884,1,0.4616,0,5.69
XB-20244275,Strawberries,Onitsha,Port Harcourt,6.14,6.79,4.82,7.04,3177.9,2683024.0,219.9,6.07,0.29,6.36,36,0.177,0,32.6,37.4,8,29.4,69.0,fair,1.09,good,0,0.6167,1,0.4998,0,6.0
XB-20244276,Tomatoes,Jos,Zaria,9.92,8.89,11.08,7.71,1730.9,568949.0,228.6,5.96,1.12,7.09,72,0.098,1,25.4,30.7,25,5.7,85.4,fair,0.937,excellent,0,0.3249,0,0.229,0,3.83
XB-20244277,Tomatoes,Enugu,Lagos,6.44,7.5,6.52,3.38,4712.1,1571353.0,560.7,11.52,1.14,12.65,72,0.176,1,24.7,29.9,25,4.9,59.7,fair,0.828,fair,0,0.02,0,0.0942,0,2.75
XB-20244278,Mangoes,Ibadan,Port Harcourt,7.38,3.93,4.82,7.04,2676.7,486876.0,688.7,16.62,3.37,19.99,96,0.208,0,31.2,36.5,20,16.5,68.1,fair,1.163,fair,1,0.6107,1,0.404,0,5.23
XB-20244279,Leafy Greens,Lagos,Ibadan,6.52,3.38,7.38,3.93,3122.0,874850.0,178.1,3.58,3.31,6.89,48,0.144,1,9.7,13.7,10,3.7,88.8,good,0.0,fair,0,0.2197,0,0.3674,0,4.94
XB-20244280,Leafy Greens,Ibadan,Onitsha,7.38,3.93,6.14,6.79,1224.5,347137.0,474.0,7.68,0.03,7.71,48,0.161,0,34.3,41.8,10,31.8,60.4,good,0.0,good,0,0.3633,0,0.2539,0,4.03
XB-20244281,Dairy,Jos,Abuja,9.92,8.89,9.07,7.4,4512.8,1887182.0,268.9,6.76,0.13,6.89,48,0.144,0,42.5,46.9,6,40.9,59.7,poor,1.686,good,2,0.4678,1,0.4149,0,5.32
XB-20244282,Dairy,Onitsha,Jos,6.14,6.79,9.92,8.89,2251.4,1001978.0,707.1,15.72,0.48,16.2,48,0.337,0,38.1,45.4,6,39.4,81.4,good,0.0,excellent,0,0.6055,1,0.3842,0,5.07
XB-20244283,Mangoes,Abuja,Enugu,9.07,7.4,6.44,7.5,4053.3,887987.0,376.5,10.05,1.54,11.59,96,0.121,1,22.6,30.6,20,10.6,74.5,fair,0.714,fair,2,0.4323,0,0.5595,1,6.48
XB-20244284,Fresh Fish,Abuja,Kano,9.07,7.4,12.0,8.52,2145.3,1342386.0,454.7,10.92,0.46,11.38,24,0.474,0,35.8,38.6,4,34.6,66.1,fair,0.984,poor,2,0.5496,0,0.6919,1,7.53
XB-20244285,Leafy Greens,Enugu,Port Harcourt,6.44,7.5,4.82,7.04,3487.2,942619.0,225.8,6.07,1.35,7.42,48,0.154,0,30.1,33.8,10,23.8,62.3,fair,1.271,poor,0,0.4312,0,0.5088,0,6.07
XB-20244286,Tomatoes,Ibadan,Lagos,7.38,3.93,6.52,3.38,4683.1,1511038.0,176.7,4.43,1.39,5.83,72,0.081,1,28.1,32.6,25,7.6,80.2,poor,1.661,good,0,0.4821,1,0.3055,0,4.44
XB-20244287,Dairy,Kano,Jos,12.0,8.52,9.92,8.89,4476.2,1768847.0,304.7,6.25,0.44,6.69,48,0.139,1,8.3,10.7,6,4.7,83.0,fair,1.287,good,0,0.4064,0,0.2775,0,4.22
XB-20244288,Dairy,Port Harcourt,Jos,4.82,7.04,9.92,8.89,2264.4,885045.0,745.2,14.02,0.64,14.66,48,0.305,0,27.2,32.1,6,26.1,82.2,poor,1.568,good,1,0.7049,1,0.561,0,6.49
XB-20244289,Dairy,Ibadan,Kaduna,7.38,3.93,10.52,7.44,2105.7,858078.0,794.5,20.01,0.17,20.18,48,0.42,1,5.2,13.1,6,7.1,55.2,fair,1.059,good,0,0.502,0,0.3868,0,5.09
XB-20244290,Leafy Greens,Ibadan,Onitsha,7.38,3.93,6.14,6.79,4556.3,1328223.0,550.9,10.15,1.09,11.24,48,0.234,0,35.1,40.0,10,30.0,71.1,fair,1.311,poor,1,0.366,0,0.5159,0,6.13
XB-20244291,Peppers,Lagos,Enugu,6.52,3.38,6.44,7.5,4952.0,901553.0,674.1,13.43,1.99,15.42,96,0.161,1,25.7,28.9,22,6.9,67.5,good,0.0,fair,1,0.1799,0,0.4324,1,5.46
XB-20244292,Strawberries,Ibadan,Zaria,7.38,3.93,11.08,7.71,3296.9,2682564.0,887.6,14.36,2.33,16.69,36,0.463,1,6.7,9.9,8,1.9,73.7,good,0.0,good,0,0.203,0,0.2169,0,3.74
XB-20244293,Fresh Fish,Enugu,Jos,6.44,7.5,9.92,8.89,3044.2,1856065.0,537.1,9.23,0.54,9.77,24,0.407,0,33.3,40.4,4,36.4,72.2,fair,1.332,excellent,0,0.5901,1,0.3249,0,4.6
XB-20244294,Tomatoes,Ibadan,Abuja,7.38,3.93,9.07,7.4,1842.7,685961.0,607.4,10.09,1.74,11.84,72,0.164,0,29.8,37.7,25,12.7,71.5,fair,1.399,excellent,0,0.5531,1,0.3528,0,4.82
XB-20244295,Fresh Fish,Enugu,Zaria,6.44,7.5,11.08,7.71,659.0,433615.0,808.2,18.17,1.7,19.87,24,0.828,0,26.3,31.5,4,27.5,79.3,fair,0.61,fair,0,0.7424,1,0.6194,0,6.95
XB-20244296,Mangoes,Kano,Port Harcourt,12.0,8.52,4.82,7.04,1986.5,383258.0,1171.2,21.08,1.83,22.91,96,0.239,0,34.7,38.8,20,18.8,73.3,fair,0.581,good,1,0.5014,0,0.4368,0,5.49
XB-20244297,Strawberries,Zaria,Abuja,11.08,7.71,9.07,7.4,4163.7,3304757.0,307.8,6.38,0.51,6.89,36,0.191,0,42.5,47.3,8,39.3,67.1,good,0.0,poor,1,0.5742,0,0.6501,0,7.2
XB-20244298,Tomatoes,Zaria,Jos,11.08,7.71,9.92,8.89,3654.3,1247326.0,266.4,4.33,0.68,5.01,72,0.07,1,28.4,35.5,25,10.5,70.8,good,0.0,good,0,0.336,0,0.3022,0,4.42
XB-20244299,Dairy,Kano,Zaria,12.0,8.52,11.08,7.71,4891.7,2019595.0,192.3,4.17,2.32,6.49,48,0.135,0,37.5,44.6,6,38.6,81.9,fair,1.261,good,0,0.6627,1,0.4032,0,5.23
XB-20244300,Leafy Greens,Onitsha,Lagos,6.14,6.79,6.52,3.38,3550.7,1051834.0,464.3,11.84,0.02,11.86,48,0.247,1,8.6,13.5,10,3.5,84.7,fair,0.547,poor,1,0.3244,0,0.5854,1,6.68
XB-20244301,Fresh Fish,Kaduna,Enugu,10.52,7.44,6.44,7.5,1352.7,751035.0,689.6,11.75,0.65,12.4,24,0.517,0,36.2,40.4,4,36.4,77.4,poor,1.173,fair,0,0.7285,1,0.3921,0,5.14
XB-20244302,Tomatoes,Abuja,Kaduna,9.07,7.4,10.52,7.44,1572.1,535168.0,222.0,6.21,2.05,8.26,72,0.115,0,37.9,44.1,25,19.1,87.8,poor,1.944,fair,2,0.6335,1,0.7907,1,8.33
XB-20244303,Strawberries,Kaduna,Jos,10.52,7.44,9.92,8.89,3129.7,2577730.0,273.8,4.85,1.39,6.24,36,0.173,0,39.8,47.6,8,39.6,86.4,good,0.0,fair,0,0.5926,1,0.4938,0,5.95
XB-20244304,Mangoes,Jos,Lagos,9.92,8.89,6.52,3.38,4006.4,853017.0,1109.0,29.61,1.63,31.25,96,0.325,0,31.5,34.3,20,14.3,64.6,fair,0.929,fair,1,0.6168,1,0.5801,1,6.64
XB-20244305,Mangoes,Jos,Port Harcourt,9.92,8.89,4.82,7.04,3560.4,751340.0,900.6,18.88,0.07,18.95,96,0.197,0,34.0,38.9,20,18.9,68.3,poor,1.962,fair,2,0.6141,1,0.6089,1,6.87
XB-20244306,Mangoes,Jos,Abuja,9.92,8.89,9.07,7.4,2044.9,440778.0,244.7,4.67,0.53,5.2,96,0.054,1,22.0,26.1,20,6.1,61.0,poor,1.541,poor,3,0.0737,0,0.5433,1,6.35
XB-20244307,Fresh Fish,Enugu,Zaria,6.44,7.5,11.08,7.71,273.3,175150.0,655.6,12.44,0.37,12.81,24,0.534,1,6.0,10.3,4,6.3,90.3,poor,2.628,good,0,0.5617,1,0.3708,0,4.97
XB-20244308,Leafy Greens,Port Harcourt,Ibadan,4.82,7.04,7.38,3.93,3161.5,814644.0,545.9,10.4,5.33,15.73,48,0.328,1,9.1,13.3,10,3.3,59.2,good,0.0,good,1,0.2235,0,0.2761,0,4.21
XB-20244309,Leafy Greens,Onitsha,Jos,6.14,6.79,9.92,8.89,1058.6,297345.0,723.8,16.56,1.67,18.22,48,0.38,1,11.5,18.1,10,8.1,57.7,fair,1.315,excellent,0,0.3348,0,0.1076,0,2.86
XB-20244310,Peppers,Jos,Lagos,9.92,8.89,6.52,3.38,3671.6,615248.0,857.9,18.81,1.99,20.8,96,0.217,0,36.5,39.7,22,17.7,64.0,good,0.0,fair,0,0.416,0,0.3963,0,5.17
XB-20244311,Strawberries,Ibadan,Kano,7.38,3.93,12.0,8.52,3363.5,2919323.0,1110.1,25.72,4.7,30.43,36,0.845,0,30.8,33.4,8,25.4,90.4,poor,1.006,fair,1,0.98,1,0.8313,1,8.65
XB-20244312,Mangoes,Ibadan,Port Harcourt,7.38,3.93,4.82,7.04,4931.9,1004153.0,603.9,12.67,0.94,13.61,96,0.142,0,39.1,43.2,20,23.2,89.0,good,0.0,good,0,0.3377,0,0.3007,0,4.41
XB-20244313,Tomatoes,Kano,Zaria,12.0,8.52,11.08,7.71,2525.5,828382.0,185.5,4.5,2.84,7.34,72,0.102,0,28.4,30.4,25,5.4,87.9,poor,1.832,fair,2,0.6145,1,0.6352,0,7.08
XB-20244314,Tomatoes,Lagos,Zaria,6.52,3.38,11.08,7.71,4773.7,1554529.0,935.8,19.32,0.97,20.3,72,0.282,0,32.9,40.6,25,15.6,56.6,poor,1.436,excellent,0,0.5503,1,0.342,0,4.74
XB-20244315,Fresh Fish,Kano,Lagos,12.0,8.52,6.52,3.38,520.6,290966.0,1299.7,36.09,0.33,36.41,24,1.517,1,5.2,13.0,4,9.0,84.7,good,0.0,poor,2,0.7424,1,0.7633,1,8.11
XB-20244316,Strawberries,Lagos,Kano,6.52,3.38,12.0,8.52,1120.9,869702.0,1291.5,35.3,0.09,35.38,36,0.983,1,11.4,13.8,8,5.8,75.2,fair,1.489,excellent,0,0.5705,1,0.3619,0,4.89
XB-20244317,Fresh Fish,Abuja,Kano,9.07,7.4,12.0,8.52,1206.3,791169.0,527.7,9.53,0.34,9.87,24,0.411,1,5.0,9.1,4,5.1,56.7,poor,2.197,good,0,0.4991,0,0.4213,0,5.37
XB-20244318,Leafy Greens,Kano,Zaria,12.0,8.52,11.08,7.71,3674.2,978504.0,183.7,3.32,1.31,4.63,48,0.096,1,12.2,14.3,10,4.3,75.7,poor,1.228,good,0,0.2689,0,0.3436,0,4.75
XB-20244319,Mangoes,Port Harcourt,Onitsha,4.82,7.04,6.14,6.79,635.4,124686.0,191.5,2.95,0.36,3.31,96,0.035,1,19.2,27.0,20,7.0,78.5,good,0.0,good,0,0.2073,0,0.1524,0,3.22
XB-20244320,Leafy Greens,Kaduna,Zaria,10.52,7.44,11.08,7.71,4907.7,1313251.0,94.6,2.37,4.53,6.9,48,0.144,0,31.2,37.2,10,27.2,84.2,good,0.0,good,0,0.5294,0,0.3603,0,4.88
XB-20244321,Tomatoes,Jos,Kaduna,9.92,8.89,10.52,7.44,1890.8,617316.0,224.8,5.44,3.04,8.48,72,0.118,0,35.8,42.9,25,17.9,59.6,fair,1.493,fair,1,0.5616,0,0.4817,1,5.85
XB-20244322,Dairy,Ibadan,Kaduna,7.38,3.93,10.52,7.44,3452.2,1355813.0,718.6,15.22,0.49,15.7,48,0.327,1,9.8,13.8,6,7.8,87.3,fair,1.013,poor,0,0.6386,1,0.524,0,6.19
XB-20244323,Fresh Fish,Kano,Kaduna,12.0,8.52,10.52,7.44,3257.4,1875322.0,284.0,8.03,0.72,8.75,24,0.364,1,2.7,6.8,4,2.8,62.9,good,0.0,poor,1,0.21,0,0.4433,1,5.55
XB-20244324,Dairy,Onitsha,Lagos,6.14,6.79,6.52,3.38,4202.2,1882851.0,538.8,12.19,3.6,15.8,48,0.329,1,5.2,8.9,6,2.9,87.7,good,0.0,fair,3,0.4434,1,0.6407,1,7.13
XB-20244325,Fresh Fish,Enugu,Port Harcourt,6.44,7.5,4.82,7.04,3017.6,1928180.0,226.3,4.44,0.44,4.88,24,0.203,1,6.9,12.7,4,8.7,71.8,fair,1.031,good,2,0.2166,0,0.3545,0,4.84
XB-20244326,Fresh Fish,Kaduna,Abuja,10.52,7.44,9.07,7.4,3112.0,1956975.0,246.3,4.23,2.35,6.58,24,0.274,0,33.8,37.3,4,33.3,69.6,poor,2.081,poor,0,0.5506,0,0.6255,1,7.0
XB-20244327,Leafy Greens,Kano,Ibadan,12.0,8.52,7.38,3.93,4103.0,1195845.0,1076.0,21.48,0.13,21.62,48,0.45,0,33.3,41.2,10,31.2,90.7,fair,1.352,excellent,0,0.7766,1,0.3044,0,4.44
XB-20244328,Dairy,Kano,Onitsha,12.0,8.52,6.14,6.79,622.0,239593.0,880.9,24.26,0.41,24.67,48,0.514,1,6.7,13.5,6,7.5,58.7,good,0.0,good,0,0.3769,0,0.2707,0,4.17
XB-20244329,Mangoes,Port Harcourt,Enugu,4.82,7.04,6.44,7.5,2927.2,529406.0,275.3,5.4,2.69,8.09,96,0.084,0,36.7,42.0,20,22.0,80.4,fair,0.797,good,0,0.4949,1,0.2619,0,4.1
XB-20244330,Peppers,Kano,Ibadan,12.0,8.52,7.38,3.93,4475.0,798376.0,1145.7,22.2,1.7,23.9,96,0.249,0,26.2,33.1,22,11.1,79.3,poor,2.765,good,0,0.7006,1,0.4362,1,5.49
XB-20244331,Strawberries,Kaduna,Lagos,10.52,7.44,6.52,3.38,3453.3,3010378.0,974.9,15.07,0.42,15.49,36,0.43,1,10.2,13.1,8,5.1,90.1,poor,1.663,good,1,0.4493,0,0.4324,0,5.46
XB-20244332,Peppers,Port Harcourt,Zaria,4.82,7.04,11.08,7.71,4784.9,895818.0,866.4,21.2,0.72,21.92,96,0.228,0,41.7,47.0,22,25.0,73.2,fair,1.0,good,0,0.5679,1,0.4103,0,5.28
XB-20244333,Strawberries,Ibadan,Enugu,7.38,3.93,6.44,7.5,3077.3,2503323.0,493.2,8.88,1.26,10.14,36,0.282,0,37.4,41.5,8,33.5,79.0,poor,2.114,good,0,0.5618,0,0.3949,0,5.16
XB-20244334,Fresh Fish,Lagos,Kaduna,6.52,3.38,10.52,7.44,4471.9,2671132.0,826.5,14.98,0.48,15.45,24,0.644,0,29.9,35.1,4,31.1,77.8,fair,0.817,good,0,0.5979,1,0.2938,0,4.35
XB-20244335,Leafy Greens,Jos,Kano,9.92,8.89,12.0,8.52,4352.9,1326699.0,340.5,6.18,2.27,8.46,48,0.176,1,10.4,13.4,10,3.4,75.7,poor,1.504,fair,1,0.2443,0,0.4211,0,5.37
XB-20244336,Mangoes,Zaria,Enugu,11.08,7.71,6.44,7.5,4545.1,913054.0,622.4,10.27,0.53,10.8,96,0.112,1,21.5,25.2,20,5.2,74.1,fair,0.831,fair,0,0.1608,0,0.2155,0,3.72
XB-20244337,Leafy Greens,Ibadan,Enugu,7.38,3.93,6.44,7.5,2308.6,658619.0,611.9,11.06,0.71,11.77,48,0.245,1,10.2,12.5,10,2.5,62.6,fair,1.053,good,0,0.2595,0,0.1715,0,3.37
XB-20244338,Fresh Fish,Lagos,Zaria,6.52,3.38,11.08,7.71,2442.7,1538411.0,1088.4,27.13,0.67,27.79,24,1.158,1,4.6,12.4,4,8.4,80.9,poor,1.209,poor,1,0.7248,1,0.7952,1,8.36
XB-20244339,Tomatoes,Kano,Zaria,12.0,8.52,11.08,7.71,1943.3,674299.0,181.3,4.74,1.05,5.79,72,0.08,0,34.9,39.1,25,14.1,79.0,poor,1.608,good,0,0.5886,1,0.3397,0,4.72
XB-20244340,Strawberries,Zaria,Lagos,11.08,7.71,6.52,3.38,3117.7,2567529.0,1078.8,24.25,0.4,24.64,36,0.685,0,36.3,40.0,8,32.0,81.5,poor,2.099,good,1,0.7376,1,0.5191,1,6.15
XB-20244341,Tomatoes,Enugu,Jos,6.44,7.5,9.92,8.89,824.3,294724.0,561.8,12.68,0.69,13.37,72,0.186,1,26.6,32.1,25,7.1,79.3,fair,0.852,good,0,0.2805,0,0.2658,0,4.13
XB-20244342,Fresh Fish,Onitsha,Zaria,6.14,6.79,11.08,7.71,2611.3,1572626.0,857.7,15.13,0.76,15.88,24,0.662,0,32.7,35.0,4,31.0,64.6,poor,2.855,fair,0,0.8589,1,0.7287,1,7.83
XB-20244343,Mangoes,Port Harcourt,Zaria,4.82,7.04,11.08,7.71,1578.2,344180.0,1097.4,26.7,0.35,27.06,96,0.282,1,22.6,26.2,20,6.2,87.2,poor,1.233,good,1,0.3026,0,0.3773,0,5.02
XB-20244344,Fresh Fish,Kano,Zaria,12.0,8.52,11.08,7.71,1821.5,1015434.0,179.3,3.09,1.07,4.16,24,0.173,1,6.4,10.7,4,6.7,57.7,good,0.0,good,0,0.1117,0,0.135,0,3.08
XB-20244345,Dairy,Zaria,Enugu,11.08,7.71,6.44,7.5,1472.4,558879.0,658.2,13.79,0.76,14.55,48,0.303,0,24.6,29.7,6,23.7,59.4,fair,0.842,excellent,0,0.5125,1,0.2137,0,3.71
XB-20244346,Peppers,Enugu,Kano,6.44,7.5,12.0,8.52,2758.0,461952.0,959.1,16.18,0.28,16.46,96,0.171,0,29.5,34.0,22,12.0,67.5,fair,0.588,poor,1,0.6134,0,0.6418,0,7.13
XB-20244347,Mangoes,Zaria,Lagos,11.08,7.71,6.52,3.38,2257.9,451456.0,870.8,18.89,0.14,19.03,96,0.198,0,31.2,33.7,20,13.7,59.4,fair,1.045,fair,1,0.521,1,0.5055,0,6.04
XB-20244348,Strawberries,Port Harcourt,Lagos,4.82,7.04,6.52,3.38,864.3,759943.0,685.2,12.06,1.14,13.2,36,0.367,0,30.3,37.7,8,29.7,84.2,fair,0.767,good,1,0.642,0,0.4731,0,5.79
XB-20244349,Mangoes,Zaria,Kano,11.08,7.71,12.0,8.52,1679.7,364830.0,182.8,4.03,0.21,4.24,96,0.044,0,33.2,35.6,20,15.6,78.0,fair,0.625,fair,0,0.6157,0,0.4259,0,5.41
XB-20244350,Fresh Fish,Zaria,Lagos,11.08,7.71,6.52,3.38,3755.1,2348397.0,1105.4,21.49,1.24,22.74,24,0.947,1,2.4,5.6,4,1.6,62.0,good,0.0,good,0,0.4111,1,0.3766,0,5.01
XB-20244351,Mangoes,Abuja,Zaria,9.07,7.4,11.08,7.71,546.8,105277.0,285.9,6.19,0.56,6.75,96,0.07,1,22.9,30.2,20,10.2,57.7,good,0.0,fair,0,0.3999,0,0.3927,0,5.14
XB-20244352,Mangoes,Kaduna,Onitsha,10.52,7.44,6.14,6.79,1718.5,361341.0,612.5,10.76,3.23,13.99,96,0.146,0,30.3,34.3,20,14.3,60.9,fair,1.311,excellent,0,0.4664,0,0.2655,0,4.12
XB-20244353,Fresh Fish,Zaria,Jos,11.08,7.71,9.92,8.89,3308.2,1901100.0,222.0,6.13,4.05,10.17,24,0.424,0,30.5,37.4,4,33.4,84.6,fair,1.027,fair,2,0.6331,1,0.685,1,7.48
XB-20244354,Leafy Greens,Lagos,Kano,6.52,3.38,12.0,8.52,1817.8,470101.0,1232.9,29.24,1.83,31.07,48,0.647,1,11.2,16.4,10,6.4,84.9,poor,2.374,poor,2,0.4712,0,0.7145,1,7.72
XB-20244355,Tomatoes,Ibadan,Kano,7.38,3.93,12.0,8.52,1115.4,392496.0,936.3,19.99,1.15,21.14,72,0.294,1,23.8,27.2,25,2.2,79.9,fair,0.997,poor,0,0.3569,0,0.6273,0,7.02
XB-20244356,Strawberries,Zaria,Abuja,11.08,7.71,9.07,7.4,541.9,471497.0,341.5,5.9,0.99,6.89,36,0.191,0,31.0,35.6,8,27.6,76.1,poor,1.555,excellent,0,0.6833,1,0.3499,0,4.8
XB-20244357,Strawberries,Kano,Jos,12.0,8.52,9.92,8.89,2261.6,1629051.0,313.7,5.42,1.25,6.67,36,0.185,1,11.6,14.8,8,6.8,65.4,fair,1.321,fair,1,0.3374,0,0.4185,0,5.35
XB-20244358,Fresh Fish,Kano,Zaria,12.0,8.52,11.08,7.71,3098.0,1790263.0,189.9,5.0,2.61,7.62,24,0.317,0,38.9,46.7,4,42.7,61.8,good,0.0,good,0,0.5002,0,0.3861,0,5.09
XB-20244359,Fresh Fish,Lagos,Port Harcourt,6.52,3.38,4.82,7.04,4217.3,2469221.0,577.2,10.35,0.83,11.18,24,0.466,0,27.6,31.4,4,27.4,58.3,fair,0.918,excellent,0,0.6783,1,0.2114,0,3.69
XB-20244360,Strawberries,Abuja,Kano,9.07,7.4,12.0,8.52,1795.8,1468965.0,502.2,13.43,1.86,15.29,36,0.425,0,27.7,31.4,8,23.4,63.6,good,0.0,fair,0,0.4745,0,0.4431,0,5.54
XB-20244361,Dairy,Lagos,Kaduna,6.52,3.38,10.52,7.44,4628.1,1907961.0,965.8,17.01,1.41,18.42,48,0.384,0,32.4,38.8,6,32.8,80.1,poor,2.995,excellent,0,0.7746,1,0.3261,0,4.61
XB-20244362,Fresh Fish,Ibadan,Lagos,7.38,3.93,6.52,3.38,4045.4,2321705.0,159.8,3.63,6.0,9.63,24,0.401,1,5.9,9.4,4,5.4,77.3,poor,1.347,good,0,0.3957,0,0.2704,0,4.16
XB-20244363,Peppers,Kano,Zaria,12.0,8.52,11.08,7.71,4026.3,718967.0,162.9,3.91,1.16,5.07,96,0.053,1,26.0,32.0,22,10.0,66.8,poor,1.624,good,1,0.4038,0,0.4812,0,5.85
XB-20244364,Strawberries,Jos,Lagos,9.92,8.89,6.52,3.38,3415.8,2604702.0,891.5,14.49,0.62,15.11,36,0.42,1,7.4,12.2,8,4.2,58.3,fair,1.239,good,1,0.2419,0,0.3611,0,4.89
XB-20244365,Fresh Fish,Kaduna,Kano,10.52,7.44,12.0,8.52,382.1,207422.0,244.1,5.93,1.36,7.29,24,0.304,0,33.6,36.1,4,32.1,81.0,fair,0.816,excellent,0,0.5931,0,0.2461,0,3.97
XB-20244366,Dairy,Zaria,Onitsha,11.08,7.71,6.14,6.79,4966.3,2102268.0,893.4,14.93,0.38,15.31,48,0.319,0,39.0,46.3,6,40.3,68.3,poor,1.89,fair,0,0.5404,0,0.4667,0,5.73
XB-20244367,Leafy Greens,Onitsha,Kaduna,6.14,6.79,10.52,7.44,3515.1,1071097.0,595.3,10.16,1.47,11.63,48,0.242,1,12.0,17.3,10,7.3,84.7,fair,0.97,good,0,0.4623,1,0.4168,0,5.33
XB-20244368,Strawberries,Kano,Zaria,12.0,8.52,11.08,7.71,2573.1,1942008.0,200.3,5.03,0.53,5.56,36,0.154,0,32.1,37.3,8,29.3,61.9,poor,2.734,excellent,0,0.659,1,0.1985,0,3.59
XB-20244369,Tomatoes,Kaduna,Ibadan,10.52,7.44,7.38,3.93,809.0,299341.0,755.4,20.46,1.74,22.2,72,0.308,1,23.7,29.3,25,4.3,88.3,fair,0.893,poor,0,0.4144,0,0.4482,0,5.59
XB-20244370,Dairy,Jos,Onitsha,9.92,8.89,6.14,6.79,3254.8,1362379.0,600.8,15.93,0.82,16.75,48,0.349,1,7.9,11.8,6,5.8,85.1,poor,1.472,excellent,0,0.4002,0,0.124,0,2.99
XB-20244371,Leafy Greens,Port Harcourt,Ibadan,4.82,7.04,7.38,3.93,1898.2,578669.0,564.3,13.03,0.33,13.36,48,0.278,0,33.4,36.4,10,26.4,60.8,poor,2.519,excellent,0,0.625,1,0.3208,0,4.57
XB-20244372,Peppers,Port Harcourt,Abuja,4.82,7.04,9.07,7.4,3624.5,674520.0,707.3,14.61,0.12,14.74,96,0.153,0,32.5,36.8,22,14.8,55.5,fair,1.199,good,2,0.5279,1,0.4111,0,5.29
XB-20244373,Leafy Greens,Kano,Port Harcourt,12.0,8.52,4.82,7.04,1939.4,581951.0,1147.2,17.94,0.15,18.1,48,0.377,0,30.0,36.5,10,26.5,81.8,good,0.0,excellent,0,0.5145,1,0.3059,0,4.45
XB-20244374,Leafy Greens,Lagos,Kano,6.52,3.38,12.0,8.52,1187.4,300649.0,1195.5,20.84,0.02,20.86,48,0.435,0,33.2,39.0,10,29.0,83.1,fair,0.966,poor,0,0.6199,1,0.572,1,6.58
XB-20244375,Tomatoes,Jos,Onitsha,9.92,8.89,6.14,6.79,1239.9,398509.0,700.7,16.77,0.84,17.61,72,0.245,1,24.6,32.1,25,7.1,82.9,good,0.0,poor,1,0.275,0,0.5441,0,6.35
XB-20244376,Mangoes,Enugu,Ibadan,6.44,7.5,7.38,3.93,3606.6,788983.0,509.7,14.29,0.45,14.74,96,0.153,1,18.2,25.7,20,5.7,81.2,good,0.0,fair,1,0.1171,0,0.3071,0,4.46
XB-20244377,Leafy Greens,Ibadan,Zaria,7.38,3.93,11.08,7.71,2791.4,739790.0,732.7,11.82,0.23,12.05,48,0.251,1,10.1,15.1,10,5.1,75.5,fair,1.31,good,1,0.2986,0,0.2842,0,4.27
XB-20244378,Dairy,Jos,Zaria,9.92,8.89,11.08,7.71,2758.9,1238542.0,274.8,5.11,0.1,5.2,48,0.108,1,9.5,17.4,6,11.4,72.9,fair,0.844,good,0,0.3474,0,0.3677,0,4.94
XB-20244379,Dairy,Kano,Port Harcourt,12.0,8.52,4.82,7.04,570.2,251413.0,1104.6,27.97,0.34,28.31,48,0.59,1,4.7,6.8,6,0.8,84.5,good,0.0,good,1,0.132,0,0.2458,0,3.97
XB-20244380,Strawberries,Enugu,Onitsha,6.44,7.5,6.14,6.79,3286.0,2510609.0,105.1,2.53,1.26,3.79,36,0.105,0,32.8,38.2,8,30.2,84.7,good,0.0,fair,0,0.6488,1,0.5972,1,6.78
XB-20244381,Peppers,Ibadan,Port Harcourt,7.38,3.93,4.82,7.04,2364.3,449346.0,541.6,8.64,1.03,9.67,96,0.101,1,22.5,28.1,22,6.1,70.8,fair,0.533,good,0,0.216,0,0.25,0,4.0
XB-20244382,Peppers,Ibadan,Zaria,7.38,3.93,11.08,7.71,531.6,91830.0,933.0,24.56,2.94,27.5,96,0.287,0,33.1,39.2,22,17.2,58.9,fair,1.205,good,1,0.4176,0,0.413,0,5.3
XB-20244383,Mangoes,Ibadan,Onitsha,7.38,3.93,6.14,6.79,2297.8,446232.0,433.6,11.11,1.14,12.25,96,0.128,1,22.8,26.2,20,6.2,82.4,fair,0.77,excellent,0,0.2776,0,0.1583,0,3.27
XB-20244384,Dairy,Onitsha,Kaduna,6.14,6.79,10.52,7.44,2682.8,1146026.0,633.8,18.07,0.13,18.2,48,0.379,1,8.8,12.3,6,6.3,84.9,good,0.0,poor,2,0.2394,0,0.5177,1,6.14
XB-20244385,Peppers,Zaria,Kano,11.08,7.71,12.0,8.52,3883.6,631208.0,180.0,2.95,0.0,2.96,96,0.031,0,41.3,45.7,22,23.7,86.5,poor,2.797,excellent,0,0.5282,1,0.297,0,4.38
XB-20244386,Peppers,Port Harcourt,Ibadan,4.82,7.04,7.38,3.93,1639.6,317354.0,707.9,17.83,2.96,20.79,96,0.217,1,21.3,23.7,22,1.7,77.0,fair,1.307,fair,1,0.2204,0,0.3025,0,4.42
XB-20244387,Strawberries,Abuja,Ibadan,9.07,7.4,7.38,3.93,2620.2,2168608.0,619.7,12.59,0.21,12.79,36,0.355,1,6.9,10.7,8,2.7,71.3,fair,0.765,good,0,0.2537,0,0.2644,0,4.12
XB-20244388,Mangoes,Onitsha,Kano,6.14,6.79,12.0,8.52,1872.8,342032.0,877.8,13.85,4.21,18.06,96,0.188,1,20.0,25.3,20,5.3,82.6,fair,0.664,good,1,0.4106,0,0.2858,0,4.29
XB-20244389,Strawberries,Zaria,Kaduna,11.08,7.71,10.52,7.44,2973.7,2318094.0,94.7,1.58,1.01,2.6,36,0.072,0,31.0,34.4,8,26.4,57.8,fair,0.748,fair,1,0.5987,1,0.5058,1,6.05
XB-20244390,Fresh Fish,Jos,Enugu,9.92,8.89,6.44,7.5,598.1,356041.0,528.9,10.39,1.63,12.02,24,0.501,1,5.9,13.3,4,9.3,69.7,fair,1.218,poor,1,0.5066,1,0.6031,1,6.83
XB-20244391,Peppers,Abuja,Ibadan,9.07,7.4,7.38,3.93,554.9,109381.0,525.2,11.02,1.27,12.29,96,0.128,0,31.3,36.5,22,14.5,85.6,fair,1.455,fair,1,0.6626,1,0.6316,1,7.05
XB-20244392,Peppers,Kano,Ibadan,12.0,8.52,7.38,3.93,4015.4,755536.0,909.0,17.01,4.08,21.1,96,0.22,1,25.5,31.3,22,9.3,75.6,poor,1.563,good,0,0.3714,0,0.3183,0,4.55
XB-20244393,Tomatoes,Kano,Kaduna,12.0,8.52,10.52,7.44,430.1,150171.0,315.0,6.89,1.37,8.26,72,0.115,0,35.8,43.5,25,18.5,73.3,good,0.0,excellent,0,0.4943,1,0.2323,0,3.86
XB-20244394,Mangoes,Enugu,Jos,6.44,7.5,9.92,8.89,3558.5,757115.0,652.3,16.68,1.05,17.72,96,0.185,0,37.3,42.1,20,22.1,89.8,good,0.0,excellent,0,0.6829,1,0.358,0,4.86
XB-20244395,Dairy,Enugu,Kano,6.44,7.5,12.0,8.52,246.3,112108.0,849.3,20.59,3.2,23.79,48,0.496,0,33.0,40.0,6,34.0,66.9,good,0.0,poor,0,0.6658,1,0.6708,1,7.37
XB-20244396,Fresh Fish,Lagos,Zaria,6.52,3.38,11.08,7.71,3561.6,2334295.0,870.0,18.28,1.23,19.51,24,0.813,0,31.1,38.7,4,34.7,91.7,poor,1.33,excellent,0,0.9032,1,0.5897,1,6.72
XB-20244397,Leafy Greens,Abuja,Ibadan,9.07,7.4,7.38,3.93,4289.7,1172637.0,595.3,15.04,1.1,16.15,48,0.336,1,9.0,11.2,10,1.2,72.6,good,0.0,fair,0,0.2153,0,0.4544,0,5.64
XB-20244398,Fresh Fish,Zaria,Onitsha,11.08,7.71,6.14,6.79,998.6,604144.0,824.2,14.6,3.71,18.31,24,0.763,1,7.6,12.3,4,8.3,74.3,fair,1.268,excellent,0,0.5757,0,0.3125,0,4.5
XB-20244399,Dairy,Kano,Onitsha,12.0,8.52,6.14,6.79,3423.5,1480113.0,1025.0,18.16,4.79,22.96,48,0.478,0,34.2,40.3,6,34.3,86.7,fair,1.306,good,0,0.7513,1,0.4608,0,5.69
XB-20244400,Strawberries,Zaria,Abuja,11.08,7.71,9.07,7.4,1078.5,824291.0,329.4,8.92,1.62,10.55,36,0.293,1,9.2,13.8,8,5.8,77.1,fair,1.084,fair,1,0.4421,0,0.5359,1,6.29
XB-20244401,Strawberries,Kaduna,Jos,10.52,7.44,9.92,8.89,3372.3,2903252.0,254.1,5.33,1.25,6.58,36,0.183,0,29.9,34.7,8,26.7,67.4,good,0.0,good,0,0.5899,1,0.4015,0,5.21
XB-20244402,Mangoes,Kano,Port Harcourt,12.0,8.52,4.82,7.04,1500.0,276648.0,1046.5,29.77,0.9,30.67,96,0.319,0,28.2,32.1,20,12.1,63.4,good,0.0,good,1,0.5001,1,0.489,0,5.91
XB-20244403,Peppers,Enugu,Abuja,6.44,7.5,9.07,7.4,1626.5,319860.0,418.0,10.11,1.72,11.83,96,0.123,1,25.0,32.9,22,10.9,59.5,fair,1.12,good,0,0.1555,0,0.1733,0,3.39
XB-20244404,Leafy Greens,Port Harcourt,Kano,4.82,7.04,12.0,8.52,3714.1,959627.0,1132.4,25.58,0.39,25.97,48,0.541,1,12.2,15.0,10,5.0,83.4,fair,0.877,poor,0,0.3585,0,0.4448,1,5.56
XB-20244405,Peppers,Port Harcourt,Onitsha,4.82,7.04,6.14,6.79,2396.8,432016.0,207.8,4.66,0.59,5.25,96,0.055,0,34.1,40.8,22,18.8,63.7,good,0.0,good,0,0.3476,0,0.2741,0,4.19
XB-20244406,Leafy Greens,Enugu,Abuja,6.44,7.5,9.07,7.4,1241.0,346183.0,452.9,10.16,0.06,10.21,48,0.213,0,31.0,33.2,10,23.2,89.5,fair,0.574,poor,1,0.4695,0,0.5735,0,6.59
XB-20244407,Strawberries,Jos,Lagos,9.92,8.89,6.52,3.38,1297.6,961275.0,1084.2,20.06,0.07,20.13,36,0.559,0,26.9,31.2,8,23.2,61.4,fair,1.395,good,0,0.5173,1,0.2641,0,4.11
XB-20244408,Tomatoes,Zaria,Ibadan,11.08,7.71,7.38,3.93,3108.5,1104693.0,924.6,25.42,1.11,26.53,72,0.368,0,28.9,35.8,25,10.8,71.4,poor,1.942,poor,1,0.7,1,0.701,1,7.61
XB-20244409,Tomatoes,Onitsha,Kano,6.14,6.79,12.0,8.52,3765.3,1301622.0,1080.6,17.02,0.36,17.38,72,0.241,1,24.5,30.4,25,5.4,88.7,good,0.0,poor,1,0.3886,0,0.535,0,6.28
XB-20244410,Strawberries,Ibadan,Enugu,7.38,3.93,6.44,7.5,235.9,188957.0,547.7,11.92,0.21,12.13,36,0.337,0,33.1,35.3,8,27.3,70.8,fair,1.318,fair,0,0.6379,1,0.4664,0,5.73
XB-20244411,Peppers,Onitsha,Jos,6.14,6.79,9.92,8.89,3658.3,720166.0,651.0,10.36,0.15,10.52,96,0.11,1,23.3,25.9,22,3.9,89.1,poor,1.246,good,0,0.2601,0,0.2479,0,3.98
XB-20244412,Mangoes,Ibadan,Onitsha,7.38,3.93,6.14,6.79,2060.5,430453.0,452.2,7.55,1.91,9.46,96,0.099,0,32.4,37.7,20,17.7,81.9,fair,1.491,poor,3,0.447,0,0.7168,1,7.73
XB-20244413,Dairy,Lagos,Zaria,6.52,3.38,11.08,7.71,1801.1,789025.0,1073.1,24.37,1.66,26.03,48,0.542,0,34.7,37.1,6,31.1,61.5,fair,1.432,fair,1,0.3959,0,0.5928,1,6.74
XB-20244414,Peppers,Zaria,Port Harcourt,11.08,7.71,4.82,7.04,2060.9,390818.0,1064.7,17.16,0.62,17.78,96,0.185,0,33.3,39.4,22,17.4,86.2,good,0.0,fair,0,0.426,1,0.3654,0,4.92
XB-20244415,Tomatoes,Enugu,Port Harcourt,6.44,7.5,4.82,7.04,2239.6,840812.0,269.5,6.25,0.28,6.53,72,0.091,0,35.0,40.7,25,15.7,57.2,fair,1.043,poor,3,0.2885,0,0.6675,1,7.34
XB-20244416,Dairy,Kano,Port Harcourt,12.0,8.52,4.82,7.04,2658.4,1112025.0,1009.3,16.93,0.3,17.23,48,0.359,1,9.9,15.3,6,9.3,75.4,fair,0.552,fair,2,0.4251,0,0.6716,0,7.37
XB-20244417,Peppers,Abuja,Enugu,9.07,7.4,6.44,7.5,388.8,75315.0,380.9,6.49,2.39,8.88,96,0.092,1,24.7,30.8,22,8.8,79.0,fair,0.868,fair,0,0.3623,0,0.4034,0,5.23
XB-20244418,Leafy Greens,Onitsha,Jos,6.14,6.79,9.92,8.89,599.6,167738.0,628.5,10.76,2.95,13.71,48,0.286,0,28.4,31.9,10,21.9,69.4,fair,0.506,poor,1,0.7492,1,0.7675,1,8.14
XB-20244419,Strawberries,Kaduna,Jos,10.52,7.44,9.92,8.89,2899.3,2207737.0,259.6,5.12,0.18,5.3,36,0.147,0,31.7,36.5,8,28.5,69.1,fair,1.113,good,1,0.6653,1,0.4243,0,5.39
XB-20244420,Tomatoes,Onitsha,Enugu,6.14,6.79,6.44,7.5,3438.7,1322507.0,108.5,1.93,4.79,6.72,72,0.093,0,33.6,39.8,25,14.8,85.2,poor,1.256,fair,0,0.6227,1,0.5198,0,6.16
XB-20244421,Dairy,Enugu,Jos,6.44,7.5,9.92,8.89,1044.3,478119.0,580.0,10.78,0.16,10.94,48,0.228,0,31.8,39.6,6,33.6,71.2,fair,0.986,fair,0,0.4757,0,0.4223,0,5.38
XB-20244422,Fresh Fish,Zaria,Abuja,11.08,7.71,9.07,7.4,1405.9,897406.0,311.7,8.34,0.06,8.4,24,0.35,0,42.0,45.4,4,41.4,57.0,poor,1.708,good,1,0.5557,0,0.5332,1,6.27
XB-20244423,Strawberries,Abuja,Lagos,9.07,7.4,6.52,3.38,1607.9,1201736.0,770.5,16.18,0.2,16.38,36,0.455,0,36.4,43.5,8,35.5,89.4,good,0.0,excellent,0,0.4569,1,0.2368,0,3.89
XB-20244424,Mangoes,Abuja,Kano,9.07,7.4,12.0,8.52,618.2,125931.0,483.7,11.3,1.72,13.02,96,0.136,0,28.5,33.2,20,13.2,67.8,poor,2.696,good,0,0.4398,1,0.3045,0,4.44
XB-20244425,Tomatoes,Kaduna,Port Harcourt,10.52,7.44,4.82,7.04,1761.0,613855.0,848.0,15.19,0.52,15.71,72,0.218,0,31.5,36.8,25,11.8,71.1,good,0.0,good,0,0.5974,1,0.4871,1,5.9
XB-20244426,Strawberries,Kano,Enugu,12.0,8.52,6.44,7.5,4751.0,4018808.0,849.4,21.5,0.88,22.38,36,0.622,1,9.6,16.0,8,8.0,63.6,fair,0.701,fair,1,0.5605,1,0.579,0,6.63
XB-20244427,Leafy Greens,Abuja,Port Harcourt,9.07,7.4,4.82,7.04,1127.0,346742.0,733.0,14.12,0.29,14.41,48,0.3,0,35.7,42.7,10,32.7,65.3,fair,0.802,good,0,0.4895,1,0.2873,0,4.3
XB-20244428,Dairy,Lagos,Abuja,6.52,3.38,9.07,7.4,539.2,225422.0,715.5,11.8,1.21,13.01,48,0.271,0,32.5,35.0,6,29.0,82.4,fair,0.618,poor,1,0.5144,1,0.6958,1,7.57
XB-20244429,Fresh Fish,Port Harcourt,Enugu,4.82,7.04,6.44,7.5,3440.8,1986943.0,282.5,5.72,0.94,6.67,24,0.278,1,3.6,8.3,4,4.3,57.7,fair,1.34,good,0,0.1785,0,0.1973,0,3.58
XB-20244430,Peppers,Enugu,Zaria,6.44,7.5,11.08,7.71,2234.1,366546.0,639.4,10.74,1.23,11.98,96,0.125,1,25.3,28.5,22,6.5,58.8,poor,2.243,poor,1,0.3323,0,0.5111,1,6.09
XB-20244431,Tomatoes,Lagos,Abuja,6.52,3.38,9.07,7.4,2521.5,945406.0,675.1,12.42,2.4,14.82,72,0.206,0,34.9,37.3,25,12.3,60.2,poor,2.986,fair,0,0.648,1,0.5029,0,6.02
XB-20244432,Fresh Fish,Port Harcourt,Ibadan,4.82,7.04,7.38,3.93,1189.1,681592.0,568.4,10.1,1.24,11.33,24,0.472,1,5.6,9.3,4,5.3,69.8,poor,1.651,good,0,0.3403,0,0.3186,0,4.55
XB-20244433,Tomatoes,Ibadan,Port Harcourt,7.38,3.93,4.82,7.04,1100.4,380379.0,652.2,15.64,4.15,19.78,72,0.275,0,38.2,40.5,25,15.5,64.6,fair,0.718,good,1,0.6613,1,0.5993,1,6.79
XB-20244434,Leafy Greens,Kano,Onitsha,12.0,8.52,6.14,6.79,2200.4,622405.0,925.7,14.47,0.91,15.38,48,0.32,1,13.5,15.9,10,5.9,63.8,poor,2.879,fair,0,0.316,0,0.4031,0,5.22
XB-20244435,Tomatoes,Lagos,Zaria,6.52,3.38,11.08,7.71,1321.3,432107.0,869.4,15.66,0.45,16.11,72,0.224,0,30.5,35.8,25,10.8,81.3,fair,0.613,good,0,0.6957,1,0.5293,0,6.23
XB-20244436,Peppers,Onitsha,Zaria,6.14,6.79,11.08,7.71,3163.3,623898.0,790.5,13.19,0.8,13.99,96,0.146,1,20.0,24.9,22,2.9,57.6,good,0.0,fair,1,0.0973,0,0.2451,0,3.96
XB-20244437,Peppers,Lagos,Kano,6.52,3.38,12.0,8.52,1538.3,256776.0,1170.9,23.52,0.63,24.15,96,0.252,0,32.0,38.8,22,16.8,66.0,fair,0.786,poor,1,0.6279,1,0.693,1,7.54
XB-20244438,Dairy,Kaduna,Lagos,10.52,7.44,6.52,3.38,3413.6,1379079.0,906.8,20.83,0.48,21.31,48,0.444,0,37.8,45.5,6,39.5,75.2,poor,2.01,good,0,0.7016,1,0.5303,1,6.24
XB-20244439,Strawberries,Kano,Port Harcourt,12.0,8.52,4.82,7.04,4374.9,3576792.0,1104.0,27.78,2.52,30.3,36,0.842,0,32.1,38.2,8,30.2,68.0,fair,0.68,good,1,0.6955,1,0.5507,0,6.41
XB-20244440,Tomatoes,Ibadan,Onitsha,7.38,3.93,6.14,6.79,2680.6,940792.0,517.5,14.08,0.12,14.2,72,0.197,0,37.4,39.5,25,14.5,75.0,good,0.0,excellent,0,0.6333,1,0.37,0,4.96
XB-20244441,Strawberries,Ibadan,Enugu,7.38,3.93,6.44,7.5,1502.0,1147207.0,519.5,10.12,3.94,14.07,36,0.391,1,6.5,14.2,8,6.2,55.7,good,0.0,good,0,0.4027,0,0.2227,0,3.78
XB-20244442,Mangoes,Ibadan,Enugu,7.38,3.93,6.44,7.5,819.6,162942.0,498.9,7.73,1.37,9.1,96,0.095,0,36.8,44.6,20,24.6,60.5,good,0.0,excellent,0,0.3889,0,0.2296,0,3.84
XB-20244443,Dairy,Kaduna,Lagos,10.52,7.44,6.52,3.38,282.9,126531.0,838.6,13.67,0.68,14.35,48,0.299,0,30.0,37.3,6,31.3,88.6,good,0.0,good,1,0.5501,0,0.4001,0,5.2
XB-20244444,Dairy,Jos,Ibadan,9.92,8.89,7.38,3.93,1519.1,600157.0,778.3,13.63,5.0,18.64,48,0.388,1,8.4,12.2,6,6.2,74.4,fair,1.271,good,0,0.3439,0,0.25,0,4.0
XB-20244445,Strawberries,Ibadan,Onitsha,7.38,3.93,6.14,6.79,2154.8,1712823.0,428.6,10.36,1.79,12.15,36,0.337,0,33.2,40.3,8,32.3,69.5,fair,0.888,good,0,0.6395,1,0.4679,0,5.74
XB-20244446,Strawberries,Kano,Onitsha,12.0,8.52,6.14,6.79,218.2,177882.0,912.1,14.2,2.63,16.83,36,0.467,0,39.2,45.7,8,37.7,77.0,poor,1.644,fair,0,0.8225,1,0.6275,0,7.02
XB-20244447,Fresh Fish,Zaria,Port Harcourt,11.08,7.71,4.82,7.04,3080.7,1717314.0,1036.5,17.81,0.57,18.38,24,0.766,1,3.3,8.3,4,4.3,66.7,poor,2.909,fair,0,0.4865,0,0.392,0,5.14
XB-20244448,Peppers,Enugu,Abuja,6.44,7.5,9.07,7.4,1594.7,286330.0,378.8,5.94,0.12,6.06,96,0.063,0,33.2,37.9,22,15.9,58.6,poor,1.529,poor,0,0.5265,1,0.6042,1,6.83
XB-20244449,Tomatoes,Port Harcourt,Zaria,4.82,7.04,11.08,7.71,2526.0,864765.0,1068.6,20.28,1.75,22.03,72,0.306,0,28.7,31.2,25,6.2,82.1,fair,0.747,fair,0,0.5625,0,0.4387,0,5.51
XB-20244450,Strawberries,Enugu,Onitsha,6.44,7.5,6.14,6.79,3333.3,2478625.0,103.1,2.0,3.85,5.85,36,0.162,1,9.9,15.9,8,7.9,66.1,poor,2.273,good,0,0.332,0,0.2278,0,3.82
XB-20244451,Dairy,Enugu,Kaduna,6.44,7.5,10.52,7.44,936.1,361021.0,648.2,10.17,0.17,10.33,48,0.215,1,8.3,11.3,6,5.3,67.9,fair,1.224,good,0,0.248,0,0.3164,0,4.53
XB-20244452,Dairy,Ibadan,Abuja,7.38,3.93,9.07,7.4,4399.8,2011153.0,526.2,9.16,0.99,10.14,48,0.211,1,7.0,9.3,6,3.3,63.4,fair,1.353,good,0,0.1779,0,0.2083,0,3.67
XB-20244453,Tomatoes,Kaduna,Zaria,10.52,7.44,11.08,7.71,2805.0,1022353.0,102.8,1.75,2.42,4.17,72,0.058,0,30.3,35.1,25,10.1,70.8,fair,0.668,poor,2,0.4576,0,0.5887,1,6.71
XB-20244454,Peppers,Onitsha,Kaduna,6.14,6.79,10.52,7.44,3199.6,593565.0,737.6,15.51,0.73,16.24,96,0.169,1,22.7,30.2,22,8.2,65.8,fair,1.146,fair,0,0.4207,0,0.4362,0,5.49
XB-20244455,Peppers,Onitsha,Kaduna,6.14,6.79,10.52,7.44,3318.0,602360.0,776.9,12.9,0.03,12.93,96,0.135,0,35.4,38.3,22,16.3,56.8,fair,1.221,good,0,0.5995,1,0.4832,0,5.87
XB-20244456,Dairy,Enugu,Onitsha,6.44,7.5,6.14,6.79,396.5,150555.0,118.1,1.94,1.18,3.12,48,0.065,1,4.4,8.1,6,2.1,85.0,good,0.0,fair,0,0.02,0,0.2726,0,4.18
XB-20244457,Peppers,Abuja,Port Harcourt,9.07,7.4,4.82,7.04,2537.5,437303.0,656.2,12.24,1.5,13.74,96,0.143,1,20.2,25.7,22,3.7,91.8,poor,1.922,good,1,0.347,0,0.3082,0,4.47
XB-20244458,Strawberries,Lagos,Zaria,6.52,3.38,11.08,7.71,4932.9,3780444.0,1025.3,19.93,0.11,20.05,36,0.557,0,29.9,33.0,8,25.0,85.3,poor,2.675,fair,1,0.5686,1,0.5285,1,6.23
XB-20244459,Strawberries,Onitsha,Zaria,6.14,6.79,11.08,7.71,1210.1,925431.0,711.9,12.6,0.37,12.97,36,0.36,1,8.3,11.1,8,3.1,65.0,good,0.0,excellent,0,0.0953,0,0.0591,0,2.47
XB-20244460,Tomatoes,Enugu,Jos,6.44,7.5,9.92,8.89,2860.7,1040963.0,631.3,12.95,0.38,13.33,72,0.185,1,24.4,28.8,25,3.8,57.8,poor,2.233,excellent,0,0.2264,0,0.0863,0,2.69
XB-20244461,Fresh Fish,Port Harcourt,Lagos,4.82,7.04,6.52,3.38,3719.9,2387554.0,683.5,11.18,1.08,12.26,24,0.511,0,36.5,41.8,4,37.8,75.0,fair,0.657,fair,2,0.8358,1,0.8091,1,8.47
XB-20244462,Tomatoes,Onitsha,Jos,6.14,6.79,9.92,8.89,1529.2,505841.0,655.6,10.31,1.01,11.32,72,0.157,0,32.9,39.1,25,14.1,73.5,fair,1.046,excellent,0,0.469,1,0.1669,0,3.34
XB-20244463,Leafy Greens,Port Harcourt,Onitsha,4.82,7.04,6.14,6.79,3039.7,822745.0,227.0,4.39,1.44,5.83,48,0.121,1,13.3,19.2,10,9.2,66.5,fair,1.207,excellent,0,0.2462,0,0.0778,0,2.62
XB-20244464,Leafy Greens,Zaria,Abuja,11.08,7.71,9.07,7.4,3366.7,1023971.0,289.4,6.0,1.03,7.03,48,0.146,0,33.8,38.6,10,28.6,60.6,poor,1.654,good,0,0.5459,0,0.4475,0,5.58
XB-20244465,Leafy Greens,Kaduna,Ibadan,10.52,7.44,7.38,3.93,4114.0,1171903.0,828.6,15.15,0.11,15.25,48,0.318,0,36.9,39.3,10,29.3,71.2,poor,1.242,fair,1,0.7001,1,0.558,1,6.46
XB-20244466,Strawberries,Zaria,Enugu,11.08,7.71,6.44,7.5,3911.3,2823463.0,626.8,14.92,0.37,15.29,36,0.425,0,33.9,40.2,8,32.2,83.2,poor,2.521,good,0,0.707,1,0.5236,0,6.19
XB-20244467,Mangoes,Abuja,Ibadan,9.07,7.4,7.38,3.93,327.7,65351.0,574.7,11.3,1.69,12.99,96,0.135,1,18.7,22.3,20,2.3,55.6,fair,0.675,excellent,0,0.1258,0,0.0492,0,2.39
XB-20244468,Mangoes,Onitsha,Lagos,6.14,6.79,6.52,3.38,3290.1,641736.0,520.5,11.45,1.26,12.71,96,0.132,1,18.9,25.6,20,5.6,82.2,fair,0.87,fair,0,0.294,0,0.3354,0,4.68
XB-20244469,Strawberries,Enugu,Port Harcourt,6.44,7.5,4.82,7.04,2248.1,1891679.0,262.1,6.78,4.38,11.16,36,0.31,1,10.2,16.5,8,8.5,76.0,good,0.0,fair,1,0.4491,0,0.4343,0,5.47
XB-20244470,Tomatoes,Kaduna,Zaria,10.52,7.44,11.08,7.71,2635.3,920233.0,88.8,1.49,0.2,1.69,72,0.023,0,25.1,30.3,25,5.3,74.4,fair,0.789,good,1,0.2951,0,0.3451,0,4.76
XB-20244471,Mangoes,Kano,Lagos,12.0,8.52,6.52,3.38,4274.2,904293.0,1262.6,21.17,8.7,29.87,96,0.311,1,19.3,21.8,20,1.8,55.4,good,0.0,good,1,0.354,0,0.3609,0,4.89
XB-20244472,Strawberries,Jos,Kano,9.92,8.89,12.0,8.52,1211.4,883139.0,327.3,5.06,3.21,8.27,36,0.23,1,11.7,15.1,8,7.1,63.2,good,0.0,fair,1,0.4044,0,0.3279,0,4.62
XB-20244473,Fresh Fish,Onitsha,Ibadan,6.14,6.79,7.38,3.93,1723.6,1068810.0,510.3,8.89,1.98,10.87,24,0.453,0,31.8,39.6,4,35.6,67.5,fair,1.132,good,1,0.6909,1,0.5464,1,6.37
XB-20244474,Mangoes,Ibadan,Enugu,7.38,3.93,6.44,7.5,1142.0,246078.0,565.1,10.47,0.77,11.24,96,0.117,0,33.3,37.8,20,17.8,63.1,fair,0.742,excellent,0,0.4579,1,0.3738,0,4.99
XB-20244475,Mangoes,Jos,Onitsha,9.92,8.89,6.14,6.79,4438.4,901256.0,686.1,11.5,9.6,21.09,96,0.22,1,22.6,28.4,20,8.4,78.5,fair,0.602,fair,1,0.6561,1,0.5855,0,6.68
XB-20244476,Fresh Fish,Lagos,Enugu,6.52,3.38,6.44,7.5,1171.5,644046.0,682.0,13.91,7.49,21.4,24,0.892,0,30.1,38.0,4,34.0,72.4,good,0.0,poor,2,0.7215,1,0.6955,1,7.56
XB-20244477,Fresh Fish,Zaria,Ibadan,11.08,7.71,7.38,3.93,4615.3,2970285.0,793.5,17.3,0.83,18.13,24,0.755,1,4.2,11.0,4,7.0,72.6,good,0.0,fair,1,0.4344,0,0.5123,1,6.1
XB-20244478,Tomatoes,Abuja,Enugu,9.07,7.4,6.44,7.5,3747.0,1430297.0,436.9,12.21,1.48,13.69,72,0.19,1,26.3,33.0,25,8.0,71.1,poor,2.432,excellent,0,0.2921,0,0.2155,0,3.72
XB-20244479,Tomatoes,Enugu,Lagos,6.44,7.5,6.52,3.38,2952.9,980416.0,595.1,14.45,3.65,18.11,72,0.251,0,29.4,32.8,25,7.8,78.7,fair,1.278,good,0,0.5846,0,0.3238,0,4.59
XB-20244480,Mangoes,Kano,Kaduna,12.0,8.52,10.52,7.44,2423.6,493354.0,251.6,6.09,0.99,7.07,96,0.074,1,21.2,23.8,20,3.8,77.2,good,0.0,excellent,0,0.2929,0,0.1834,0,3.47
XB-20244481,Dairy,Abuja,Jos,9.07,7.4,9.92,8.89,4946.2,2140653.0,278.1,6.07,0.34,6.41,48,0.133,1,10.0,17.9,6,11.9,55.4,fair,0.52,good,2,0.36,0,0.3628,0,4.9
XB-20244482,Mangoes,Jos,Abuja,9.92,8.89,9.07,7.4,2764.8,533864.0,264.6,4.21,0.11,4.32,96,0.045,0,38.3,40.6,20,20.6,63.7,good,0.0,fair,0,0.3998,0,0.4186,0,5.35
XB-20244483,Leafy Greens,Kano,Abuja,12.0,8.52,9.07,7.4,4960.9,1484976.0,522.5,14.81,0.75,15.56,48,0.324,0,37.2,43.1,10,33.1,70.1,good,0.0,good,0,0.4715,0,0.3308,0,4.65
XB-20244484,Peppers,Kano,Jos,12.0,8.52,9.92,8.89,428.8,77379.0,291.0,6.06,1.94,8.0,96,0.083,0,33.1,36.1,22,14.1,90.2,fair,1.453,good,0,0.5385,1,0.3865,0,5.09
XB-20244485,Mangoes,Abuja,Enugu,9.07,7.4,6.44,7.5,1196.0,260520.0,387.8,9.2,0.06,9.26,96,0.096,1,18.2,21.7,20,1.7,64.3,fair,1.256,good,0,0.1588,0,0.1657,0,3.33
XB-20244486,Peppers,Port Harcourt,Kano,4.82,7.04,12.0,8.52,738.8,121512.0,1299.6,22.78,0.13,22.91,96,0.239,1,21.1,28.2,22,6.2,90.3,poor,1.208,excellent,0,0.4447,1,0.1593,0,3.27
XB-20244487,Mangoes,Jos,Kaduna,9.92,8.89,10.52,7.44,4309.6,917263.0,247.1,5.41,0.18,5.59,96,0.058,0,34.6,37.5,20,17.5,85.3,poor,2.916,excellent,0,0.6774,1,0.3081,0,4.46
XB-20244488,Leafy Greens,Port Harcourt,Kaduna,4.82,7.04,10.52,7.44,4528.6,1233001.0,910.3,22.54,1.17,23.71,48,0.494,0,37.0,39.3,10,29.3,56.2,fair,0.537,excellent,0,0.6826,1,0.3891,0,5.11
XB-20244489,Strawberries,Kaduna,Abuja,10.52,7.44,9.07,7.4,201.6,147103.0,232.9,6.47,2.69,9.16,36,0.255,0,34.2,38.2,8,30.2,65.0,poor,1.532,excellent,0,0.5886,1,0.2684,0,4.15
XB-20244490,Tomatoes,Lagos,Zaria,6.52,3.38,11.08,7.71,3502.5,1123435.0,1112.0,26.83,0.4,27.23,72,0.378,1,24.0,26.7,25,1.7,74.0,fair,0.722,excellent,0,0.3161,0,0.1554,0,3.24
XB-20244491,Dairy,Lagos,Jos,6.52,3.38,9.92,8.89,1153.1,448531.0,1088.5,17.35,0.91,18.26,48,0.38,0,34.2,40.6,6,34.6,62.2,poor,1.807,good,0,0.5527,1,0.3207,0,4.57
XB-20244492,Leafy Greens,Port Harcourt,Enugu,4.82,7.04,6.44,7.5,898.3,252788.0,291.6,6.62,0.75,7.37,48,0.154,1,10.3,14.4,10,4.4,57.9,fair,1.488,good,0,0.2521,0,0.2428,0,3.94
XB-20244493,Leafy Greens,Kano,Zaria,12.0,8.52,11.08,7.71,4425.7,1207704.0,184.7,4.82,0.15,4.97,48,0.103,0,36.8,42.5,10,32.5,56.8,fair,0.715,fair,0,0.4926,0,0.4969,0,5.98
XB-20244494,Peppers,Kaduna,Zaria,10.52,7.44,11.08,7.71,2291.1,420342.0,86.5,1.51,0.48,1.99,96,0.021,1,24.4,27.0,22,5.0,67.0,poor,2.77,poor,1,0.1463,0,0.4045,0,5.24
XB-20244495,Dairy,Abuja,Onitsha,9.07,7.4,6.14,6.79,1269.3,517519.0,468.2,12.24,0.05,12.29,48,0.256,1,8.8,12.9,6,6.9,66.5,good,0.0,fair,0,0.193,0,0.272,0,4.18
XB-20244496,Strawberries,Kaduna,Jos,10.52,7.44,9.92,8.89,2762.2,2413365.0,220.4,5.68,0.87,6.55,36,0.182,0,31.6,37.9,8,29.9,69.8,fair,1.026,good,0,0.5022,0,0.2832,0,4.27
XB-20244497,Leafy Greens,Jos,Port Harcourt,9.92,8.89,4.82,7.04,1237.6,362045.0,894.4,15.96,0.01,15.97,48,0.333,0,37.3,43.6,10,33.6,55.7,fair,1.222,fair,2,0.5766,0,0.6679,1,7.34
XB-20244498,Leafy Greens,Port Harcourt,Kaduna,4.82,7.04,10.52,7.44,329.3,97038.0,930.1,17.46,1.63,19.09,48,0.398,0,37.1,41.0,10,31.0,60.2,good,0.0,good,0,0.4171,0,0.4037,0,5.23
XB-20244499,Mangoes,Jos,Onitsha,9.92,8.89,6.14,6.79,4019.0,765504.0,619.2,14.06,3.8,17.86,96,0.186,0,32.8,39.1,20,19.1,69.9,fair,1.121,excellent,0,0.5269,1,0.2261,0,3.81
XB-20244500,Tomatoes,Kaduna,Lagos,10.52,7.44,6.52,3.38,803.8,302353.0,973.1,23.7,0.11,23.81,72,0.331,1,23.8,25.8,25,0.8,83.7,fair,1.378,good,0,0.196,0,0.2159,0,3.73
XB-20244501,Tomatoes,Kano,Onitsha,12.0,8.52,6.14,6.79,1398.0,531814.0,827.9,18.34,0.62,18.97,72,0.263,1,23.6,25.9,25,0.9,80.8,poor,2.487,good,0,0.2582,0,0.1636,0,3.31
XB-20244502,Fresh Fish,Port Harcourt,Jos,4.82,7.04,9.92,8.89,3956.8,2548399.0,847.7,13.91,3.22,17.14,24,0.714,1,6.0,13.4,4,9.4,70.8,fair,1.46,poor,2,0.6133,0,0.6764,1,7.41
XB-20244503,Peppers,Kano,Abuja,12.0,8.52,9.07,7.4,3275.7,646147.0,419.0,10.35,1.61,11.96,96,0.125,1,23.0,28.9,22,6.9,81.8,fair,0.994,excellent,0,0.3851,0,0.2485,0,3.99
XB-20244504,Strawberries,Jos,Enugu,9.92,8.89,6.44,7.5,1777.0,1303825.0,591.2,11.84,0.9,12.74,36,0.354,0,29.1,36.7,8,28.7,72.9,fair,0.98,good,0,0.5781,1,0.3929,0,5.14
XB-20244505,Fresh Fish,Port Harcourt,Jos,4.82,7.04,9.92,8.89,2992.8,1817645.0,780.5,14.23,2.22,16.44,24,0.685,1,7.5,14.2,4,10.2,75.0,fair,1.484,excellent,0,0.5307,1,0.3053,0,4.44
XB-20244506,Peppers,Ibadan,Port Harcourt,7.38,3.93,4.82,7.04,2159.3,377104.0,611.5,12.19,3.38,15.57,96,0.162,0,43.1,50.3,22,28.3,60.4,poor,2.041,good,0,0.7511,1,0.4408,0,5.53
XB-20244507,Dairy,Zaria,Lagos,11.08,7.71,6.52,3.38,246.6,105425.0,939.3,24.52,0.02,24.54,48,0.511,1,6.9,13.4,6,7.4,89.9,fair,1.059,poor,2,0.3283,0,0.4686,0,5.75
XB-20244508,Leafy Greens,Zaria,Port Harcourt,11.08,7.71,4.82,7.04,2244.4,590905.0,1083.0,22.01,0.27,22.28,48,0.464,0,35.6,39.0,10,29.0,56.9,poor,1.624,excellent,0,0.596,1,0.3461,0,4.77
XB-20244509,Strawberries,Enugu,Kaduna,6.44,7.5,10.52,7.44,1115.9,901637.0,621.1,9.84,0.66,10.5,36,0.292,0,30.0,32.8,8,24.8,69.3,good,0.0,excellent,0,0.756,1,0.4512,0,5.61
XB-20244510,Leafy Greens,Kaduna,Kano,10.52,7.44,12.0,8.52,4137.5,1223509.0,315.9,7.75,0.89,8.65,48,0.18,1,10.7,18.1,10,8.1,55.7,fair,1.232,good,0,0.4096,0,0.3022,0,4.42
XB-20244511,Peppers,Jos,Abuja,9.92,8.89,9.07,7.4,522.7,99518.0,231.1,3.87,1.9,5.77,96,0.06,0,30.7,35.3,22,13.3,77.8,fair,1.038,fair,0,0.4261,0,0.4559,0,5.65
XB-20244512,Mangoes,Jos,Ibadan,9.92,8.89,7.38,3.93,419.6,77926.0,946.3,16.77,0.23,17.0,96,0.177,1,19.3,24.5,20,4.5,68.4,poor,2.278,good,0,0.3834,0,0.2709,0,4.17
XB-20244513,Mangoes,Onitsha,Jos,6.14,6.79,9.92,8.89,4300.0,780520.0,578.2,9.39,0.95,10.34,96,0.108,1,22.1,27.8,20,7.8,77.9,good,0.0,fair,0,0.3079,0,0.441,0,5.53
XB-20244514,Tomatoes,Zaria,Abuja,11.08,7.71,9.07,7.4,1384.5,522817.0,323.4,6.13,2.97,9.1,72,0.126,1,27.7,30.8,25,5.8,55.9,fair,1.077,excellent,0,0.397,0,0.0779,0,2.62
XB-20244515,Fresh Fish,Ibadan,Port Harcourt,7.38,3.93,4.82,7.04,1015.9,571606.0,700.8,11.06,2.75,13.81,24,0.575,0,38.7,42.5,4,38.5,65.9,good,0.0,excellent,0,0.704,1,0.3556,0,4.84
XB-20244516,Fresh Fish,Kano,Jos,12.0,8.52,9.92,8.89,4925.8,2997593.0,291.0,6.62,0.35,6.96,24,0.29,0,31.3,34.9,4,30.9,80.5,fair,1.0,poor,1,0.4076,0,0.5805,1,6.64
XB-20244517,Peppers,Enugu,Jos,6.44,7.5,9.92,8.89,3026.7,560697.0,589.4,13.76,0.83,14.59,96,0.152,1,23.5,30.8,22,8.8,64.5,fair,0.718,good,0,0.4958,1,0.4577,1,5.66
XB-20244518,Leafy Greens,Kano,Zaria,12.0,8.52,11.08,7.71,453.2,116873.0,162.9,3.41,0.99,4.41,48,0.092,1,12.9,18.9,10,8.9,87.1,fair,0.605,excellent,0,0.2567,0,0.0822,0,2.66
XB-20244519,Tomatoes,Jos,Kano,9.92,8.89,12.0,8.52,4735.2,1767454.0,342.2,6.72,4.1,10.82,72,0.15,1,25.3,33.3,25,8.3,88.4,good,0.0,fair,0,0.4127,1,0.4235,0,5.39
XB-20244520,Fresh Fish,Abuja,Jos,9.07,7.4,9.92,8.89,1518.3,840108.0,232.5,4.86,0.1,4.96,24,0.207,0,32.7,38.9,4,34.9,89.3,fair,0.635,good,0,0.6162,0,0.4702,1,5.76
XB-20244521,Peppers,Jos,Abuja,9.92,8.89,9.07,7.4,2250.2,434009.0,234.6,4.89,0.79,5.68,96,0.059,0,24.9,32.2,22,10.2,85.9,good,0.0,poor,2,0.5916,1,0.5421,1,6.34
XB-20244522,Tomatoes,Onitsha,Ibadan,6.14,6.79,7.38,3.93,2522.2,902900.0,423.8,11.0,1.3,12.3,72,0.171,0,29.2,35.4,25,10.4,60.5,poor,2.779,good,0,0.5565,1,0.41,0,5.28
XB-20244523,Tomatoes,Onitsha,Lagos,6.14,6.79,6.52,3.38,1858.0,687617.0,488.5,9.26,1.98,11.24,72,0.156,0,29.4,33.6,25,8.6,83.2,poor,1.244,good,2,0.5344,0,0.4371,0,5.5
XB-20244524,Fresh Fish,Port Harcourt,Jos,4.82,7.04,9.92,8.89,2383.4,1451148.0,818.5,13.55,0.93,14.48,24,0.603,0,28.0,31.9,4,27.9,78.2,good,0.0,fair,3,0.557,0,0.748,1,7.98
XB-20244525,Tomatoes,Abuja,Jos,9.07,7.4,9.92,8.89,3879.0,1385360.0,273.3,4.5,4.12,8.62,72,0.12,0,33.9,38.8,25,13.8,88.5,good,0.0,good,0,0.5217,1,0.4477,0,5.58
XB-20244526,Mangoes,Enugu,Kano,6.44,7.5,12.0,8.52,3788.6,830727.0,882.8,19.24,1.42,20.65,96,0.215,1,23.6,26.8,20,6.8,79.2,poor,1.95,good,1,0.4034,0,0.3537,0,4.83
XB-20244527,Mangoes,Lagos,Enugu,6.52,3.38,6.44,7.5,1432.1,292393.0,656.7,17.08,3.54,20.62,96,0.215,0,33.5,36.7,20,16.7,84.9,fair,0.903,fair,2,0.5724,1,0.5737,1,6.59
XB-20244528,Fresh Fish,Jos,Port Harcourt,9.92,8.89,4.82,7.04,1880.3,1227568.0,938.6,23.07,0.34,23.41,24,0.976,0,36.6,44.0,4,40.0,76.9,poor,1.975,good,0,0.9529,1,0.5526,0,6.42
XB-20244529,Leafy Greens,Kano,Jos,12.0,8.52,9.92,8.89,3914.2,990545.0,322.3,5.28,3.26,8.54,48,0.178,0,33.6,35.8,10,25.8,65.7,fair,0.771,poor,3,0.5995,0,0.783,1,8.26
XB-20244530,Peppers,Enugu,Abuja,6.44,7.5,9.07,7.4,1960.2,377557.0,447.4,10.52,1.13,11.65,96,0.121,0,38.1,40.3,22,18.3,83.7,good,0.0,excellent,0,0.5942,1,0.3478,0,4.78
XB-20244531,Mangoes,Jos,Lagos,9.92,8.89,6.52,3.38,2778.7,565795.0,887.4,16.73,3.25,19.98,96,0.208,1,23.7,30.1,20,10.1,60.1,poor,2.584,poor,2,0.5829,0,0.854,1,8.83
XB-20244532,Strawberries,Ibadan,Jos,7.38,3.93,9.92,8.89,3148.4,2678203.0,915.8,14.5,0.9,15.4,36,0.428,0,39.2,42.1,8,34.1,55.6,poor,2.92,excellent,0,0.6102,1,0.3693,0,4.95
XB-20244533,Strawberries,Enugu,Abuja,6.44,7.5,9.07,7.4,4698.4,3996063.0,402.6,9.06,2.02,11.09,36,0.308,0,39.7,42.2,8,34.2,80.9,good,0.0,fair,2,0.5348,1,0.608,1,6.86
XB-20244534,Dairy,Kaduna,Lagos,10.52,7.44,6.52,3.38,4366.6,1700059.0,883.3,15.72,0.5,16.22,48,0.338,0,34.6,38.9,6,32.9,90.0,fair,0.793,good,1,0.7666,1,0.5392,1,6.31
XB-20244535,Peppers,Kaduna,Onitsha,10.52,7.44,6.14,6.79,3129.5,568623.0,715.2,14.85,1.03,15.88,96,0.165,0,32.7,40.5,22,18.5,75.4,fair,1.444,excellent,0,0.5843,1,0.3101,0,4.48
XB-20244536,Fresh Fish,Jos,Kaduna,9.92,8.89,10.52,7.44,2096.2,1246426.0,232.2,5.75,1.0,6.75,24,0.281,0,29.5,32.1,4,28.1,86.2,fair,0.925,good,1,0.7352,1,0.4713,0,5.77
XB-20244537,Mangoes,Jos,Enugu,9.92,8.89,6.44,7.5,3201.6,684228.0,623.1,14.88,2.31,17.19,96,0.179,1,23.9,30.0,20,10.0,67.2,fair,1.493,good,1,0.5425,0,0.4225,0,5.38
XB-20244538,Dairy,Abuja,Kano,9.07,7.4,12.0,8.52,4815.0,1844648.0,460.3,9.97,2.58,12.55,48,0.262,1,4.8,11.9,6,5.9,89.5,poor,1.154,excellent,0,0.3741,0,0.2373,0,3.9
XB-20244539,Leafy Greens,Zaria,Jos,11.08,7.71,9.92,8.89,4132.2,1110048.0,291.4,5.04,2.93,7.97,48,0.166,0,28.5,34.8,10,24.8,89.4,fair,0.822,excellent,0,0.6166,1,0.2481,0,3.99
XB-20244540,Strawberries,Port Harcourt,Enugu,4.82,7.04,6.44,7.5,4728.5,3799705.0,268.0,5.95,0.02,5.97,36,0.166,0,31.9,36.4,8,28.4,76.0,fair,0.683,poor,1,0.5591,0,0.752,1,8.02
XB-20244541,Peppers,Abuja,Kaduna,9.07,7.4,10.52,7.44,2135.3,421713.0,199.9,4.26,0.92,5.18,96,0.054,1,25.5,28.2,22,6.2,69.6,fair,0.6,fair,0,0.2958,0,0.3797,0,5.04
XB-20244542,Mangoes,Abuja,Kano,9.07,7.4,12.0,8.52,703.5,145428.0,525.8,8.25,0.04,8.29,96,0.086,1,19.6,24.9,20,4.9,71.4,fair,0.711,fair,1,0.3293,0,0.4512,0,5.61
XB-20244543,Dairy,Zaria,Lagos,11.08,7.71,6.52,3.38,4306.8,1644333.0,1030.7,18.74,3.13,21.87,48,0.456,1,4.0,10.0,6,4.0,63.9,good,0.0,good,0,0.2641,0,0.2736,0,4.19
XB-20244544,Tomatoes,Kaduna,Onitsha,10.52,7.44,6.14,6.79,2356.6,893052.0,670.0,12.3,0.67,12.98,72,0.18,0,33.0,40.2,25,15.2,56.5,fair,1.01,excellent,0,0.5302,1,0.263,0,4.1
XB-20244545,Tomatoes,Lagos,Jos,6.52,3.38,9.92,8.89,242.3,76810.0,1125.9,31.1,0.68,31.78,72,0.441,1,26.8,34.8,25,9.8,84.4,poor,1.364,fair,0,0.6174,1,0.5431,1,6.35
XB-20244546,Fresh Fish,Abuja,Port Harcourt,9.07,7.4,4.82,7.04,3649.8,2334187.0,722.9,12.57,0.79,13.35,24,0.556,0,32.5,39.1,4,35.1,55.2,poor,2.192,good,0,0.7887,1,0.5538,0,6.43
XB-20244547,Peppers,Jos,Kaduna,9.92,8.89,10.52,7.44,2232.8,394990.0,231.4,4.25,0.18,4.42,96,0.046,0,33.4,36.3,22,14.3,84.4,good,0.0,excellent,0,0.5294,1,0.3053,0,4.44
XB-20244548,Peppers,Lagos,Kano,6.52,3.38,12.0,8.52,3513.8,694296.0,1216.6,21.86,0.16,22.02,96,0.229,1,23.5,25.5,22,3.5,64.6,poor,2.319,poor,3,0.323,0,0.6459,1,7.17
XB-20244549,Tomatoes,Onitsha,Abuja,6.14,6.79,9.07,7.4,1943.4,674344.0,497.3,7.83,2.07,9.89,72,0.137,0,32.5,38.9,25,13.9,59.3,fair,1.305,good,1,0.5451,1,0.4849,0,5.88
XB-20244550,Peppers,Zaria,Kano,11.08,7.71,12.0,8.52,3478.3,580565.0,169.8,4.02,4.76,8.78,96,0.091,1,25.8,32.3,22,10.3,80.2,poor,1.119,poor,0,0.5884,1,0.5621,1,6.5
XB-20244551,Strawberries,Kano,Onitsha,12.0,8.52,6.14,6.79,4262.6,3607410.0,865.6,16.73,2.08,18.81,36,0.523,1,11.1,15.1,8,7.1,55.2,poor,2.424,fair,2,0.5333,1,0.5872,1,6.7
XB-20244552,Leafy Greens,Kano,Ibadan,12.0,8.52,7.38,3.93,3198.7,980212.0,879.1,20.27,0.65,20.92,48,0.436,1,12.8,18.0,10,8.0,71.8,fair,1.314,good,0,0.2836,0,0.1233,0,2.99
XB-20244553,Strawberries,Lagos,Ibadan,6.52,3.38,7.38,3.93,4728.1,4053395.0,180.2,3.98,1.03,5.01,36,0.139,0,26.0,31.7,8,23.7,64.6,good,0.0,good,0,0.4862,0,0.2984,0,4.39
XB-20244554,Fresh Fish,Kaduna,Jos,10.52,7.44,9.92,8.89,4106.5,2697881.0,260.8,5.77,1.61,7.37,24,0.307,0,30.1,32.6,4,28.6,55.5,good,0.0,excellent,0,0.5564,1,0.2822,0,4.26
XB-20244555,Strawberries,Ibadan,Lagos,7.38,3.93,6.52,3.38,2541.5,1885136.0,153.9,2.56,0.41,2.96,36,0.082,1,9.6,14.2,8,6.2,61.0,fair,1.453,fair,0,0.1871,0,0.2458,0,3.97
XB-20244556,Strawberries,Ibadan,Abuja,7.38,3.93,9.07,7.4,4469.0,3722275.0,525.8,13.62,1.82,15.44,36,0.429,0,32.9,40.6,8,32.6,67.2,good,0.0,good,1,0.5067,0,0.4723,0,5.78
XB-20244557,Tomatoes,Enugu,Zaria,6.44,7.5,11.08,7.71,973.0,316176.0,760.4,17.75,1.33,19.08,72,0.265,1,27.9,30.9,25,5.9,91.1,fair,0.573,good,0,0.3518,0,0.2908,0,4.33
XB-20244558,Mangoes,Lagos,Kaduna,6.52,3.38,10.52,7.44,4889.4,922194.0,764.3,13.99,2.91,16.9,96,0.176,0,35.1,42.3,20,22.3,84.7,poor,2.575,good,0,0.7206,1,0.4923,0,5.94
XB-20244559,Tomatoes,Abuja,Ibadan,9.07,7.4,7.38,3.93,2367.9,750769.0,554.0,14.03,3.08,17.11,72,0.238,1,25.1,30.9,25,5.9,55.2,poor,2.108,good,1,0.368,0,0.3381,0,4.71
XB-20244560,Leafy Greens,Port Harcourt,Abuja,4.82,7.04,9.07,7.4,4353.8,1224432.0,668.4,11.97,0.18,12.14,48,0.253,0,36.0,40.0,10,30.0,86.4,fair,0.909,excellent,0,0.5171,1,0.2026,0,3.62
XB-20244561,Dairy,Abuja,Enugu,9.07,7.4,6.44,7.5,3270.7,1443907.0,371.3,5.77,9.4,15.16,48,0.316,0,28.1,35.3,6,29.3,83.2,fair,0.693,poor,3,0.6655,1,0.8674,1,8.94
XB-20244562,Fresh Fish,Lagos,Jos,6.52,3.38,9.92,8.89,4293.2,2645298.0,947.6,19.02,0.2,19.23,24,0.801,0,34.7,39.4,4,35.4,63.7,good,0.0,poor,3,0.5445,1,0.7555,1,8.04
XB-20244563,Peppers,Port Harcourt,Kaduna,4.82,7.04,10.52,7.44,3643.9,672291.0,764.9,18.33,0.88,19.21,96,0.2,0,25.6,29.1,22,7.1,88.0,fair,1.488,fair,0,0.6662,1,0.4708,0,5.77
XB-20244564,Leafy Greens,Jos,Lagos,9.92,8.89,6.52,3.38,722.4,187500.0,861.8,14.09,0.35,14.45,48,0.301,0,35.9,38.8,10,28.8,69.3,fair,1.129,excellent,0,0.5543,1,0.2505,0,4.0
XB-20244565,Leafy Greens,Port Harcourt,Lagos,4.82,7.04,6.52,3.38,3934.4,1106406.0,540.4,10.89,0.29,11.19,48,0.233,1,10.3,13.7,10,3.7,77.1,fair,0.98,excellent,0,0.2437,0,0.1694,0,3.36
XB-20244566,Leafy Greens,Port Harcourt,Jos,4.82,7.04,9.92,8.89,2727.6,819487.0,945.8,22.98,1.12,24.1,48,0.502,0,26.4,29.4,10,19.4,63.7,fair,1.103,excellent,0,0.678,1,0.2983,0,4.39
XB-20244567,Tomatoes,Onitsha,Zaria,6.14,6.79,11.08,7.71,2279.9,759135.0,824.1,19.84,1.1,20.94,72,0.291,1,24.0,28.0,25,3.0,55.4,poor,2.167,excellent,0,0.2744,0,0.13,0,3.04
XB-20244568,Fresh Fish,Kaduna,Jos,10.52,7.44,9.92,8.89,3897.5,2457464.0,233.5,4.74,0.81,5.55,24,0.231,0,37.2,41.8,4,37.8,89.4,poor,1.259,good,1,0.6805,1,0.4132,0,5.31
XB-20244569,Fresh Fish,Ibadan,Jos,7.38,3.93,9.92,8.89,4170.7,2383479.0,775.5,13.22,0.81,14.04,24,0.585,1,6.1,13.1,4,9.1,79.2,good,0.0,fair,0,0.519,1,0.5778,0,6.62
XB-20244570,Fresh Fish,Enugu,Ibadan,6.44,7.5,7.38,3.93,4059.1,2450809.0,525.4,13.95,1.81,15.76,24,0.657,0,31.5,34.5,4,30.5,55.6,good,0.0,fair,1,0.6191,1,0.5872,1,6.7
XB-20244571,Mangoes,Abuja,Zaria,9.07,7.4,11.08,7.71,2979.1,592703.0,298.2,6.12,1.99,8.11,96,0.084,0,29.6,35.4,20,15.4,66.2,poor,1.563,poor,2,0.604,0,0.709,1,7.67
XB-20244572,Peppers,Kano,Zaria,12.0,8.52,11.08,7.71,472.0,88036.0,208.3,3.62,1.48,5.1,96,0.053,1,24.6,26.9,22,4.9,83.1,poor,2.994,good,0,0.3021,0,0.1961,0,3.57
XB-20244573,Strawberries,Enugu,Jos,6.44,7.5,9.92,8.89,3957.3,3003377.0,597.3,13.97,0.85,14.81,36,0.411,0,26.8,33.9,8,25.9,82.6,fair,0.856,good,0,0.576,0,0.4527,0,5.62
XB-20244574,Strawberries,Lagos,Jos,6.52,3.38,9.92,8.89,2229.0,1901286.0,903.3,14.66,0.72,15.39,36,0.427,0,41.0,45.5,8,37.5,87.1,good,0.0,fair,0,0.6045,1,0.5605,0,6.48
XB-20244575,Peppers,Lagos,Kano,6.52,3.38,12.0,8.52,1013.6,178485.0,1104.5,22.59,4.6,27.19,96,0.283,0,40.3,46.8,22,24.8,61.8,fair,0.848,good,0,0.4573,1,0.3578,0,4.86
XB-20244576,Dairy,Jos,Kaduna,9.92,8.89,10.52,7.44,1132.6,468680.0,226.2,3.78,1.54,5.32,48,0.111,0,39.2,43.6,6,37.6,91.9,fair,0.683,fair,1,0.6497,1,0.5583,0,6.47
XB-20244577,Fresh Fish,Onitsha,Enugu,6.14,6.79,6.44,7.5,3803.2,2086289.0,109.6,1.88,0.13,2.02,24,0.084,0,38.0,41.6,4,37.6,71.4,poor,1.414,good,0,0.6197,1,0.2875,0,4.3
XB-20244578,Mangoes,Lagos,Onitsha,6.52,3.38,6.14,6.79,4256.9,871195.0,603.4,11.78,0.6,12.38,96,0.129,0,32.5,35.3,20,15.3,81.8,good,0.0,excellent,0,0.3897,0,0.125,0,3.0
XB-20244579,Tomatoes,Kaduna,Jos,10.52,7.44,9.92,8.89,1390.1,441688.0,260.9,6.54,1.95,8.49,72,0.118,0,39.7,46.6,25,21.6,86.2,fair,0.916,fair,0,0.6606,1,0.5176,0,6.14
XB-20244580,Dairy,Kano,Zaria,12.0,8.52,11.08,7.71,1653.3,681635.0,206.8,3.35,0.67,4.01,48,0.084,0,32.5,36.8,6,30.8,70.8,fair,0.962,fair,2,0.5441,0,0.6696,1,7.36
XB-20244581,Tomatoes,Onitsha,Ibadan,6.14,6.79,7.38,3.93,4920.5,1627770.0,494.5,7.96,1.23,9.19,72,0.128,1,27.1,34.7,25,9.7,59.4,fair,0.877,good,0,0.3269,0,0.3135,0,4.51
XB-20244582,Dairy,Port Harcourt,Lagos,4.82,7.04,6.52,3.38,4165.8,1651850.0,615.0,11.23,2.57,13.8,48,0.287,0,38.3,42.9,6,36.9,84.5,fair,1.106,fair,1,0.6239,1,0.6141,1,6.91
XB-20244583,Leafy Greens,Enugu,Ibadan,6.44,7.5,7.38,3.93,2076.2,560578.0,530.5,8.3,5.25,13.55,48,0.282,0,36.1,41.8,10,31.8,61.8,poor,1.545,fair,3,0.6169,0,0.7076,1,7.66
XB-20244584,Mangoes,Enugu,Jos,6.44,7.5,9.92,8.89,3057.0,605968.0,557.5,11.01,0.0,11.01,96,0.115,0,28.7,32.1,20,12.1,73.9,fair,0.96,fair,2,0.5703,1,0.6598,0,7.28
XB-20244585,Peppers,Zaria,Onitsha,11.08,7.71,6.14,6.79,1934.4,340172.0,873.3,20.12,1.36,21.49,96,0.224,0,36.4,41.2,22,19.2,57.4,good,0.0,good,1,0.5292,1,0.4361,0,5.49
XB-20244586,Dairy,Onitsha,Kano,6.14,6.79,12.0,8.52,4137.2,1589496.0,913.7,14.44,1.45,15.89,48,0.331,1,7.1,10.5,6,4.5,63.8,good,0.0,excellent,0,0.1162,0,0.0931,0,2.74
XB-20244587,Leafy Greens,Enugu,Onitsha,6.44,7.5,6.14,6.79,1309.2,337978.0,128.8,2.22,0.12,2.35,48,0.049,1,13.4,17.5,10,7.5,77.4,good,0.0,fair,0,0.1774,0,0.3484,0,4.79
XB-20244588,Tomatoes,Onitsha,Kaduna,6.14,6.79,10.52,7.44,469.9,167863.0,740.4,19.84,2.41,22.25,72,0.309,1,26.7,32.1,25,7.1,91.5,good,0.0,good,1,0.452,1,0.4333,0,5.47
XB-20244589,Leafy Greens,Enugu,Kaduna,6.44,7.5,10.52,7.44,4623.6,1386378.0,688.9,16.48,0.2,16.68,48,0.348,0,37.1,42.5,10,32.5,65.5,poor,1.867,good,0,0.6459,1,0.4007,0,5.21
XB-20244590,Peppers,Kaduna,Zaria,10.52,7.44,11.08,7.71,1220.0,239077.0,82.8,1.28,0.67,1.94,96,0.02,0,28.3,35.2,22,13.2,82.4,good,0.0,good,0,0.4455,1,0.3691,0,4.95
XB-20244591,Mangoes,Kano,Ibadan,12.0,8.52,7.38,3.93,2324.3,505103.0,999.2,16.2,3.36,19.56,96,0.204,1,22.0,29.4,20,9.4,78.6,fair,1.134,good,0,0.4488,0,0.3439,0,4.75
XB-20244592,Tomatoes,Zaria,Kaduna,11.08,7.71,10.52,7.44,1468.4,552843.0,87.4,1.7,0.9,2.6,72,0.036,0,29.6,35.7,25,10.7,59.1,good,0.0,good,0,0.4518,1,0.2954,0,4.36
XB-20244593,Strawberries,Lagos,Ibadan,6.52,3.38,7.38,3.93,1208.3,959147.0,148.4,2.34,0.34,2.68,36,0.074,1,6.6,9.1,8,1.1,66.2,good,0.0,excellent,0,0.02,0,0.1652,0,3.32
XB-20244594,Leafy Greens,Kano,Zaria,12.0,8.52,11.08,7.71,3003.0,800325.0,175.5,2.71,1.33,4.04,48,0.084,1,13.5,16.7,10,6.7,62.5,fair,0.832,good,0,0.2489,0,0.252,0,4.02
XB-20244595,Dairy,Kaduna,Onitsha,10.52,7.44,6.14,6.79,2937.0,1318712.0,778.6,12.19,0.09,12.28,48,0.256,1,9.2,11.3,6,5.3,76.4,fair,1.031,good,1,0.344,0,0.305,0,4.44
XB-20244596,Peppers,Lagos,Enugu,6.52,3.38,6.44,7.5,1450.9,282303.0,607.1,14.93,3.1,18.03,96,0.188,1,23.2,29.9,22,7.9,58.4,fair,0.95,good,0,0.2357,0,0.0924,0,2.74
XB-20244597,Strawberries,Abuja,Enugu,9.07,7.4,6.44,7.5,1507.4,1224251.0,384.8,6.07,2.31,8.38,36,0.233,0,33.8,36.4,8,28.4,58.6,fair,1.156,good,0,0.5123,0,0.3749,0,5.0
XB-20244598,Mangoes,Kano,Zaria,12.0,8.52,11.08,7.71,1677.4,331527.0,192.2,4.33,0.89,5.23,96,0.054,1,22.2,24.9,20,4.9,85.4,fair,0.749,good,0,0.2362,0,0.2345,0,3.88
XB-20244599,Leafy Greens,Jos,Lagos,9.92,8.89,6.52,3.38,3814.2,986354.0,1085.4,25.33,0.39,25.72,48,0.536,1,11.1,15.9,10,5.9,75.9,fair,1.465,excellent,0,0.3987,1,0.174,0,3.39
XB-20244600,Dairy,Zaria,Lagos,11.08,7.71,6.52,3.38,1429.1,618583.0,956.2,19.62,5.45,25.06,48,0.522,1,4.8,7.1,6,1.1,78.2,fair,1.415,excellent,0,0.4204,0,0.2356,0,3.89
XB-20244601,Fresh Fish,Lagos,Enugu,6.52,3.38,6.44,7.5,1298.9,840791.0,631.0,11.21,2.77,13.97,24,0.582,1,7.5,15.3,4,11.3,86.5,fair,1.001,poor,1,0.5176,0,0.6162,0,6.93
XB-20244602,Dairy,Jos,Ibadan,9.92,8.89,7.38,3.93,4822.0,2143439.0,776.7,12.9,0.85,13.75,48,0.286,1,9.5,13.8,6,7.8,83.0,fair,0.974,poor,3,0.4666,0,0.6844,1,7.48
XB-20244603,Leafy Greens,Abuja,Port Harcourt,9.07,7.4,4.82,7.04,1377.7,372871.0,602.4,13.15,0.15,13.29,48,0.277,0,36.5,38.6,10,28.6,56.8,fair,1.156,good,1,0.6037,1,0.4523,0,5.62
XB-20244604,Strawberries,Jos,Abuja,9.92,8.89,9.07,7.4,2493.5,1918635.0,261.3,5.44,0.73,6.17,36,0.171,0,27.6,34.2,8,26.2,66.4,good,0.0,good,0,0.3231,0,0.1687,0,3.35
XB-20244605,Strawberries,Kano,Jos,12.0,8.52,9.92,8.89,929.0,778996.0,354.8,5.73,0.14,5.87,36,0.163,0,27.8,32.2,8,24.2,72.1,fair,1.322,good,0,0.5329,0,0.331,0,4.65
XB-20244606,Leafy Greens,Kano,Enugu,12.0,8.52,6.44,7.5,1824.2,487870.0,933.1,16.31,0.68,16.99,48,0.354,1,12.4,16.2,10,6.2,59.9,fair,1.045,excellent,0,0.3478,0,0.1674,0,3.34
XB-20244607,Fresh Fish,Onitsha,Abuja,6.14,6.79,9.07,7.4,554.2,312102.0,428.4,7.87,0.51,8.38,24,0.349,0,30.0,37.3,4,33.3,80.8,poor,2.038,fair,2,0.5849,0,0.6029,1,6.82
XB-20244608,Mangoes,Abuja,Zaria,9.07,7.4,11.08,7.71,2578.3,523193.0,334.1,7.26,0.87,8.13,96,0.085,0,36.9,43.6,20,23.6,82.2,good,0.0,fair,0,0.5255,0,0.3988,0,5.19
XB-20244609,Mangoes,Kano,Jos,12.0,8.52,9.92,8.89,3052.5,635104.0,285.1,5.67,1.14,6.81,96,0.071,0,26.9,34.2,20,14.2,59.6,poor,2.377,excellent,0,0.4892,1,0.2055,0,3.64
XB-20244610,Mangoes,Port Harcourt,Kano,4.82,7.04,12.0,8.52,442.5,94643.0,1031.3,16.49,0.27,16.76,96,0.175,1,23.9,31.1,20,11.1,82.4,poor,2.965,poor,0,0.385,0,0.5865,1,6.69
XB-20244611,Tomatoes,Enugu,Onitsha,6.44,7.5,6.14,6.79,1523.3,523201.0,128.6,2.84,3.05,5.88,72,0.082,0,33.9,36.8,25,11.8,80.4,fair,0.764,poor,1,0.6382,1,0.7341,1,7.87
XB-20244612,Dairy,Port Harcourt,Jos,4.82,7.04,9.92,8.89,847.9,378329.0,858.5,17.37,0.73,18.09,48,0.377,0,24.3,30.5,6,24.5,74.3,fair,1.16,excellent,0,0.5575,1,0.227,0,3.82
XB-20244613,Fresh Fish,Abuja,Ibadan,9.07,7.4,7.38,3.93,637.5,415295.0,618.5,15.82,0.85,16.68,24,0.695,1,7.6,10.8,4,6.8,88.5,fair,0.608,fair,0,0.7024,1,0.5251,1,6.2
XB-20244614,Leafy Greens,Kaduna,Enugu,10.52,7.44,6.44,7.5,702.4,179017.0,573.7,15.25,1.76,17.02,48,0.354,1,13.7,16.1,10,6.1,89.5,good,0.0,fair,0,0.4216,0,0.3966,0,5.17
XB-20244615,Fresh Fish,Ibadan,Port Harcourt,7.38,3.93,4.82,7.04,1485.7,944098.0,709.7,13.66,0.05,13.71,24,0.571,1,4.8,11.6,4,7.6,76.7,fair,1.227,fair,0,0.4815,0,0.3348,0,4.68
XB-20244616,Dairy,Zaria,Enugu,11.08,7.71,6.44,7.5,2075.2,794526.0,641.5,10.89,0.48,11.37,48,0.237,1,6.2,13.1,6,7.1,65.5,fair,0.998,good,1,0.2955,0,0.3184,0,4.55
XB-20244617,Peppers,Onitsha,Abuja,6.14,6.79,9.07,7.4,2988.8,567941.0,428.2,6.84,0.35,7.19,96,0.075,0,39.6,45.8,22,23.8,90.1,good,0.0,good,0,0.4134,0,0.3185,0,4.55
XB-20244618,Tomatoes,Ibadan,Enugu,7.38,3.93,6.44,7.5,1616.1,595338.0,500.5,13.35,0.76,14.11,72,0.196,1,25.7,33.2,25,8.2,79.4,good,0.0,excellent,0,0.3279,0,0.1998,0,3.6
XB-20244619,Fresh Fish,Ibadan,Enugu,7.38,3.93,6.44,7.5,4461.1,2860178.0,628.7,10.66,0.5,11.16,24,0.465,0,31.6,36.8,4,32.8,71.5,fair,0.568,good,0,0.6354,1,0.3977,0,5.18
XB-20244620,Tomatoes,Kaduna,Enugu,10.52,7.44,6.44,7.5,4925.6,1776261.0,614.1,9.65,0.36,10.0,72,0.139,0,31.3,37.4,25,12.4,77.4,poor,2.019,poor,0,0.6184,1,0.7343,1,7.87
XB-20244621,Tomatoes,Ibadan,Kaduna,7.38,3.93,10.52,7.44,3747.8,1197220.0,831.2,18.64,0.59,19.23,72,0.267,1,28.7,33.0,25,8.0,68.7,fair,0.928,good,0,0.1923,0,0.1699,0,3.36
XB-20244622,Fresh Fish,Onitsha,Kano,6.14,6.79,12.0,8.52,1033.2,577511.0,1007.1,18.86,0.74,19.6,24,0.817,0,29.0,36.0,4,32.0,63.9,poor,2.27,good,0,0.7382,1,0.5071,1,6.06
XB-20244623,Strawberries,Lagos,Kaduna,6.52,3.38,10.52,7.44,859.8,678276.0,848.4,15.83,4.97,20.8,36,0.578,0,30.2,33.3,8,25.3,78.0,poor,1.009,poor,0,0.8699,1,0.7926,1,8.34
XB-20244624,Strawberries,Onitsha,Ibadan,6.14,6.79,7.38,3.93,2518.4,2026877.0,482.9,8.43,0.85,9.27,36,0.258,0,30.4,33.1,8,25.1,70.8,poor,1.06,excellent,0,0.5558,1,0.1688,0,3.35
XB-20244625,Tomatoes,Zaria,Lagos,11.08,7.71,6.52,3.38,4417.9,1690294.0,1028.1,27.31,4.49,31.8,72,0.442,0,36.0,40.1,25,15.1,76.7,poor,1.367,excellent,0,0.6262,1,0.3961,0,5.17
XB-20244626,Leafy Greens,Port Harcourt,Kaduna,4.82,7.04,10.52,7.44,4370.7,1294347.0,949.2,21.63,1.04,22.67,48,0.472,0,33.8,39.6,10,29.6,82.3,fair,0.77,poor,1,0.6871,1,0.6696,1,7.36
XB-20244627,Leafy Greens,Kaduna,Enugu,10.52,7.44,6.44,7.5,4136.9,1090754.0,654.8,17.76,0.81,18.58,48,0.387,0,30.7,33.9,10,23.9,55.8,good,0.0,good,0,0.4695,0,0.3115,0,4.49
XB-20244628,Dairy,Port Harcourt,Kano,4.82,7.04,12.0,8.52,700.2,309137.0,1253.8,20.39,1.52,21.91,48,0.456,0,34.3,41.4,6,35.4,78.1,poor,1.8,good,0,0.7694,1,0.5118,0,6.09
XB-20244629,Fresh Fish,Zaria,Port Harcourt,11.08,7.71,4.82,7.04,2049.8,1259453.0,867.9,20.57,1.76,22.33,24,0.93,0,35.5,41.4,4,37.4,58.4,poor,1.639,good,0,0.7985,1,0.5046,0,6.04
XB-20244630,Fresh Fish,Kaduna,Lagos,10.52,7.44,6.52,3.38,642.2,375487.0,852.3,22.81,0.23,23.04,24,0.96,1,6.9,14.2,4,10.2,56.5,good,0.0,fair,0,0.602,1,0.4832,0,5.87
XB-20244631,Fresh Fish,Kano,Zaria,12.0,8.52,11.08,7.71,4967.4,2791461.0,182.1,4.52,0.42,4.94,24,0.206,1,5.1,12.5,4,8.5,56.5,fair,1.486,good,1,0.2795,0,0.3549,0,4.84
XB-20244632,Fresh Fish,Kaduna,Jos,10.52,7.44,9.92,8.89,509.9,279186.0,268.8,4.57,2.02,6.6,24,0.275,0,28.9,35.8,4,31.8,79.6,good,0.0,excellent,0,0.5402,1,0.336,0,4.69
XB-20244633,Leafy Greens,Enugu,Zaria,6.44,7.5,11.08,7.71,223.0,59624.0,723.4,11.23,1.0,12.23,48,0.255,0,39.6,41.6,10,31.6,66.0,fair,1.02,good,0,0.6234,1,0.4775,0,5.82
XB-20244634,Fresh Fish,Abuja,Onitsha,9.07,7.4,6.14,6.79,667.4,433374.0,433.4,8.08,0.91,8.99,24,0.375,0,32.9,39.7,4,35.7,67.8,fair,1.487,excellent,0,0.5032,1,0.2439,0,3.95
XB-20244635,Mangoes,Onitsha,Kano,6.14,6.79,12.0,8.52,2375.0,510278.0,889.9,19.81,1.69,21.51,96,0.224,1,22.3,27.6,20,7.6,68.8,fair,1.344,fair,3,0.401,1,0.4775,0,5.82
XB-20244636,Strawberries,Kano,Zaria,12.0,8.52,11.08,7.71,1027.4,844468.0,199.3,3.3,1.54,4.84,36,0.134,0,30.6,33.2,8,25.2,70.5,fair,1.141,poor,3,0.5295,1,0.8292,1,8.63
XB-20244637,Mangoes,Port Harcourt,Enugu,4.82,7.04,6.44,7.5,4607.5,944020.0,298.1,5.49,0.21,5.7,96,0.059,1,20.1,26.4,20,6.4,73.1,fair,0.748,excellent,0,0.3379,0,0.1537,0,3.23
XB-20244638,Leafy Greens,Enugu,Jos,6.44,7.5,9.92,8.89,3182.9,842422.0,652.5,11.49,5.96,17.45,48,0.364,0,31.9,36.5,10,26.5,62.7,fair,0.892,good,1,0.5481,1,0.3681,0,4.94
XB-20244639,Mangoes,Ibadan,Enugu,7.38,3.93,6.44,7.5,4242.6,888561.0,604.8,13.77,2.41,16.17,96,0.168,1,18.5,23.9,20,3.9,85.2,fair,1.052,poor,2,0.2547,0,0.5687,1,6.55
XB-20244640,Mangoes,Onitsha,Kano,6.14,6.79,12.0,8.52,3029.9,630608.0,854.7,17.66,3.0,20.67,96,0.215,1,19.4,22.0,20,2.0,83.0,fair,1.104,fair,1,0.4016,0,0.4393,0,5.51
XB-20244641,Tomatoes,Onitsha,Port Harcourt,6.14,6.79,4.82,7.04,2740.6,1026002.0,227.5,4.77,1.22,5.99,72,0.083,1,25.3,27.6,25,2.6,57.8,poor,1.142,excellent,0,0.2257,0,0.0793,0,2.63
XB-20244642,Leafy Greens,Zaria,Jos,11.08,7.71,9.92,8.89,3649.6,984706.0,249.4,4.66,1.97,6.63,48,0.138,0,36.7,41.9,10,31.9,66.9,fair,1.183,excellent,0,0.5176,1,0.3414,0,4.73
XB-20244643,Strawberries,Enugu,Jos,6.44,7.5,9.92,8.89,4885.3,3666116.0,614.3,11.35,0.12,11.47,36,0.319,0,33.0,36.8,8,28.8,68.7,good,0.0,excellent,0,0.5239,0,0.2591,0,4.07
XB-20244644,Peppers,Zaria,Jos,11.08,7.71,9.92,8.89,1947.7,374248.0,244.8,5.95,0.78,6.73,96,0.07,0,31.0,34.5,22,12.5,83.1,poor,2.844,excellent,0,0.3978,0,0.2464,0,3.97
XB-20244645,Strawberries,Abuja,Lagos,9.07,7.4,6.52,3.38,2981.2,2482094.0,658.2,14.23,0.32,14.55,36,0.404,1,10.8,13.7,8,5.7,71.1,fair,1.347,good,1,0.2183,0,0.3154,0,4.52
XB-20244646,Strawberries,Lagos,Jos,6.52,3.38,9.92,8.89,2441.9,2104995.0,1086.3,29.17,0.66,29.83,36,0.829,0,34.2,41.3,8,33.3,75.5,fair,0.598,fair,0,0.5619,1,0.5616,0,6.49
XB-20244647,Strawberries,Abuja,Onitsha,9.07,7.4,6.14,6.79,2865.2,2329081.0,467.8,11.11,0.38,11.49,36,0.319,1,11.2,14.2,8,6.2,80.0,fair,1.177,fair,0,0.3255,0,0.5527,0,6.42
XB-20244648,Mangoes,Onitsha,Jos,6.14,6.79,9.92,8.89,4386.2,911214.0,739.2,16.35,2.59,18.94,96,0.197,1,18.6,21.2,20,1.2,76.9,good,0.0,good,0,0.0837,0,0.048,0,2.38
XB-20244649,Peppers,Zaria,Jos,11.08,7.71,9.92,8.89,3910.0,657100.0,245.2,6.54,0.83,7.36,96,0.077,1,20.2,23.7,22,1.7,65.7,poor,2.96,poor,3,0.3686,0,0.7462,1,7.97
XB-20244650,Mangoes,Onitsha,Lagos,6.14,6.79,6.52,3.38,2619.1,554697.0,503.5,9.77,1.64,11.41,96,0.119,0,38.5,45.0,20,25.0,63.6,fair,1.375,poor,1,0.5356,1,0.6116,0,6.89
XB-20244651,Peppers,Lagos,Kaduna,6.52,3.38,10.52,7.44,1666.2,322261.0,999.3,19.83,0.48,20.3,96,0.211,0,34.5,39.3,22,17.3,80.5,poor,1.099,poor,0,0.6024,0,0.5904,1,6.72
XB-20244652,Fresh Fish,Jos,Enugu,9.92,8.89,6.44,7.5,1373.1,817308.0,564.0,12.4,0.27,12.67,24,0.528,1,3.0,6.6,4,2.6,83.1,fair,1.191,poor,2,0.22,0,0.519,0,6.15
XB-20244653,Mangoes,Lagos,Jos,6.52,3.38,9.92,8.89,3356.4,617087.0,931.7,16.67,0.54,17.21,96,0.179,0,34.8,37.6,20,17.6,81.3,poor,2.61,poor,0,0.6101,1,0.5315,0,6.25
XB-20244654,Tomatoes,Port Harcourt,Abuja,4.82,7.04,9.07,7.4,3468.4,1176023.0,714.5,15.49,1.09,16.57,72,0.23,1,23.3,29.7,25,4.7,58.0,poor,1.954,good,0,0.4543,0,0.3483,0,4.79
XB-20244655,Strawberries,Abuja,Zaria,9.07,7.4,11.08,7.71,1703.1,1373176.0,287.0,5.29,0.37,5.66,36,0.157,0,32.9,38.4,8,30.4,91.0,fair,1.447,fair,0,0.4615,0,0.3943,0,5.15
XB-20244656,Peppers,Port Harcourt,Jos,4.82,7.04,9.92,8.89,3973.6,694293.0,820.1,15.34,1.06,16.4,96,0.171,0,33.4,37.6,22,15.6,82.1,poor,2.987,good,1,0.5375,0,0.5618,0,6.49
XB-20244657,Leafy Greens,Lagos,Kano,6.52,3.38,12.0,8.52,3106.3,858292.0,1048.4,27.63,0.89,28.52,48,0.594,0,32.5,38.0,10,28.0,81.3,fair,0.597,fair,0,0.5955,1,0.5638,1,6.51
XB-20244658,Fresh Fish,Ibadan,Zaria,7.38,3.93,11.08,7.71,3607.8,2274397.0,823.8,13.96,0.12,14.08,24,0.587,0,37.2,41.0,4,37.0,79.3,fair,1.261,good,0,0.6593,1,0.4195,0,5.36
XB-20244659,Leafy Greens,Lagos,Jos,6.52,3.38,9.92,8.89,2274.4,678585.0,1140.6,25.51,2.51,28.02,48,0.584,0,32.9,40.0,10,30.0,86.2,good,0.0,fair,0,0.7083,1,0.6102,1,6.88
XB-20244660,Tomatoes,Port Harcourt,Zaria,4.82,7.04,11.08,7.71,1708.3,586113.0,948.9,16.48,0.14,16.62,72,0.231,0,30.4,36.5,25,11.5,77.2,good,0.0,fair,1,0.3539,0,0.5123,1,6.1
XB-20244661,Mangoes,Kano,Port Harcourt,12.0,8.52,4.82,7.04,4601.2,862237.0,1025.2,18.12,0.79,18.91,96,0.197,1,19.2,24.5,20,4.5,64.6,good,0.0,fair,0,0.223,0,0.224,0,3.79
XB-20244662,Leafy Greens,Kaduna,Kano,10.52,7.44,12.0,8.52,2116.9,545560.0,295.3,6.18,0.32,6.5,48,0.135,1,10.1,12.8,10,2.8,55.6,fair,0.74,poor,1,0.2502,0,0.5123,1,6.1
XB-20244663,Mangoes,Kaduna,Ibadan,10.52,7.44,7.38,3.93,4377.2,902678.0,670.6,13.33,1.13,14.46,96,0.151,0,29.3,35.1,20,15.1,68.9,good,0.0,good,0,0.6396,1,0.4654,0,5.72
XB-20244664,Fresh Fish,Zaria,Port Harcourt,11.08,7.71,4.82,7.04,1850.6,1012501.0,1040.1,20.86,0.45,21.31,24,0.888,1,4.5,8.4,4,4.4,85.1,good,0.0,excellent,0,0.5179,1,0.1616,0,3.29
XB-20244665,Leafy Greens,Jos,Kano,9.92,8.89,12.0,8.52,3301.3,1011796.0,344.5,8.71,1.84,10.55,48,0.22,1,9.8,12.8,10,2.8,74.4,poor,2.846,good,1,0.3865,0,0.378,0,5.02
XB-20244666,Mangoes,Kaduna,Ibadan,10.52,7.44,7.38,3.93,4269.6,777323.0,680.5,14.04,0.29,14.33,96,0.149,0,26.3,30.7,20,10.7,72.5,fair,1.317,good,1,0.3868,0,0.3377,0,4.7
XB-20244667,Strawberries,Abuja,Enugu,9.07,7.4,6.44,7.5,1828.2,1510723.0,361.9,9.3,0.04,9.35,36,0.26,1,7.5,13.9,8,5.9,81.6,poor,1.776,fair,0,0.4425,1,0.5599,0,6.48
XB-20244668,Tomatoes,Lagos,Port Harcourt,6.52,3.38,4.82,7.04,516.5,196757.0,686.6,11.4,4.95,16.35,72,0.227,1,24.2,28.7,25,3.7,64.0,poor,1.243,good,0,0.2817,0,0.1835,0,3.47
XB-20244669,Mangoes,Ibadan,Abuja,7.38,3.93,9.07,7.4,2753.5,535036.0,520.8,14.85,0.31,15.16,96,0.158,0,32.6,36.4,20,16.4,77.7,poor,1.605,good,2,0.402,0,0.5289,1,6.23
XB-20244670,Peppers,Ibadan,Kaduna,7.38,3.93,10.52,7.44,4096.1,674673.0,828.6,14.99,0.54,15.53,96,0.162,1,25.7,32.6,22,10.6,65.8,poor,1.656,good,0,0.4436,0,0.3834,0,5.07
XB-20244671,Fresh Fish,Port Harcourt,Ibadan,4.82,7.04,7.38,3.93,2699.7,1725311.0,681.2,10.7,3.28,13.98,24,0.582,0,30.7,37.9,4,33.9,55.3,fair,0.989,excellent,0,0.5724,1,0.3018,0,4.41
XB-20244672,Mangoes,Ibadan,Abuja,7.38,3.93,9.07,7.4,4932.0,1016609.0,627.9,16.75,0.28,17.03,96,0.177,0,35.8,38.3,20,18.3,76.4,poor,1.382,fair,0,0.625,0,0.6298,1,7.04
XB-20244673,Dairy,Ibadan,Kano,7.38,3.93,12.0,8.52,3038.9,1342343.0,913.7,14.31,0.43,14.74,48,0.307,0,31.9,38.8,6,32.8,71.2,good,0.0,fair,0,0.5557,1,0.5084,0,6.07
XB-20244674,Peppers,Enugu,Onitsha,6.44,7.5,6.14,6.79,3917.9,689845.0,111.5,2.15,4.24,6.39,96,0.067,0,33.3,38.1,22,16.1,56.8,fair,0.969,poor,1,0.4227,0,0.4968,0,5.97
XB-20244675,Mangoes,Zaria,Lagos,11.08,7.71,6.52,3.38,4999.3,957777.0,1062.0,16.45,1.44,17.89,96,0.186,1,18.6,24.4,20,4.4,86.0,poor,1.012,good,0,0.3494,0,0.2732,0,4.19
XB-20244676,Tomatoes,Onitsha,Port Harcourt,6.14,6.79,4.82,7.04,3645.3,1307824.0,205.2,3.36,0.1,3.46,72,0.048,0,33.2,38.1,25,13.1,62.6,fair,0.64,good,0,0.52,0,0.4304,0,5.44
XB-20244677,Tomatoes,Lagos,Zaria,6.52,3.38,11.08,7.71,2668.5,842513.0,953.8,18.0,0.63,18.63,72,0.259,0,36.5,42.5,25,17.5,66.7,fair,0.538,excellent,0,0.5963,1,0.2183,0,3.75
XB-20244678,Peppers,Jos,Port Harcourt,9.92,8.89,4.82,7.04,1671.9,290558.0,758.4,13.41,1.35,14.76,96,0.154,0,33.2,38.8,22,16.8,66.0,good,0.0,poor,2,0.5171,0,0.7196,1,7.76
XB-20244679,Fresh Fish,Zaria,Lagos,11.08,7.71,6.52,3.38,3670.7,2169558.0,1111.1,25.52,0.48,26.0,24,1.083,0,31.6,37.9,4,33.9,69.4,good,0.0,fair,0,0.714,1,0.5063,0,6.05
XB-20244680,Peppers,Kano,Kaduna,12.0,8.52,10.52,7.44,666.0,109788.0,278.4,4.66,0.53,5.18,96,0.054,1,24.0,26.3,22,4.3,76.2,fair,1.35,excellent,0,0.0798,0,0.01,0,2.08
XB-20244681,Tomatoes,Enugu,Zaria,6.44,7.5,11.08,7.71,1077.2,351373.0,744.0,15.23,0.43,15.66,72,0.218,0,31.1,36.1,25,11.1,80.1,fair,0.575,good,1,0.6691,1,0.5203,0,6.16
XB-20244682,Leafy Greens,Lagos,Zaria,6.52,3.38,11.08,7.71,3640.3,961671.0,927.9,20.98,0.0,20.99,48,0.437,0,31.2,36.6,10,26.6,86.3,poor,1.638,excellent,0,0.685,1,0.3866,0,5.09
XB-20244683,Tomatoes,Zaria,Kano,11.08,7.71,12.0,8.52,360.6,130025.0,207.3,3.27,2.54,5.8,72,0.081,0,32.4,36.3,25,11.3,61.4,poor,1.842,fair,0,0.5249,1,0.4791,0,5.83
XB-20244684,Fresh Fish,Onitsha,Zaria,6.14,6.79,11.08,7.71,2200.7,1350089.0,870.9,14.86,0.85,15.71,24,0.654,0,33.5,36.0,4,32.0,75.8,good,0.0,fair,0,0.5644,1,0.4904,1,5.92
XB-20244685,Dairy,Kaduna,Onitsha,10.52,7.44,6.14,6.79,3249.2,1474197.0,624.1,12.47,2.65,15.12,48,0.315,0,34.7,37.6,6,31.6,89.1,fair,0.506,fair,0,0.5183,0,0.3745,0,5.0
XB-20244686,Peppers,Lagos,Abuja,6.52,3.38,9.07,7.4,554.0,100695.0,778.9,16.01,2.53,18.54,96,0.193,1,24.9,28.2,22,6.2,56.2,good,0.0,excellent,0,0.2317,0,0.0452,0,2.36
XB-20244687,Leafy Greens,Zaria,Enugu,11.08,7.71,6.44,7.5,2129.5,619932.0,695.5,11.71,0.06,11.76,48,0.245,0,31.8,36.3,10,26.3,74.6,poor,1.08,excellent,0,0.4904,1,0.3692,0,4.95
XB-20244688,Strawberries,Zaria,Onitsha,11.08,7.71,6.14,6.79,3745.2,3291068.0,762.0,11.84,0.56,12.4,36,0.344,0,35.5,42.2,8,34.2,72.6,fair,1.468,good,1,0.5319,1,0.4384,1,5.51
XB-20244689,Leafy Greens,Zaria,Kaduna,11.08,7.71,10.52,7.44,1033.9,265791.0,97.9,1.68,1.88,3.57,48,0.074,0,28.3,36.2,10,26.2,62.1,good,0.0,good,0,0.6777,1,0.3985,0,5.19
XB-20244690,Fresh Fish,Kano,Lagos,12.0,8.52,6.52,3.38,690.8,375502.0,1320.0,22.78,3.38,26.16,24,1.09,1,5.6,9.0,4,5.0,75.1,fair,1.122,good,0,0.5786,1,0.4865,0,5.89
XB-20244691,Tomatoes,Kaduna,Kano,10.52,7.44,12.0,8.52,1287.1,445141.0,292.7,4.92,5.31,10.23,72,0.142,1,24.7,29.5,25,4.5,58.7,fair,1.011,fair,3,0.1493,0,0.4873,0,5.9
XB-20244692,Strawberries,Ibadan,Enugu,7.38,3.93,6.44,7.5,3757.4,3092394.0,536.2,9.87,0.7,10.57,36,0.294,1,9.5,12.3,8,4.3,88.9,fair,0.543,excellent,0,0.407,0,0.2983,0,4.39
XB-20244693,Fresh Fish,Abuja,Port Harcourt,9.07,7.4,4.82,7.04,495.4,278111.0,583.4,11.12,0.92,12.04,24,0.502,0,33.6,36.0,4,32.0,87.2,fair,1.36,fair,1,0.6855,1,0.5529,0,6.42
XB-20244694,Mangoes,Onitsha,Abuja,6.14,6.79,9.07,7.4,1883.8,363822.0,466.6,10.81,0.97,11.78,96,0.123,0,27.7,34.2,20,14.2,68.0,poor,1.868,fair,1,0.533,1,0.5412,1,6.33
XB-20244695,Tomatoes,Lagos,Ibadan,6.52,3.38,7.38,3.93,219.2,71572.0,157.2,3.49,0.35,3.84,72,0.053,0,28.0,33.6,25,8.6,76.5,fair,1.067,excellent,0,0.5465,1,0.2194,0,3.76
XB-20244696,Strawberries,Port Harcourt,Kaduna,4.82,7.04,10.52,7.44,723.4,577612.0,910.6,19.12,0.11,19.22,36,0.534,0,41.8,47.1,8,39.1,89.9,fair,1.292,poor,1,0.666,1,0.8147,1,8.52
XB-20244697,Dairy,Kano,Ibadan,12.0,8.52,7.38,3.93,3777.2,1469902.0,893.5,16.64,0.29,16.93,48,0.353,1,8.6,11.9,6,5.9,64.8,poor,2.487,good,0,0.3832,0,0.3759,0,5.01
XB-20244698,Leafy Greens,Lagos,Kaduna,6.52,3.38,10.52,7.44,674.8,187215.0,995.3,18.83,3.94,22.77,48,0.474,1,12.4,16.3,10,6.3,82.9,poor,2.177,good,0,0.4334,0,0.2853,0,4.28
XB-20244699,Peppers,Kaduna,Enugu,10.52,7.44,6.44,7.5,740.1,132462.0,589.1,12.91,1.5,14.41,96,0.15,0,33.0,36.4,22,14.4,73.6,poor,1.076,excellent,0,0.5077,0,0.3514,0,4.81
XB-20244700,Dairy,Onitsha,Enugu,6.14,6.79,6.44,7.5,2558.0,1151996.0,121.0,1.98,0.69,2.67,48,0.056,1,9.5,16.6,6,10.6,66.8,fair,1.236,good,1,0.2955,0,0.3704,0,4.96
XB-20244701,Tomatoes,Kano,Zaria,12.0,8.52,11.08,7.71,1425.6,462048.0,170.2,2.66,0.85,3.51,72,0.049,1,26.1,33.1,25,8.1,68.5,poor,1.056,good,0,0.2743,0,0.2282,0,3.83
XB-20244702,Strawberries,Ibadan,Port Harcourt,7.38,3.93,4.82,7.04,2817.4,2192992.0,559.9,10.97,0.28,11.24,36,0.312,0,29.7,35.4,8,27.4,88.3,good,0.0,excellent,0,0.5449,1,0.3159,0,4.53
XB-20244703,Leafy Greens,Port Harcourt,Kano,4.82,7.04,12.0,8.52,1606.0,423915.0,1244.0,23.7,1.33,25.04,48,0.522,1,8.2,15.0,10,5.0,64.5,fair,1.245,excellent,0,0.3229,0,0.2354,0,3.88
XB-20244704,Mangoes,Jos,Enugu,9.92,8.89,6.44,7.5,3961.5,810913.0,610.0,11.11,0.18,11.29,96,0.118,1,20.2,22.5,20,2.5,60.9,poor,1.412,good,0,0.2159,0,0.2077,0,3.66
XB-20244705,Peppers,Lagos,Abuja,6.52,3.38,9.07,7.4,766.7,130373.0,704.3,13.24,1.09,14.33,96,0.149,0,30.4,36.5,22,14.5,78.0,fair,1.272,poor,0,0.4912,0,0.5562,1,6.45
XB-20244706,Strawberries,Port Harcourt,Enugu,4.82,7.04,6.44,7.5,2931.2,2315764.0,227.6,4.08,0.4,4.48,36,0.124,1,7.6,11.1,8,3.1,74.0,poor,1.713,excellent,0,0.3384,0,0.1699,0,3.36
XB-20244707,Dairy,Zaria,Abuja,11.08,7.71,9.07,7.4,4720.7,2081697.0,278.8,6.22,1.48,7.7,48,0.16,0,36.0,40.5,6,34.5,58.7,good,0.0,poor,3,0.374,0,0.7113,1,7.69
XB-20244708,Mangoes,Abuja,Jos,9.07,7.4,9.92,8.89,1972.3,379373.0,293.7,4.65,0.88,5.53,96,0.058,0,43.9,46.4,20,26.4,79.1,good,0.0,excellent,0,0.4436,0,0.095,0,2.76
XB-20244709,Strawberries,Enugu,Kaduna,6.44,7.5,10.52,7.44,4651.6,3513088.0,672.7,10.54,0.92,11.46,36,0.318,1,10.0,16.8,8,8.8,57.1,poor,1.077,good,0,0.6472,1,0.3159,0,4.53
XB-20244710,Leafy Greens,Jos,Port Harcourt,9.92,8.89,4.82,7.04,1007.0,265311.0,767.7,11.96,2.62,14.58,48,0.304,0,32.2,36.7,10,26.7,83.4,fair,0.651,good,0,0.6783,1,0.424,0,5.39
XB-20244711,Peppers,Abuja,Ibadan,9.07,7.4,7.38,3.93,1929.0,345663.0,662.0,11.98,1.42,13.4,96,0.14,0,36.4,43.6,22,21.6,60.1,poor,2.594,fair,1,0.5185,1,0.6698,1,7.36
XB-20244712,Tomatoes,Enugu,Lagos,6.44,7.5,6.52,3.38,457.2,160984.0,666.9,13.84,2.01,15.85,72,0.22,1,23.5,30.4,25,5.4,63.8,fair,0.878,good,1,0.3038,0,0.4203,1,5.36
XB-20244713,Leafy Greens,Kaduna,Ibadan,10.52,7.44,7.38,3.93,4503.3,1163668.0,702.7,12.69,1.65,14.34,48,0.299,0,29.7,32.4,10,22.4,79.4,fair,0.546,good,2,0.6824,1,0.6168,1,6.93
XB-20244714,Mangoes,Abuja,Onitsha,9.07,7.4,6.14,6.79,3359.7,620191.0,423.7,10.38,1.68,12.06,96,0.126,0,35.1,37.4,20,17.4,79.2,fair,0.971,good,0,0.6198,1,0.3694,0,4.96
XB-20244715,Strawberries,Zaria,Abuja,11.08,7.71,9.07,7.4,723.8,622442.0,311.2,6.64,1.44,8.08,36,0.224,1,10.2,18.1,8,10.1,75.5,good,0.0,good,0,0.3514,0,0.2067,0,3.65
XB-20244716,Leafy Greens,Ibadan,Onitsha,7.38,3.93,6.14,6.79,4456.3,1308815.0,473.3,9.92,1.03,10.95,48,0.228,0,33.0,38.9,10,28.9,73.8,good,0.0,good,1,0.4328,1,0.4368,1,5.49
XB-20244717,Mangoes,Zaria,Kaduna,11.08,7.71,10.52,7.44,2135.1,445109.0,110.0,2.35,0.38,2.73,96,0.028,1,23.8,29.6,20,9.6,90.0,poor,1.312,poor,0,0.6867,1,0.7247,1,7.8
XB-20244718,Leafy Greens,Abuja,Lagos,9.07,7.4,6.52,3.38,792.0,238451.0,816.5,21.59,0.41,22.01,48,0.458,0,28.9,33.1,10,23.1,87.1,fair,1.089,good,0,0.6861,1,0.3081,0,4.46
XB-20244719,Tomatoes,Kaduna,Enugu,10.52,7.44,6.44,7.5,1534.8,487640.0,579.7,15.95,1.0,16.95,72,0.235,0,27.5,31.5,25,6.5,56.5,fair,1.078,good,1,0.4562,1,0.2674,0,4.14
XB-20244720,Tomatoes,Enugu,Lagos,6.44,7.5,6.52,3.38,4526.9,1656507.0,660.3,13.17,1.83,14.99,72,0.208,1,24.1,27.1,25,2.1,57.2,good,0.0,poor,1,0.1666,0,0.442,0,5.54
XB-20244721,Fresh Fish,Zaria,Lagos,11.08,7.71,6.52,3.38,1134.8,640225.0,874.4,15.95,0.51,16.45,24,0.686,1,4.8,9.1,4,5.1,85.2,fair,1.315,good,3,0.5076,1,0.5885,1,6.71
XB-20244722,Leafy Greens,Zaria,Kano,11.08,7.71,12.0,8.52,1246.0,364060.0,193.8,3.1,0.56,3.67,48,0.076,0,31.8,38.4,10,28.4,85.0,poor,1.765,excellent,0,0.6235,1,0.3223,0,4.58
XB-20244723,Leafy Greens,Kano,Kaduna,12.0,8.52,10.52,7.44,4096.8,1238585.0,260.2,7.06,1.28,8.34,48,0.174,1,11.3,13.3,10,3.3,79.0,good,0.0,poor,0,0.1559,0,0.3771,0,5.02
XB-20244724,Fresh Fish,Abuja,Kaduna,9.07,7.4,10.52,7.44,4327.7,2628776.0,216.3,4.28,0.74,5.01,24,0.209,1,3.2,10.8,4,6.8,78.0,fair,0.526,poor,1,0.2508,0,0.4256,0,5.4
XB-20244725,Leafy Greens,Jos,Port Harcourt,9.92,8.89,4.82,7.04,2564.1,746287.0,759.1,14.64,0.36,15.0,48,0.312,0,34.6,37.2,10,27.2,63.4,poor,2.392,good,0,0.5013,1,0.343,0,4.74
XB-20244726,Dairy,Enugu,Onitsha,6.44,7.5,6.14,6.79,2547.6,1072078.0,122.5,2.72,0.02,2.74,48,0.057,1,7.6,13.9,6,7.9,88.0,fair,0.894,fair,0,0.3761,0,0.4061,0,5.25
XB-20244727,Tomatoes,Kaduna,Port Harcourt,10.52,7.44,4.82,7.04,3161.8,1187291.0,949.8,17.63,3.21,20.84,72,0.289,0,38.0,45.4,25,20.4,60.7,fair,1.478,poor,1,0.6898,1,0.7754,1,8.2
XB-20244728,Tomatoes,Jos,Lagos,9.92,8.89,6.52,3.38,3313.9,1097785.0,1032.7,18.84,0.22,19.06,72,0.265,1,26.2,30.7,25,5.7,77.6,good,0.0,excellent,0,0.2297,0,0.1048,0,2.84
XB-20244729,Strawberries,Kaduna,Onitsha,10.52,7.44,6.14,6.79,3590.8,2852841.0,656.9,10.36,1.36,11.72,36,0.326,0,41.6,44.9,8,36.9,73.8,good,0.0,excellent,0,0.4803,0,0.3136,0,4.51
XB-20244730,Peppers,Kano,Ibadan,12.0,8.52,7.38,3.93,3823.9,756210.0,938.0,16.03,1.56,17.59,96,0.183,0,32.3,34.4,22,12.4,67.9,good,0.0,good,0,0.5127,1,0.2749,0,4.2
XB-20244731,Peppers,Lagos,Kano,6.52,3.38,12.0,8.52,4705.4,798259.0,1098.7,18.55,2.11,20.67,96,0.215,0,31.2,37.3,22,15.3,62.0,poor,2.445,excellent,0,0.6376,0,0.1977,0,3.58
XB-20244732,Peppers,Abuja,Zaria,9.07,7.4,11.08,7.71,2316.8,443901.0,333.9,7.32,5.68,13.01,96,0.135,1,21.5,25.5,22,3.5,81.7,good,0.0,good,0,0.3383,0,0.2115,0,3.69
XB-20244733,Strawberries,Onitsha,Lagos,6.14,6.79,6.52,3.38,2580.8,2168031.0,504.0,8.37,0.51,8.88,36,0.247,0,32.3,39.1,8,31.1,69.4,good,0.0,poor,0,0.4464,0,0.4862,0,5.89
XB-20244734,Peppers,Abuja,Onitsha,9.07,7.4,6.14,6.79,2634.8,466383.0,446.5,7.64,0.24,7.88,96,0.082,1,24.2,31.6,22,9.6,61.0,fair,0.727,good,0,0.2287,0,0.2248,0,3.8
XB-20244735,Strawberries,Onitsha,Lagos,6.14,6.79,6.52,3.38,4293.3,3499048.0,575.1,12.24,1.61,13.85,36,0.385,1,10.9,13.0,8,5.0,63.7,poor,2.439,excellent,0,0.2863,0,0.0788,0,2.63
XB-20244736,Leafy Greens,Ibadan,Kano,7.38,3.93,12.0,8.52,3818.9,1172502.0,971.6,26.22,1.17,27.39,48,0.571,0,41.5,44.9,10,34.9,60.9,fair,1.226,poor,2,0.5501,1,0.755,1,8.04
XB-20244737,Strawberries,Enugu,Kaduna,6.44,7.5,10.52,7.44,1019.4,836272.0,673.1,11.74,0.17,11.92,36,0.331,0,34.4,39.8,8,31.8,78.4,fair,0.934,good,0,0.55,0,0.39,0,5.12
XB-20244738,Dairy,Enugu,Lagos,6.44,7.5,6.52,3.38,2740.7,1133787.0,689.6,11.23,0.72,11.95,48,0.249,0,43.5,48.9,6,42.9,56.1,good,0.0,good,0,0.5309,1,0.3704,0,4.96
XB-20244739,Leafy Greens,Onitsha,Ibadan,6.14,6.79,7.38,3.93,3160.8,915418.0,475.1,11.17,2.21,13.38,48,0.279,1,10.6,16.3,10,6.3,69.7,fair,0.644,fair,0,0.4511,1,0.4008,0,5.21
XB-20244740,Mangoes,Onitsha,Port Harcourt,6.14,6.79,4.82,7.04,2951.8,579420.0,226.5,3.57,4.48,8.05,96,0.084,1,23.2,28.9,20,8.9,67.0,fair,1.348,excellent,0,0.2652,0,0.1683,0,3.35
XB-20244741,Fresh Fish,Kano,Onitsha,12.0,8.52,6.14,6.79,1190.7,723363.0,1032.2,22.38,0.61,22.99,24,0.958,1,7.3,14.0,4,10.0,68.9,good,0.0,fair,0,0.6173,1,0.5332,1,6.27
XB-20244742,Tomatoes,Onitsha,Enugu,6.14,6.79,6.44,7.5,1550.5,511755.0,125.9,2.02,0.16,2.18,72,0.03,1,25.8,28.5,25,3.5,65.7,fair,1.459,good,0,0.1452,0,0.1984,0,3.59
XB-20244743,Strawberries,Enugu,Kaduna,6.44,7.5,10.52,7.44,4437.8,3332906.0,711.1,12.32,0.03,12.36,36,0.343,1,9.8,13.7,8,5.7,80.9,fair,1.439,good,0,0.4051,0,0.3411,0,4.73
XB-20244744,Peppers,Ibadan,Kaduna,7.38,3.93,10.52,7.44,3398.6,570717.0,730.5,14.82,0.73,15.55,96,0.162,0,31.0,38.7,22,16.7,78.8,fair,1.332,excellent,0,0.4989,1,0.2192,0,3.75
XB-20244745,Dairy,Enugu,Port Harcourt,6.44,7.5,4.82,7.04,2505.6,1087623.0,235.7,4.89,1.48,6.36,48,0.133,1,9.8,16.8,6,10.8,75.7,poor,1.072,poor,0,0.3163,0,0.5182,0,6.15
XB-20244746,Strawberries,Jos,Abuja,9.92,8.89,9.07,7.4,4455.7,3881769.0,283.6,7.53,1.73,9.26,36,0.257,0,35.1,39.1,8,31.1,65.5,fair,0.759,poor,0,0.5759,1,0.5338,0,6.27
XB-20244747,Peppers,Kano,Abuja,12.0,8.52,9.07,7.4,743.9,124712.0,458.6,10.27,5.05,15.31,96,0.16,0,36.7,40.2,22,18.2,80.1,poor,2.681,fair,0,0.887,1,0.6832,1,7.47
XB-20244748,Peppers,Ibadan,Kaduna,7.38,3.93,10.52,7.44,1207.1,199128.0,640.7,11.15,4.91,16.06,96,0.167,1,21.6,28.0,22,6.0,87.0,fair,1.184,good,1,0.3444,0,0.3262,0,4.61
XB-20244749,Leafy Greens,Kano,Enugu,12.0,8.52,6.44,7.5,3331.3,947150.0,888.6,14.2,1.57,15.76,48,0.328,1,13.7,20.4,10,10.4,56.2,poor,1.06,excellent,0,0.5059,1,0.2912,0,4.33
XB-20244750,Peppers,Onitsha,Kaduna,6.14,6.79,10.52,7.44,4966.1,937458.0,604.8,12.6,0.75,13.35,96,0.139,0,24.6,27.6,22,5.6,59.2,poor,2.32,good,1,0.3516,0,0.3443,0,4.75
XB-20244751,Strawberries,Kaduna,Port Harcourt,10.52,7.44,4.82,7.04,1925.2,1652871.0,908.0,22.8,1.23,24.03,36,0.668,1,11.5,19.4,8,11.4,91.9,poor,1.399,good,0,0.8185,1,0.54,1,6.32
XB-20244752,Mangoes,Onitsha,Kaduna,6.14,6.79,10.52,7.44,2117.0,381769.0,760.3,11.85,0.88,12.73,96,0.133,1,19.1,22.3,20,2.3,55.4,good,0.0,good,0,0.0783,0,0.0563,0,2.45
XB-20244753,Tomatoes,Ibadan,Onitsha,7.38,3.93,6.14,6.79,4360.3,1506342.0,538.0,15.29,1.31,16.61,72,0.231,1,28.4,34.9,25,9.9,64.6,poor,2.423,poor,3,0.5218,1,0.749,1,7.99
XB-20244754,Mangoes,Ibadan,Lagos,7.38,3.93,6.52,3.38,672.4,122113.0,168.0,4.68,0.79,5.47,96,0.057,0,31.2,37.8,20,17.8,67.9,fair,0.838,poor,3,0.4232,1,0.7654,1,8.12
XB-20244755,Strawberries,Kaduna,Abuja,10.52,7.44,9.07,7.4,4093.6,3532315.0,231.0,6.17,1.59,7.76,36,0.216,0,30.3,36.3,8,28.3,55.6,good,0.0,fair,0,0.3917,0,0.4439,1,5.55
XB-20244756,Dairy,Onitsha,Ibadan,6.14,6.79,7.38,3.93,1011.6,435442.0,416.8,10.72,4.72,15.44,48,0.322,0,31.4,36.6,6,30.6,85.9,poor,2.833,poor,0,0.7618,1,0.758,1,8.06
XB-20244757,Leafy Greens,Jos,Lagos,9.92,8.89,6.52,3.38,4231.6,1179452.0,937.8,19.2,1.73,20.93,48,0.436,0,31.9,37.8,10,27.8,86.8,fair,0.79,excellent,0,0.7824,1,0.4264,0,5.41
XB-20244758,Fresh Fish,Abuja,Jos,9.07,7.4,9.92,8.89,3600.3,2085591.0,285.2,4.69,2.05,6.74,24,0.281,1,7.3,10.9,4,6.9,76.2,fair,1.426,poor,0,0.4713,0,0.6846,1,7.48
XB-20244759,Strawberries,Lagos,Kaduna,6.52,3.38,10.52,7.44,1895.2,1586232.0,831.7,15.7,0.33,16.03,36,0.445,0,31.0,38.6,8,30.6,86.9,fair,1.056,poor,1,0.633,1,0.6571,1,7.26
XB-20244760,Mangoes,Kano,Jos,12.0,8.52,9.92,8.89,3049.9,600962.0,351.8,5.48,0.0,5.48,96,0.057,1,20.3,23.7,20,3.7,86.6,fair,1.057,good,0,0.0632,0,0.01,0,2.08
XB-20244761,Fresh Fish,Ibadan,Port Harcourt,7.38,3.93,4.82,7.04,1653.6,986192.0,617.8,10.83,0.38,11.21,24,0.467,0,31.6,37.6,4,33.6,89.7,poor,1.139,good,0,0.6264,1,0.4914,0,5.93
XB-20244762,Tomatoes,Port Harcourt,Enugu,4.82,7.04,6.44,7.5,999.8,351363.0,282.9,6.23,3.89,10.12,72,0.141,1,25.5,32.8,25,7.8,72.2,fair,1.488,fair,0,0.3298,0,0.2632,0,4.11
XB-20244763,Dairy,Onitsha,Enugu,6.14,6.79,6.44,7.5,2482.3,1101044.0,132.7,2.58,0.97,3.55,48,0.074,1,7.2,11.9,6,5.9,57.7,poor,1.551,excellent,0,0.2744,0,0.2452,0,3.96
XB-20244764,Strawberries,Zaria,Kano,11.08,7.71,12.0,8.52,3799.0,2764985.0,163.7,3.88,0.97,4.85,36,0.135,0,39.5,41.7,8,33.7,92.0,poor,1.646,excellent,0,0.4689,0,0.2493,0,3.99
XB-20244765,Fresh Fish,Abuja,Jos,9.07,7.4,9.92,8.89,3004.5,1657133.0,230.5,4.04,0.86,4.9,24,0.204,1,6.5,12.8,4,8.8,71.5,fair,1.141,excellent,0,0.3905,0,0.1779,0,3.42
XB-20244766,Strawberries,Ibadan,Enugu,7.38,3.93,6.44,7.5,3718.9,3207930.0,489.8,13.0,0.08,13.08,36,0.363,0,29.2,31.9,8,23.9,70.6,good,0.0,good,0,0.511,0,0.3387,0,4.71
XB-20244767,Dairy,Jos,Port Harcourt,9.92,8.89,4.82,7.04,949.6,377390.0,772.0,12.97,0.15,13.12,48,0.273,1,4.7,12.1,6,6.1,60.2,fair,1.099,fair,1,0.2882,0,0.4512,0,5.61
XB-20244768,Tomatoes,Lagos,Enugu,6.52,3.38,6.44,7.5,3376.2,1131188.0,661.8,17.91,0.33,18.24,72,0.253,0,30.6,37.0,25,12.0,69.6,poor,1.024,excellent,0,0.5592,1,0.2789,0,4.23
XB-20244769,Leafy Greens,Ibadan,Port Harcourt,7.38,3.93,4.82,7.04,1918.7,560622.0,584.2,11.53,0.64,12.17,48,0.253,0,30.0,32.2,10,22.2,57.1,poor,2.596,fair,0,0.4254,0,0.407,0,5.26
XB-20244770,Strawberries,Kaduna,Kano,10.52,7.44,12.0,8.52,4376.2,3820930.0,306.0,5.11,0.05,5.17,36,0.143,1,11.0,13.1,8,5.1,89.1,fair,1.244,good,1,0.2261,0,0.3928,0,5.14
XB-20244771,Strawberries,Lagos,Jos,6.52,3.38,9.92,8.89,1036.3,751760.0,1078.4,24.88,1.63,26.51,36,0.736,1,10.8,15.4,8,7.4,75.4,fair,0.674,poor,0,0.37,0,0.5308,0,6.25
XB-20244772,Fresh Fish,Enugu,Ibadan,6.44,7.5,7.38,3.93,4831.5,2759065.0,520.2,11.41,0.52,11.94,24,0.497,0,30.8,34.7,4,30.7,82.7,poor,2.016,good,0,0.6871,1,0.4279,0,5.42
XB-20244773,Peppers,Abuja,Zaria,9.07,7.4,11.08,7.71,4913.9,869719.0,347.2,8.51,4.15,12.66,96,0.132,0,31.3,34.2,22,12.2,91.7,fair,0.954,fair,1,0.666,1,0.5604,0,6.48
XB-20244774,Mangoes,Abuja,Port Harcourt,9.07,7.4,4.82,7.04,2707.9,570955.0,680.4,17.84,1.82,19.66,96,0.205,0,30.2,32.6,20,12.6,90.4,fair,0.958,fair,0,0.6219,1,0.4761,0,5.81
XB-20244775,Dairy,Port Harcourt,Ibadan,4.82,7.04,7.38,3.93,1819.9,817841.0,688.4,11.25,0.13,11.38,48,0.237,0,36.8,39.7,6,33.7,70.2,fair,0.778,excellent,0,0.6171,1,0.2129,0,3.7
XB-20244776,Dairy,Jos,Onitsha,9.92,8.89,6.14,6.79,2423.4,1034239.0,653.8,10.97,0.36,11.33,48,0.236,0,34.2,39.7,6,33.7,55.3,good,0.0,fair,2,0.5799,1,0.6003,1,6.8
XB-20244777,Dairy,Jos,Enugu,9.92,8.89,6.44,7.5,4842.8,2050913.0,638.0,10.41,2.43,12.84,48,0.268,1,8.8,16.3,6,10.3,78.4,poor,2.327,good,0,0.4381,0,0.2824,0,4.26
XB-20244778,Mangoes,Port Harcourt,Jos,4.82,7.04,9.92,8.89,4389.9,918310.0,850.5,23.16,0.15,23.31,96,0.243,1,23.2,25.4,20,5.4,57.1,good,0.0,good,1,0.2302,0,0.3628,0,4.9
XB-20244779,Mangoes,Port Harcourt,Kaduna,4.82,7.04,10.52,7.44,2983.2,615973.0,855.6,23.68,0.55,24.24,96,0.252,0,33.6,41.2,20,21.2,85.7,good,0.0,good,0,0.6166,0,0.3328,0,4.66
XB-20244780,Dairy,Onitsha,Enugu,6.14,6.79,6.44,7.5,3528.3,1492693.0,108.5,2.09,0.36,2.45,48,0.051,0,39.7,45.9,6,39.9,80.6,good,0.0,fair,1,0.4751,1,0.4242,0,5.39
XB-20244781,Fresh Fish,Port Harcourt,Onitsha,4.82,7.04,6.14,6.79,4128.6,2317903.0,209.0,4.76,2.64,7.4,24,0.308,1,7.1,15.0,4,11.0,78.5,fair,1.041,good,0,0.4956,1,0.3908,0,5.13
XB-20244782,Leafy Greens,Abuja,Onitsha,9.07,7.4,6.14,6.79,2381.4,682009.0,458.0,8.78,0.46,9.24,48,0.193,1,13.0,15.6,10,5.6,62.7,poor,2.616,excellent,0,0.3072,0,0.0176,0,2.14
XB-20244783,Leafy Greens,Kaduna,Kano,10.52,7.44,12.0,8.52,1093.2,298079.0,298.0,7.2,0.56,7.76,48,0.162,1,9.4,17.3,10,7.3,59.2,good,0.0,good,1,0.2608,0,0.2343,0,3.87
XB-20244784,Fresh Fish,Lagos,Abuja,6.52,3.38,9.07,7.4,4850.6,3119302.0,824.5,20.1,5.39,25.49,24,1.062,1,2.6,6.7,4,2.7,68.5,good,0.0,good,2,0.4978,1,0.5719,0,6.58
XB-20244785,Leafy Greens,Jos,Kano,9.92,8.89,12.0,8.52,2948.8,761418.0,323.2,5.94,1.24,7.18,48,0.15,0,33.7,35.9,10,25.9,82.9,fair,0.701,excellent,0,0.6677,1,0.2986,0,4.39
XB-20244786,Leafy Greens,Enugu,Port Harcourt,6.44,7.5,4.82,7.04,4943.8,1253126.0,282.0,4.56,0.19,4.75,48,0.099,0,33.9,37.1,10,27.1,56.1,fair,1.085,fair,2,0.5188,1,0.6301,1,7.04
XB-20244787,Leafy Greens,Zaria,Kano,11.08,7.71,12.0,8.52,2385.3,617492.0,211.6,4.69,2.73,7.41,48,0.154,1,13.1,16.0,10,6.0,90.0,fair,1.236,poor,1,0.3156,0,0.4958,0,5.97
XB-20244788,Tomatoes,Onitsha,Kaduna,6.14,6.79,10.52,7.44,571.2,213023.0,776.8,14.53,0.27,14.8,72,0.206,0,35.5,41.7,25,16.7,73.4,poor,1.767,good,0,0.6474,1,0.4232,0,5.39
XB-20244789,Tomatoes,Zaria,Onitsha,11.08,7.71,6.14,6.79,552.4,205552.0,835.2,14.71,0.56,15.26,72,0.212,1,26.4,33.6,25,8.6,72.7,good,0.0,excellent,0,0.2368,0,0.2077,0,3.66
XB-20244790,Tomatoes,Abuja,Zaria,9.07,7.4,11.08,7.71,2894.0,950600.0,316.1,5.35,0.01,5.36,72,0.074,0,27.0,32.4,25,7.4,68.1,fair,0.687,fair,1,0.2685,0,0.4598,0,5.68
XB-20244791,Fresh Fish,Lagos,Jos,6.52,3.38,9.92,8.89,3803.8,2156565.0,1125.9,18.42,1.85,20.26,24,0.844,1,4.9,7.7,4,3.7,72.5,poor,2.752,excellent,0,0.4576,0,0.3463,0,4.77
XB-20244792,Mangoes,Kano,Kaduna,12.0,8.52,10.52,7.44,4520.4,949944.0,291.1,5.78,0.58,6.35,96,0.066,0,31.1,34.0,20,14.0,73.0,poor,2.37,fair,0,0.3435,0,0.3831,0,5.06
XB-20244793,Leafy Greens,Enugu,Port Harcourt,6.44,7.5,4.82,7.04,2657.2,776021.0,234.5,5.35,0.51,5.87,48,0.122,0,34.3,37.3,10,27.3,86.4,poor,2.962,excellent,0,0.5534,0,0.3111,0,4.49
XB-20244794,Leafy Greens,Onitsha,Lagos,6.14,6.79,6.52,3.38,4444.5,1222263.0,459.5,8.33,0.99,9.33,48,0.194,0,35.5,40.2,10,30.2,55.8,poor,1.547,fair,1,0.5595,1,0.4726,0,5.78
XB-20244795,Dairy,Enugu,Kaduna,6.44,7.5,10.52,7.44,468.1,185857.0,590.6,10.01,0.28,10.29,48,0.214,1,5.0,11.5,6,5.5,56.0,fair,1.047,excellent,0,0.2072,0,0.121,0,2.97
XB-20244796,Leafy Greens,Lagos,Enugu,6.52,3.38,6.44,7.5,1902.7,479939.0,650.3,10.29,1.86,12.15,48,0.253,0,32.2,35.1,10,25.1,84.9,fair,0.756,poor,2,0.4882,0,0.7314,1,7.85
XB-20244797,Tomatoes,Enugu,Zaria,6.44,7.5,11.08,7.71,3719.0,1401830.0,621.7,10.56,4.92,15.48,72,0.215,0,24.3,30.5,25,5.5,87.0,poor,2.245,good,0,0.6688,1,0.3375,0,4.7
XB-20244798,Tomatoes,Lagos,Ibadan,6.52,3.38,7.38,3.93,946.8,319740.0,161.4,2.62,1.64,4.27,72,0.059,0,29.0,33.6,25,8.6,71.4,poor,1.301,excellent,0,0.599,1,0.3244,0,4.6
XB-20244799,Leafy Greens,Kano,Zaria,12.0,8.52,11.08,7.71,1777.0,474989.0,173.1,4.56,0.68,5.24,48,0.109,1,10.8,15.0,10,5.0,83.5,fair,0.575,excellent,0,0.2901,0,0.209,0,3.67
XB-20244800,Fresh Fish,Jos,Port Harcourt,9.92,8.89,4.82,7.04,4160.8,2546719.0,858.6,15.88,0.25,16.13,24,0.672,1,3.4,8.1,4,4.1,69.5,fair,1.388,excellent,0,0.5073,1,0.1906,0,3.52
XB-20244801,Strawberries,Onitsha,Abuja,6.14,6.79,9.07,7.4,449.5,376490.0,455.8,9.79,0.5,10.3,36,0.286,0,34.4,38.6,8,30.6,90.2,fair,0.88,fair,1,0.7025,1,0.7019,1,7.62
XB-20244802,Leafy Greens,Port Harcourt,Kano,4.82,7.04,12.0,8.52,2589.4,792768.0,1186.4,21.49,1.98,23.46,48,0.489,0,30.9,35.6,10,25.6,59.6,poor,1.994,good,0,0.6235,1,0.3281,0,4.62
XB-20244803,Strawberries,Enugu,Onitsha,6.44,7.5,6.14,6.79,3951.9,2956476.0,108.2,1.84,0.19,2.04,36,0.057,1,7.9,14.3,8,6.3,64.9,poor,1.114,good,1,0.3247,0,0.3068,0,4.45
XB-20244804,Dairy,Zaria,Kano,11.08,7.71,12.0,8.52,2930.9,1145974.0,189.5,3.12,2.61,5.73,48,0.119,0,32.6,37.5,6,31.5,81.0,fair,1.095,fair,0,0.6025,0,0.5345,1,6.28
XB-20244805,Mangoes,Onitsha,Enugu,6.14,6.79,6.44,7.5,610.4,114577.0,119.4,2.43,1.87,4.3,96,0.045,1,18.5,24.2,20,4.2,70.9,poor,2.764,good,0,0.2645,0,0.2322,0,3.86
XB-20244806,Dairy,Jos,Abuja,9.92,8.89,9.07,7.4,437.3,174254.0,246.3,6.02,5.74,11.76,48,0.245,1,5.8,13.7,6,7.7,77.8,fair,1.408,fair,1,0.5664,1,0.5489,1,6.39
XB-20244807,Dairy,Enugu,Ibadan,6.44,7.5,7.38,3.93,3846.2,1770785.0,547.7,8.76,0.63,9.39,48,0.196,0,30.1,36.8,6,30.8,91.7,fair,1.433,poor,0,0.6168,1,0.5103,0,6.08
XB-20244808,Dairy,Lagos,Port Harcourt,6.52,3.38,4.82,7.04,2118.1,841826.0,621.7,15.68,1.06,16.74,48,0.349,0,33.7,38.3,6,32.3,59.6,poor,1.673,excellent,0,0.723,1,0.2988,0,4.39
XB-20244809,Peppers,Ibadan,Enugu,7.38,3.93,6.44,7.5,834.0,139427.0,579.2,12.1,0.2,12.3,96,0.128,0,33.9,37.9,22,15.9,57.6,poor,1.365,good,1,0.4473,0,0.331,0,4.65
XB-20244810,Leafy Greens,Port Harcourt,Lagos,4.82,7.04,6.52,3.38,3307.1,863523.0,596.9,15.49,3.57,19.06,48,0.397,0,37.8,41.4,10,31.4,67.3,poor,1.891,good,0,0.7721,1,0.4497,1,5.6
XB-20244811,Fresh Fish,Abuja,Onitsha,9.07,7.4,6.14,6.79,1514.6,950038.0,517.5,9.66,0.96,10.62,24,0.443,1,7.0,9.6,4,5.6,91.5,fair,0.924,good,0,0.5521,0,0.4949,0,5.96
XB-20244812,Strawberries,Zaria,Onitsha,11.08,7.71,6.14,6.79,1392.7,1026101.0,743.2,12.26,1.58,13.84,36,0.384,1,8.0,13.3,8,5.3,76.5,good,0.0,good,0,0.3017,0,0.3033,0,4.43
XB-20244813,Tomatoes,Lagos,Abuja,6.52,3.38,9.07,7.4,382.1,130133.0,715.5,15.39,1.85,17.25,72,0.24,1,25.3,33.3,25,8.3,72.6,poor,1.442,excellent,0,0.6262,0,0.4554,0,5.64
XB-20244814,Strawberries,Port Harcourt,Abuja,4.82,7.04,9.07,7.4,3280.7,2516810.0,756.6,17.62,2.75,20.37,36,0.566,0,36.0,38.7,8,30.7,87.2,good,0.0,poor,2,0.6907,1,0.7415,1,7.93
XB-20244815,Peppers,Enugu,Kaduna,6.44,7.5,10.52,7.44,1766.5,295917.0,550.4,9.63,1.82,11.44,96,0.119,0,38.2,40.9,22,18.9,64.8,fair,1.038,excellent,0,0.5859,1,0.253,0,4.02
XB-20244816,Peppers,Kano,Lagos,12.0,8.52,6.52,3.38,4193.3,794672.0,1234.7,21.45,2.37,23.82,96,0.248,0,34.7,38.2,22,16.2,72.0,fair,0.528,excellent,0,0.6198,1,0.3995,0,5.2
XB-20244817,Mangoes,Ibadan,Kaduna,7.38,3.93,10.52,7.44,3272.0,683707.0,632.7,10.13,3.3,13.43,96,0.14,1,22.8,28.4,20,8.4,68.2,poor,2.995,poor,1,0.4341,0,0.5416,1,6.33
XB-20244818,Fresh Fish,Onitsha,Kaduna,6.14,6.79,10.52,7.44,3293.2,2145613.0,694.7,13.21,0.66,13.87,24,0.578,0,31.2,36.0,4,32.0,90.7,poor,2.997,good,0,0.7495,1,0.4426,0,5.54
XB-20244819,Leafy Greens,Lagos,Enugu,6.52,3.38,6.44,7.5,4590.0,1279856.0,626.1,11.23,1.07,12.29,48,0.256,0,29.5,33.4,10,23.4,63.6,poor,1.535,good,0,0.6401,1,0.45,0,5.6
XB-20244820,Mangoes,Zaria,Kano,11.08,7.71,12.0,8.52,2160.0,452469.0,196.5,3.28,0.46,3.73,96,0.039,0,33.5,39.0,20,19.0,79.7,fair,1.122,good,0,0.4957,0,0.3382,0,4.71
XB-20244821,Strawberries,Ibadan,Kaduna,7.38,3.93,10.52,7.44,4505.5,3953186.0,774.6,21.51,1.24,22.76,36,0.632,0,36.6,38.8,8,30.8,87.5,fair,0.747,fair,1,0.7865,1,0.7291,1,7.83
XB-20244822,Mangoes,Port Harcourt,Lagos,4.82,7.04,6.52,3.38,2450.1,508799.0,663.9,11.22,5.17,16.39,96,0.171,0,31.4,34.4,20,14.4,80.1,good,0.0,good,1,0.4415,1,0.3631,0,4.9
XB-20244823,Leafy Greens,Kano,Onitsha,12.0,8.52,6.14,6.79,3183.8,840919.0,897.3,18.31,0.17,18.49,48,0.385,0,40.3,46.5,10,36.5,89.1,fair,1.038,good,0,0.6841,1,0.4298,0,5.44
XB-20244824,Peppers,Kano,Port Harcourt,12.0,8.52,4.82,7.04,1535.0,250041.0,1256.3,33.15,1.61,34.76,96,0.362,1,20.9,24.4,22,2.4,83.1,fair,0.716,good,0,0.3237,0,0.2897,0,4.32
XB-20244825,Fresh Fish,Abuja,Kaduna,9.07,7.4,10.52,7.44,1373.7,756000.0,232.6,6.34,0.65,6.99,24,0.291,1,5.4,9.7,4,5.7,69.1,poor,1.012,poor,1,0.2997,0,0.5549,0,6.44
XB-20244826,Fresh Fish,Abuja,Jos,9.07,7.4,9.92,8.89,1922.9,1215108.0,255.0,4.97,2.52,7.49,24,0.312,0,28.4,30.8,4,26.8,65.9,poor,1.923,fair,1,0.7922,1,0.6187,1,6.95
XB-20244827,Tomatoes,Kaduna,Onitsha,10.52,7.44,6.14,6.79,1790.0,663556.0,652.7,12.5,0.18,12.67,72,0.176,1,23.4,26.7,25,1.7,68.0,fair,0.517,good,0,0.0841,0,0.1162,0,2.93
XB-20244828,Mangoes,Lagos,Enugu,6.52,3.38,6.44,7.5,3448.1,698696.0,580.9,14.79,1.11,15.9,96,0.166,1,22.0,25.8,20,5.8,58.5,poor,2.273,fair,1,0.2742,0,0.3193,0,4.55
XB-20244829,Strawberries,Ibadan,Abuja,7.38,3.93,9.07,7.4,3085.3,2349389.0,518.7,8.95,1.02,9.97,36,0.277,1,11.5,15.8,8,7.8,75.5,fair,1.224,good,0,0.4164,0,0.3837,0,5.07
XB-20244830,Tomatoes,Onitsha,Lagos,6.14,6.79,6.52,3.38,1572.4,522993.0,459.8,7.2,0.01,7.22,72,0.1,0,37.4,39.7,25,14.7,74.1,good,0.0,fair,0,0.48,1,0.4209,0,5.37
XB-20244831,Fresh Fish,Onitsha,Kano,6.14,6.79,12.0,8.52,464.5,263148.0,903.3,17.41,0.0,17.41,24,0.725,1,7.3,12.4,4,8.4,78.4,good,0.0,good,1,0.4531,1,0.3633,0,4.91
XB-20244832,Leafy Greens,Port Harcourt,Jos,4.82,7.04,9.92,8.89,2473.4,701227.0,885.3,22.91,1.17,24.08,48,0.502,1,12.6,20.0,10,10.0,56.2,fair,0.908,good,0,0.5151,0,0.3841,0,5.07
XB-20244833,Dairy,Lagos,Enugu,6.52,3.38,6.44,7.5,4482.9,1892928.0,670.0,12.82,1.11,13.93,48,0.29,0,32.7,38.4,6,32.4,73.2,poor,1.839,excellent,0,0.6069,1,0.3829,0,5.06
XB-20244834,Dairy,Onitsha,Enugu,6.14,6.79,6.44,7.5,2087.4,961920.0,104.7,2.15,6.21,8.36,48,0.174,1,7.8,13.1,6,7.1,75.0,poor,1.002,good,0,0.4833,0,0.335,0,4.68
XB-20244835,Leafy Greens,Kaduna,Lagos,10.52,7.44,6.52,3.38,1190.5,354876.0,902.3,17.27,0.9,18.17,48,0.379,1,12.9,15.6,10,5.6,73.8,good,0.0,excellent,0,0.4089,0,0.1121,0,2.9
XB-20244836,Leafy Greens,Abuja,Kaduna,9.07,7.4,10.52,7.44,2359.2,691846.0,205.9,5.45,5.05,10.5,48,0.219,1,13.8,15.8,10,5.8,84.1,fair,1.311,poor,1,0.2768,0,0.5131,0,6.1
XB-20244837,Dairy,Port Harcourt,Kano,4.82,7.04,12.0,8.52,3299.0,1502679.0,1080.8,21.78,2.54,24.33,48,0.507,1,4.4,9.7,6,3.7,70.8,good,0.0,fair,4,0.1435,0,0.531,1,6.25
XB-20244838,Leafy Greens,Lagos,Abuja,6.52,3.38,9.07,7.4,4004.4,1080429.0,744.1,13.19,3.06,16.25,48,0.338,0,29.2,34.1,10,24.1,59.7,good,0.0,excellent,0,0.5376,1,0.3866,0,5.09
XB-20244839,Mangoes,Abuja,Onitsha,9.07,7.4,6.14,6.79,976.0,194882.0,505.7,10.09,2.29,12.38,96,0.129,1,20.2,22.5,20,2.5,72.0,poor,2.295,good,1,0.3191,0,0.4177,0,5.34
XB-20244840,Tomatoes,Port Harcourt,Ibadan,4.82,7.04,7.38,3.93,4879.6,1588605.0,604.5,12.18,0.48,12.65,72,0.176,1,24.2,28.3,25,3.3,77.4,fair,1.019,good,1,0.1498,0,0.2702,0,4.16
XB-20244841,Tomatoes,Zaria,Kano,11.08,7.71,12.0,8.52,3552.4,1211564.0,181.8,3.77,1.98,5.74,72,0.08,0,37.1,45.0,25,20.0,77.0,good,0.0,good,0,0.4895,0,0.2198,0,3.76
XB-20244842,Peppers,Onitsha,Ibadan,6.14,6.79,7.38,3.93,3163.0,550507.0,416.4,10.18,4.18,14.36,96,0.15,0,35.4,38.5,22,16.5,78.1,poor,1.444,good,0,0.73,1,0.5022,1,6.02
XB-20244843,Strawberries,Abuja,Onitsha,9.07,7.4,6.14,6.79,2621.4,1974103.0,526.9,10.57,0.92,11.5,36,0.319,1,11.4,18.1,8,10.1,59.4,poor,1.931,fair,1,0.3235,0,0.3847,0,5.08
XB-20244844,Mangoes,Lagos,Jos,6.52,3.38,9.92,8.89,4992.5,929934.0,1127.8,20.84,0.22,21.05,96,0.219,0,33.6,41.0,20,21.0,62.5,good,0.0,fair,1,0.3926,0,0.4217,0,5.37
XB-20244845,Peppers,Kano,Lagos,12.0,8.52,6.52,3.38,4617.5,799791.0,996.4,16.27,1.54,17.8,96,0.185,0,24.8,30.7,22,8.7,83.3,fair,1.337,good,1,0.4815,1,0.4537,1,5.63
XB-20244846,Tomatoes,Kaduna,Jos,10.52,7.44,9.92,8.89,2941.1,1028041.0,210.6,3.98,0.3,4.27,72,0.059,1,27.7,34.4,25,9.4,91.8,poor,1.194,good,1,0.4843,0,0.4045,0,5.24
XB-20244847,Strawberries,Onitsha,Abuja,6.14,6.79,9.07,7.4,581.0,493905.0,452.6,8.23,1.06,9.3,36,0.258,0,34.5,37.3,8,29.3,61.3,fair,1.207,fair,0,0.6259,1,0.6357,1,7.09
XB-20244848,Dairy,Ibadan,Lagos,7.38,3.93,6.52,3.38,4498.4,1951248.0,165.6,3.9,0.95,4.84,48,0.101,0,39.2,45.3,6,39.3,60.4,good,0.0,good,0,0.3704,0,0.2514,0,4.01
XB-20244849,Leafy Greens,Kaduna,Abuja,10.52,7.44,9.07,7.4,337.1,98514.0,238.7,4.09,0.62,4.71,48,0.098,0,21.7,24.9,10,14.9,62.1,fair,0.882,good,0,0.6456,1,0.4777,1,5.82
XB-20244850,Dairy,Onitsha,Abuja,6.14,6.79,9.07,7.4,1737.1,693515.0,437.2,8.23,0.79,9.02,48,0.188,1,4.2,7.0,6,1.0,87.9,poor,2.882,good,0,0.2824,0,0.1918,0,3.53
XB-20244851,Mangoes,Kaduna,Ibadan,10.52,7.44,7.38,3.93,3762.3,811538.0,639.8,11.77,1.73,13.49,96,0.141,0,39.4,43.0,20,23.0,59.3,good,0.0,good,0,0.4469,0,0.2397,0,3.92
XB-20244852,Dairy,Enugu,Onitsha,6.44,7.5,6.14,6.79,1905.2,787710.0,105.7,1.78,6.32,8.1,48,0.169,1,4.4,6.9,6,0.9,71.7,good,0.0,good,0,0.1985,0,0.1657,0,3.33
XB-20244853,Leafy Greens,Port Harcourt,Lagos,4.82,7.04,6.52,3.38,2251.9,591607.0,544.9,14.69,0.38,15.07,48,0.314,1,13.2,19.5,10,9.5,60.2,poor,2.774,good,0,0.416,0,0.1982,0,3.59
XB-20244854,Tomatoes,Port Harcourt,Ibadan,4.82,7.04,7.38,3.93,1161.7,440844.0,643.0,11.86,2.07,13.93,72,0.193,1,26.4,33.0,25,8.0,57.6,fair,1.19,good,2,0.4404,1,0.4469,1,5.58
XB-20244855,Tomatoes,Ibadan,Port Harcourt,7.38,3.93,4.82,7.04,1267.9,403563.0,536.5,10.11,3.25,13.36,72,0.186,0,34.7,40.8,25,15.8,63.6,poor,2.511,good,0,0.7912,1,0.5193,0,6.15
XB-20244856,Dairy,Kaduna,Onitsha,10.52,7.44,6.14,6.79,4448.7,2036262.0,734.1,18.62,0.38,19.0,48,0.396,1,7.8,11.1,6,5.1,86.5,poor,1.055,good,0,0.2883,0,0.3161,0,4.53
XB-20244857,Leafy Greens,Port Harcourt,Kano,4.82,7.04,12.0,8.52,663.8,180527.0,1179.7,26.09,0.54,26.63,48,0.555,0,28.8,33.9,10,23.9,59.3,poor,2.597,good,0,0.6583,1,0.4286,0,5.43
XB-20244858,Strawberries,Ibadan,Lagos,7.38,3.93,6.52,3.38,249.9,206045.0,140.9,2.24,0.03,2.27,36,0.063,1,9.9,14.6,8,6.6,76.8,poor,2.138,good,0,0.1715,0,0.2725,0,4.18
XB-20244859,Dairy,Enugu,Jos,6.44,7.5,9.92,8.89,4220.7,1743267.0,531.9,11.92,1.79,13.71,48,0.286,1,8.4,13.0,6,7.0,61.4,fair,1.096,poor,1,0.4126,0,0.5142,0,6.11
XB-20244860,Fresh Fish,Abuja,Zaria,9.07,7.4,11.08,7.71,4390.2,2815495.0,295.3,5.14,3.96,9.1,24,0.379,0,30.2,33.6,4,29.6,89.2,fair,0.88,excellent,0,0.5804,1,0.2998,0,4.4
XB-20244861,Dairy,Onitsha,Kaduna,6.14,6.79,10.52,7.44,3520.6,1348043.0,712.6,15.12,2.48,17.61,48,0.367,0,36.6,41.3,6,35.3,81.2,fair,1.195,poor,1,0.6616,1,0.7537,1,8.03
XB-20244862,Mangoes,Port Harcourt,Kano,4.82,7.04,12.0,8.52,411.6,74275.0,1003.8,20.89,0.82,21.7,96,0.226,0,26.2,32.3,20,12.3,75.2,fair,0.976,excellent,0,0.6751,1,0.2098,0,3.68
XB-20244863,Fresh Fish,Port Harcourt,Abuja,4.82,7.04,9.07,7.4,3797.3,2498637.0,671.1,13.07,0.17,13.24,24,0.552,0,37.1,41.1,4,37.1,62.9,fair,0.718,good,1,0.6156,1,0.4159,0,5.33
XB-20244864,Tomatoes,Zaria,Ibadan,11.08,7.71,7.38,3.93,4492.9,1485659.0,762.6,15.79,5.22,21.0,72,0.292,0,36.3,41.6,25,16.6,73.0,poor,1.638,fair,1,0.7068,1,0.5698,0,6.56
XB-20244865,Strawberries,Lagos,Ibadan,6.52,3.38,7.38,3.93,1555.0,1142867.0,157.4,3.7,0.62,4.32,36,0.12,0,30.7,36.8,8,28.8,76.3,poor,2.443,good,0,0.4832,0,0.3193,0,4.55
XB-20244866,Mangoes,Kaduna,Enugu,10.52,7.44,6.44,7.5,1222.5,263677.0,614.5,12.93,0.27,13.2,96,0.138,1,23.0,25.4,20,5.4,75.1,fair,1.408,excellent,0,0.3952,0,0.1864,0,3.49
XB-20244867,Leafy Greens,Onitsha,Abuja,6.14,6.79,9.07,7.4,4658.1,1267465.0,489.0,8.89,0.64,9.54,48,0.199,0,29.9,33.8,10,23.8,85.3,fair,1.226,good,0,0.6903,1,0.5181,1,6.15
XB-20244868,Strawberries,Onitsha,Abuja,6.14,6.79,9.07,7.4,673.1,562033.0,492.2,11.93,0.16,12.09,36,0.336,1,11.5,17.2,8,9.2,77.3,poor,2.723,excellent,0,0.3951,0,0.2819,0,4.26
XB-20244869,Leafy Greens,Enugu,Abuja,6.44,7.5,9.07,7.4,1342.7,355145.0,466.6,8.06,0.1,8.16,48,0.17,1,11.7,17.6,10,7.6,75.7,good,0.0,poor,0,0.1343,0,0.312,0,4.5
XB-20244870,Dairy,Kaduna,Abuja,10.52,7.44,9.07,7.4,4574.2,1889062.0,235.0,3.69,3.23,6.92,48,0.144,1,5.7,10.5,6,4.5,88.2,good,0.0,poor,1,0.217,0,0.5493,1,6.39
XB-20244871,Dairy,Port Harcourt,Kano,4.82,7.04,12.0,8.52,507.5,212519.0,1150.6,28.58,1.02,29.6,48,0.617,0,35.9,40.3,6,34.3,90.8,fair,0.534,fair,2,0.9069,1,0.7271,1,7.82
XB-20244872,Dairy,Enugu,Ibadan,6.44,7.5,7.38,3.93,2462.0,934270.0,525.4,10.35,0.81,11.16,48,0.233,0,34.1,42.0,6,36.0,59.1,poor,1.759,good,1,0.6508,1,0.6122,1,6.9
XB-20244873,Mangoes,Jos,Zaria,9.92,8.89,11.08,7.71,4117.9,888382.0,238.4,6.05,3.12,9.17,96,0.096,0,36.8,43.1,20,23.1,85.6,fair,0.986,good,0,0.6423,1,0.3061,0,4.45
XB-20244874,Peppers,Jos,Lagos,9.92,8.89,6.52,3.38,4894.3,946072.0,937.3,25.19,0.73,25.92,96,0.27,0,37.2,44.8,22,22.8,77.1,poor,1.9,excellent,0,0.5642,0,0.2601,0,4.08
XB-20244875,Leafy Greens,Port Harcourt,Zaria,4.82,7.04,11.08,7.71,2624.7,806262.0,930.0,14.34,1.41,15.75,48,0.328,1,12.0,15.4,10,5.4,91.3,poor,1.322,good,0,0.4568,1,0.2874,0,4.3
XB-20244876,Strawberries,Abuja,Kano,9.07,7.4,12.0,8.52,1087.7,889392.0,440.1,7.02,0.15,7.17,36,0.199,1,8.1,14.2,8,6.2,74.9,fair,1.118,good,0,0.1436,0,0.0947,0,2.76
XB-20244877,Dairy,Zaria,Jos,11.08,7.71,9.92,8.89,2053.7,891167.0,242.3,5.62,0.04,5.66,48,0.118,1,8.9,12.1,6,6.1,78.0,fair,0.559,fair,1,0.106,0,0.3248,0,4.6
XB-20244878,Leafy Greens,Kaduna,Lagos,10.52,7.44,6.52,3.38,1217.1,322703.0,820.3,14.42,1.51,15.92,48,0.332,0,35.4,41.4,10,31.4,70.0,fair,0.523,good,0,0.6739,1,0.4157,0,5.33
XB-20244879,Peppers,Lagos,Ibadan,6.52,3.38,7.38,3.93,4285.7,773933.0,142.7,2.88,0.73,3.62,96,0.038,0,28.5,30.9,22,8.9,91.3,poor,1.76,excellent,0,0.6305,1,0.3436,0,4.75
XB-20244880,Leafy Greens,Kaduna,Abuja,10.52,7.44,9.07,7.4,1732.7,526685.0,199.0,3.2,0.39,3.59,48,0.075,0,31.6,36.8,10,26.8,66.9,fair,0.642,good,1,0.4886,1,0.4309,1,5.45
XB-20244881,Fresh Fish,Lagos,Enugu,6.52,3.38,6.44,7.5,490.9,286436.0,725.5,16.71,0.33,17.04,24,0.71,1,6.1,13.7,4,9.7,62.8,good,0.0,good,0,0.4701,1,0.2727,0,4.18
XB-20244882,Strawberries,Kano,Onitsha,12.0,8.52,6.14,6.79,1068.6,907418.0,1073.6,27.64,2.23,29.87,36,0.83,0,35.0,39.8,8,31.8,74.8,good,0.0,excellent,0,0.7629,1,0.42,0,5.36
XB-20244883,Peppers,Kano,Abuja,12.0,8.52,9.07,7.4,2170.1,387750.0,466.4,10.8,0.52,11.32,96,0.118,0,27.8,32.2,22,10.2,65.2,poor,1.788,poor,1,0.6117,1,0.6067,1,6.85
XB-20244884,Strawberries,Ibadan,Jos,7.38,3.93,9.92,8.89,998.3,745481.0,864.1,15.45,0.57,16.03,36,0.445,1,6.4,11.6,8,3.6,78.7,fair,0.626,good,0,0.3685,0,0.1571,0,3.26
XB-20244885,Fresh Fish,Abuja,Kano,9.07,7.4,12.0,8.52,769.4,447922.0,510.9,9.06,0.47,9.53,24,0.397,0,37.5,42.1,4,38.1,89.6,good,0.0,good,0,0.5345,0,0.2394,0,3.91
XB-20244886,Dairy,Abuja,Onitsha,9.07,7.4,6.14,6.79,4380.7,1902929.0,478.7,8.16,6.21,14.37,48,0.299,1,6.7,12.5,6,6.5,59.0,good,0.0,excellent,0,0.3609,0,0.1511,0,3.21
XB-20244887,Strawberries,Zaria,Kano,11.08,7.71,12.0,8.52,686.9,557908.0,181.6,5.02,0.78,5.8,36,0.161,0,33.2,38.3,8,30.3,83.6,poor,1.798,fair,1,0.5402,0,0.6816,1,7.45
XB-20244888,Fresh Fish,Port Harcourt,Jos,4.82,7.04,9.92,8.89,2584.7,1490517.0,902.6,16.66,2.48,19.14,24,0.798,1,7.6,11.9,4,7.9,63.6,poor,1.11,good,1,0.6201,1,0.4469,0,5.57
XB-20244889,Leafy Greens,Lagos,Kaduna,6.52,3.38,10.52,7.44,2440.8,672608.0,895.1,16.4,0.59,16.99,48,0.354,0,37.5,40.8,10,30.8,77.0,poor,2.922,poor,0,0.547,1,0.7229,1,7.78
XB-20244890,Tomatoes,Zaria,Kaduna,11.08,7.71,10.52,7.44,2376.7,842955.0,110.0,1.92,0.91,2.84,72,0.039,0,38.6,43.5,25,18.5,68.4,fair,0.663,good,0,0.3895,0,0.3525,0,4.82
XB-20244891,Fresh Fish,Zaria,Abuja,11.08,7.71,9.07,7.4,735.3,451603.0,342.4,6.43,0.17,6.6,24,0.275,0,29.9,32.3,4,28.3,89.6,good,0.0,good,1,0.5604,1,0.3949,0,5.16
XB-20244892,Leafy Greens,Enugu,Kaduna,6.44,7.5,10.52,7.44,1479.5,445765.0,618.7,17.24,0.13,17.37,48,0.362,1,13.0,15.0,10,5.0,79.1,fair,1.273,good,0,0.1975,0,0.2821,0,4.26
XB-20244893,Peppers,Zaria,Kano,11.08,7.71,12.0,8.52,246.9,41806.0,205.2,3.98,2.32,6.31,96,0.066,1,22.3,24.3,22,2.3,81.5,fair,0.556,poor,0,0.1652,0,0.459,0,5.67
XB-20244894,Leafy Greens,Kaduna,Onitsha,10.52,7.44,6.14,6.79,4122.1,1060130.0,662.7,14.22,0.04,14.26,48,0.297,0,36.0,42.2,10,32.2,80.5,fair,0.742,excellent,0,0.5129,1,0.1731,0,3.39
XB-20244895,Dairy,Jos,Kaduna,9.92,8.89,10.52,7.44,4511.4,1930767.0,210.0,3.91,2.43,6.34,48,0.132,1,4.5,12.3,6,6.3,91.8,fair,1.422,fair,1,0.4468,0,0.4162,0,5.33
XB-20244896,Strawberries,Lagos,Zaria,6.52,3.38,11.08,7.71,2107.4,1561579.0,936.0,14.51,0.96,15.47,36,0.43,0,29.2,36.0,8,28.0,81.0,fair,0.583,excellent,0,0.6333,1,0.2987,0,4.39
XB-20244897,Mangoes,Kano,Jos,12.0,8.52,9.92,8.89,394.8,74302.0,336.5,5.27,6.26,11.54,96,0.12,1,19.2,26.6,20,6.6,60.1,fair,0.79,good,0,0.4188,0,0.1528,0,3.22
XB-20244898,Leafy Greens,Kano,Zaria,12.0,8.52,11.08,7.71,3976.4,1189712.0,184.7,2.84,2.25,5.1,48,0.106,0,34.6,40.1,10,30.1,90.6,fair,1.368,excellent,0,0.6985,1,0.3587,0,4.87
XB-20244899,Strawberries,Port Harcourt,Kano,4.82,7.04,12.0,8.52,1444.3,1266065.0,1030.7,25.44,3.35,28.79,36,0.8,1,10.8,16.4,8,8.4,85.7,poor,2.995,excellent,0,0.6034,1,0.2109,0,3.69
XB-20244900,Peppers,Lagos,Port Harcourt,6.52,3.38,4.82,7.04,4834.7,798984.0,579.4,13.46,0.16,13.62,96,0.142,1,22.2,29.3,22,7.3,63.9,fair,1.356,excellent,0,0.1576,0,0.1388,0,3.11
XB-20244901,Peppers,Lagos,Abuja,6.52,3.38,9.07,7.4,3631.0,643103.0,680.1,14.96,1.82,16.78,96,0.175,0,38.6,41.9,22,19.9,90.6,fair,0.612,good,1,0.5207,1,0.4325,0,5.46
XB-20244902,Peppers,Kano,Enugu,12.0,8.52,6.44,7.5,2412.9,463016.0,859.1,15.7,0.32,16.02,96,0.167,1,23.2,29.3,22,7.3,61.4,good,0.0,excellent,0,0.3603,0,0.2765,0,4.21
XB-20244903,Dairy,Ibadan,Abuja,7.38,3.93,9.07,7.4,1736.1,701818.0,604.8,12.35,1.84,14.19,48,0.296,1,5.5,8.2,6,2.2,80.8,poor,2.819,excellent,0,0.181,0,0.0436,0,2.35
XB-20244904,Fresh Fish,Onitsha,Port Harcourt,6.14,6.79,4.82,7.04,1243.0,791937.0,212.9,4.54,0.1,4.64,24,0.193,1,3.3,7.3,4,3.3,65.0,poor,1.588,good,2,0.2878,0,0.3186,0,4.55
XB-20244905,Peppers,Enugu,Onitsha,6.44,7.5,6.14,6.79,2081.2,345753.0,119.9,1.92,0.69,2.61,96,0.027,0,34.4,37.2,22,15.2,71.6,fair,1.031,poor,0,0.556,0,0.5804,1,6.64
XB-20244906,Peppers,Kano,Lagos,12.0,8.52,6.52,3.38,2591.6,485389.0,1069.5,20.93,1.59,22.52,96,0.235,0,29.9,34.0,22,12.0,87.1,poor,2.362,good,0,0.5655,1,0.4903,0,5.92
XB-20244907,Peppers,Kaduna,Ibadan,10.52,7.44,7.38,3.93,2167.3,426607.0,777.4,17.9,3.15,21.04,96,0.219,1,20.2,23.7,22,1.7,56.4,poor,2.304,good,0,0.3126,0,0.3007,0,4.41
XB-20244908,Tomatoes,Jos,Kaduna,9.92,8.89,10.52,7.44,3115.2,1113675.0,226.5,6.25,2.29,8.53,72,0.119,0,31.1,34.0,25,9.0,86.8,fair,1.077,good,0,0.4961,0,0.22,0,3.76
XB-20244909,Dairy,Kano,Abuja,12.0,8.52,9.07,7.4,4376.5,1694703.0,499.6,8.4,3.04,11.44,48,0.238,0,34.3,37.6,6,31.6,91.8,fair,1.311,good,0,0.6537,1,0.4996,0,6.0
XB-20244910,Peppers,Jos,Lagos,9.92,8.89,6.52,3.38,1974.8,370756.0,1062.9,16.52,2.01,18.53,96,0.193,1,20.0,24.9,22,2.9,67.8,poor,1.092,good,0,0.3253,0,0.2544,0,4.04
XB-20244911,Mangoes,Zaria,Kaduna,11.08,7.71,10.52,7.44,1888.6,397311.0,100.0,2.17,2.12,4.29,96,0.045,0,37.6,45.1,20,25.1,81.7,fair,0.966,good,0,0.5478,1,0.4749,0,5.8
XB-20244912,Fresh Fish,Lagos,Onitsha,6.52,3.38,6.14,6.79,4149.2,2325580.0,554.9,8.56,1.42,9.98,24,0.416,1,7.8,13.6,4,9.6,82.9,fair,1.033,poor,2,0.5014,1,0.7944,1,8.36
XB-20244913,Tomatoes,Lagos,Kaduna,6.52,3.38,10.52,7.44,3224.7,1045369.0,912.0,16.45,0.62,17.08,72,0.237,0,33.0,36.1,25,11.1,85.3,fair,0.886,good,1,0.5886,1,0.5049,0,6.04
XB-20244914,Mangoes,Lagos,Jos,6.52,3.38,9.92,8.89,4499.8,828827.0,1050.7,18.98,0.98,19.97,96,0.208,0,30.9,35.6,20,15.6,61.9,fair,0.819,fair,0,0.5024,0,0.3932,0,5.15
XB-20244915,Dairy,Kaduna,Enugu,10.52,7.44,6.44,7.5,4940.9,1951818.0,635.0,14.42,1.46,15.88,48,0.331,1,8.4,14.0,6,8.0,85.0,poor,2.599,excellent,0,0.4602,1,0.2193,0,3.75
XB-20244916,Tomatoes,Abuja,Port Harcourt,9.07,7.4,4.82,7.04,1004.0,381728.0,677.8,10.64,1.3,11.94,72,0.166,0,29.4,37.3,25,12.3,82.4,fair,1.001,fair,0,0.5029,0,0.4608,0,5.69
XB-20244917,Dairy,Onitsha,Enugu,6.14,6.79,6.44,7.5,2120.5,915375.0,117.2,1.96,1.13,3.09,48,0.064,0,39.7,46.0,6,40.0,74.6,poor,2.393,good,0,0.4799,1,0.3952,0,5.16
XB-20244918,Dairy,Jos,Port Harcourt,9.92,8.89,4.82,7.04,3155.9,1372046.0,754.7,17.24,7.75,24.98,48,0.52,0,41.0,44.0,6,38.0,56.4,good,0.0,good,0,0.6989,1,0.5174,0,6.14
XB-20244919,Dairy,Port Harcourt,Enugu,4.82,7.04,6.44,7.5,4353.3,1736459.0,252.4,5.63,2.57,8.2,48,0.171,0,35.4,42.0,6,36.0,72.2,fair,0.536,good,1,0.4971,0,0.3452,0,4.76
XB-20244920,Dairy,Abuja,Kaduna,9.07,7.4,10.52,7.44,2229.8,932629.0,216.0,5.03,4.7,9.74,48,0.203,1,7.7,13.6,6,7.6,84.4,poor,1.583,poor,2,0.4354,0,0.6212,0,6.97
XB-20244921,Tomatoes,Onitsha,Abuja,6.14,6.79,9.07,7.4,3304.8,1157788.0,448.3,7.41,3.19,10.6,72,0.147,1,25.7,30.2,25,5.2,85.6,fair,0.974,fair,1,0.1842,0,0.4639,1,5.71
XB-20244922,Mangoes,Port Harcourt,Ibadan,4.82,7.04,7.38,3.93,2403.4,495619.0,704.9,13.65,0.32,13.97,96,0.146,0,26.9,30.0,20,10.0,77.9,poor,2.732,good,1,0.524,0,0.3489,0,4.79
XB-20244923,Strawberries,Abuja,Ibadan,9.07,7.4,7.38,3.93,4676.0,4037109.0,534.0,8.52,5.18,13.7,36,0.381,0,26.4,28.5,8,20.5,60.3,poor,2.487,fair,0,0.7258,1,0.5345,1,6.28
XB-20244924,Dairy,Lagos,Kano,6.52,3.38,12.0,8.52,708.7,318104.0,1199.6,20.47,2.06,22.53,48,0.469,1,6.6,13.9,6,7.9,74.4,fair,0.505,fair,1,0.268,0,0.3116,0,4.49
XB-20244925,Strawberries,Jos,Abuja,9.92,8.89,9.07,7.4,1063.0,813525.0,229.8,3.75,0.47,4.21,36,0.117,1,6.3,12.2,8,4.2,60.5,fair,0.93,excellent,0,0.1623,0,0.1168,0,2.93
XB-20244926,Strawberries,Abuja,Onitsha,9.07,7.4,6.14,6.79,2201.4,1839762.0,466.3,7.93,1.19,9.12,36,0.253,1,11.4,13.9,8,5.9,76.6,good,0.0,fair,0,0.2179,0,0.2726,0,4.18
XB-20244927,Dairy,Zaria,Onitsha,11.08,7.71,6.14,6.79,2736.0,1071428.0,721.2,14.47,2.2,16.67,48,0.347,0,30.1,33.2,6,27.2,89.4,poor,2.437,excellent,0,0.7714,1,0.3157,0,4.53
XB-20244928,Fresh Fish,Port Harcourt,Abuja,4.82,7.04,9.07,7.4,2826.4,1748753.0,613.3,16.23,0.24,16.47,24,0.686,1,5.8,12.7,4,8.7,65.6,poor,1.57,fair,1,0.6097,1,0.5954,1,6.76
XB-20244929,Fresh Fish,Zaria,Kano,11.08,7.71,12.0,8.52,2188.5,1410656.0,205.2,4.02,0.62,4.63,24,0.193,1,4.0,11.8,4,7.8,55.5,poor,1.423,good,0,0.4087,0,0.3589,0,4.87
XB-20244930,Strawberries,Jos,Kano,9.92,8.89,12.0,8.52,1207.0,911823.0,302.8,7.76,0.62,8.38,36,0.233,0,33.7,37.7,8,29.7,57.1,poor,1.278,good,0,0.6419,1,0.3718,0,4.97
XB-20244931,Leafy Greens,Onitsha,Kaduna,6.14,6.79,10.52,7.44,4144.7,1130557.0,760.9,16.4,5.62,22.02,48,0.459,0,35.7,42.1,10,32.1,90.6,poor,2.56,poor,3,0.8103,1,0.97,1,9.76
XB-20244932,Mangoes,Enugu,Zaria,6.44,7.5,11.08,7.71,241.1,52864.0,816.0,20.86,2.09,22.95,96,0.239,0,27.1,33.8,20,13.8,66.8,poor,2.68,excellent,0,0.6656,1,0.3904,0,5.12
XB-20244933,Fresh Fish,Kano,Abuja,12.0,8.52,9.07,7.4,1403.3,837195.0,438.2,10.23,1.66,11.89,24,0.495,1,6.4,9.6,4,5.6,63.8,poor,1.831,fair,0,0.381,0,0.4335,0,5.47
XB-20244934,Tomatoes,Kano,Kaduna,12.0,8.52,10.52,7.44,393.8,138355.0,319.5,8.24,1.74,9.97,72,0.139,0,27.2,33.0,25,8.0,68.7,poor,2.179,fair,0,0.4937,1,0.3784,0,5.03
XB-20244935,Mangoes,Onitsha,Zaria,6.14,6.79,11.08,7.71,4870.8,1058145.0,849.8,14.64,0.78,15.42,96,0.161,0,37.0,44.5,20,24.5,82.8,fair,0.718,fair,1,0.5165,1,0.5724,0,6.58
XB-20244936,Fresh Fish,Enugu,Ibadan,6.44,7.5,7.38,3.93,3838.6,2388510.0,521.2,8.48,0.56,9.04,24,0.376,0,30.2,36.8,4,32.8,70.5,fair,1.315,fair,1,0.6014,1,0.5767,1,6.61
XB-20244937,Leafy Greens,Kano,Kaduna,12.0,8.52,10.52,7.44,2020.7,563550.0,315.8,7.06,0.28,7.34,48,0.153,1,10.0,16.8,10,6.8,85.4,good,0.0,excellent,0,0.3275,0,0.1491,0,3.19
XB-20244938,Leafy Greens,Abuja,Enugu,9.07,7.4,6.44,7.5,3156.2,926882.0,429.0,11.34,0.14,11.47,48,0.239,1,12.5,18.3,10,8.3,66.1,poor,2.457,poor,4,0.296,0,0.7547,1,8.04
XB-20244939,Strawberries,Port Harcourt,Lagos,4.82,7.04,6.52,3.38,2747.7,2304888.0,634.0,13.01,0.37,13.38,36,0.372,0,32.6,37.5,8,29.5,75.8,fair,1.159,excellent,0,0.5764,0,0.2972,0,4.38
XB-20244940,Fresh Fish,Zaria,Enugu,11.08,7.71,6.44,7.5,766.8,442761.0,816.2,16.27,0.58,16.85,24,0.702,1,4.8,7.6,4,3.6,79.5,good,0.0,good,0,0.2823,0,0.3177,0,4.54
XB-20244941,Leafy Greens,Kano,Zaria,12.0,8.52,11.08,7.71,1009.5,271523.0,162.9,2.97,2.28,5.26,48,0.11,0,33.6,41.1,10,31.1,73.4,fair,0.812,good,0,0.4753,1,0.3718,0,4.97
XB-20244942,Peppers,Port Harcourt,Jos,4.82,7.04,9.92,8.89,3201.3,561880.0,735.9,11.72,3.14,14.86,96,0.155,0,29.3,35.3,22,13.3,84.4,fair,0.574,poor,1,0.5971,1,0.6527,0,7.22
XB-20244943,Strawberries,Jos,Kano,9.92,8.89,12.0,8.52,1232.1,1050051.0,288.5,4.7,0.8,5.5,36,0.153,1,11.6,16.5,8,8.5,81.2,good,0.0,fair,1,0.218,0,0.4458,0,5.57
XB-20244944,Mangoes,Abuja,Lagos,9.07,7.4,6.52,3.38,552.7,101141.0,748.3,13.23,0.88,14.11,96,0.147,1,19.4,26.3,20,6.3,77.6,good,0.0,good,0,0.229,0,0.2149,0,3.72
XB-20244945,Dairy,Onitsha,Lagos,6.14,6.79,6.52,3.38,2811.1,1149861.0,602.6,10.17,0.85,11.02,48,0.23,1,5.7,8.3,6,2.3,73.5,fair,0.751,excellent,0,0.1613,0,0.0903,0,2.72
XB-20244946,Strawberries,Kaduna,Enugu,10.52,7.44,6.44,7.5,1236.4,980421.0,602.9,11.13,0.25,11.38,36,0.316,1,7.8,14.2,8,6.2,55.1,fair,0.797,poor,4,0.4213,0,0.7184,1,7.75
XB-20244947,Strawberries,Onitsha,Abuja,6.14,6.79,9.07,7.4,3966.6,3391525.0,452.2,8.07,0.85,8.92,36,0.248,0,31.9,39.9,8,31.9,71.2,good,0.0,fair,3,0.4429,1,0.5729,0,6.58
XB-20244948,Strawberries,Jos,Port Harcourt,9.92,8.89,4.82,7.04,2600.6,2109560.0,756.2,21.37,0.12,21.49,36,0.597,1,6.4,12.3,8,4.3,59.4,poor,2.006,excellent,0,0.4433,1,0.1479,0,3.18
XB-20244949,Peppers,Abuja,Port Harcourt,9.07,7.4,4.82,7.04,4762.1,849341.0,704.4,15.97,0.69,16.67,96,0.174,0,39.2,44.2,22,22.2,56.4,good,0.0,good,1,0.4555,1,0.4016,0,5.21
XB-20244950,Mangoes,Ibadan,Kaduna,7.38,3.93,10.52,7.44,1804.9,334110.0,642.1,13.2,0.2,13.4,96,0.14,0,32.3,37.9,20,17.9,72.9,good,0.0,poor,1,0.3144,0,0.5257,1,6.21
XB-20244951,Leafy Greens,Ibadan,Kaduna,7.38,3.93,10.52,7.44,4345.0,1229689.0,764.8,12.94,0.43,13.37,48,0.278,0,24.7,31.9,10,21.9,72.5,poor,1.942,good,1,0.4864,0,0.3281,0,4.63
XB-20244952,Peppers,Abuja,Port Harcourt,9.07,7.4,4.82,7.04,1850.7,302417.0,620.4,14.49,0.69,15.18,96,0.158,0,35.8,40.4,22,18.4,80.9,good,0.0,excellent,0,0.5882,1,0.2697,0,4.16
XB-20244953,Leafy Greens,Kano,Ibadan,12.0,8.52,7.38,3.93,4794.4,1223427.0,1011.4,16.0,1.8,17.8,48,0.371,0,33.3,37.8,10,27.8,56.2,poor,2.331,fair,2,0.5416,1,0.6659,1,7.33
XB-20244954,Leafy Greens,Kano,Port Harcourt,12.0,8.52,4.82,7.04,372.5,111210.0,1108.4,19.32,1.14,20.46,48,0.426,1,11.6,15.0,10,5.0,87.5,fair,1.358,excellent,0,0.3935,0,0.2487,0,3.99
XB-20244955,Strawberries,Kaduna,Port Harcourt,10.52,7.44,4.82,7.04,3346.5,2856744.0,878.1,14.45,0.41,14.86,36,0.413,0,36.0,43.2,8,35.2,60.8,fair,0.598,fair,1,0.6219,1,0.5318,0,6.25
XB-20244956,Dairy,Zaria,Port Harcourt,11.08,7.71,4.82,7.04,1817.6,791591.0,915.7,22.72,0.48,23.2,48,0.483,1,7.6,14.8,6,8.8,62.8,poor,2.606,fair,1,0.3911,0,0.6094,1,6.88
XB-20244957,Peppers,Enugu,Ibadan,6.44,7.5,7.38,3.93,1171.0,222286.0,508.3,8.94,5.6,14.53,96,0.151,0,37.7,40.9,22,18.9,78.4,poor,2.886,good,0,0.8319,1,0.5677,1,6.54
XB-20244958,Peppers,Ibadan,Lagos,7.38,3.93,6.52,3.38,758.2,135424.0,141.5,3.14,0.97,4.11,96,0.043,1,22.6,25.3,22,3.3,78.9,poor,1.849,fair,0,0.2683,0,0.4312,0,5.45
XB-20244959,Strawberries,Kaduna,Ibadan,10.52,7.44,7.38,3.93,1003.3,861885.0,814.9,14.67,0.21,14.88,36,0.413,0,37.9,41.1,8,33.1,88.7,poor,2.187,fair,0,0.7599,1,0.5359,1,6.29
XB-20244960,Peppers,Port Harcourt,Abuja,4.82,7.04,9.07,7.4,1264.8,244838.0,576.9,13.67,6.1,19.77,96,0.206,0,38.4,45.7,22,23.7,64.4,poor,1.331,good,1,0.6823,1,0.6073,0,6.86
XB-20244961,Peppers,Lagos,Kaduna,6.52,3.38,10.52,7.44,825.1,145158.0,976.6,24.39,1.05,25.44,96,0.265,0,30.0,33.8,22,11.8,80.5,poor,1.015,fair,1,0.5962,0,0.5483,1,6.39
XB-20244962,Peppers,Port Harcourt,Abuja,4.82,7.04,9.07,7.4,1717.3,306757.0,612.1,12.29,1.05,13.35,96,0.139,1,21.9,24.4,22,2.4,85.8,good,0.0,fair,1,0.0322,0,0.2508,0,4.01
XB-20244963,Mangoes,Kaduna,Port Harcourt,10.52,7.44,4.82,7.04,1504.6,293701.0,773.3,12.37,2.97,15.33,96,0.16,1,21.5,24.2,20,4.2,68.0,fair,0.952,poor,2,0.3161,0,0.4918,1,5.93
XB-20244964,Dairy,Jos,Abuja,9.92,8.89,9.07,7.4,1212.9,544810.0,280.3,5.9,1.01,6.9,48,0.144,0,36.3,43.3,6,37.3,80.0,good,0.0,good,1,0.5916,1,0.5204,0,6.16
XB-20244965,Dairy,Lagos,Zaria,6.52,3.38,11.08,7.71,1985.7,764394.0,951.9,20.92,1.06,21.97,48,0.458,1,5.9,8.5,6,2.5,73.2,fair,1.088,good,1,0.2471,0,0.3148,0,4.52
XB-20244966,Strawberries,Ibadan,Kaduna,7.38,3.93,10.52,7.44,2109.8,1715613.0,691.6,13.91,0.84,14.75,36,0.41,1,10.1,17.9,8,9.9,88.2,poor,2.427,good,0,0.4966,0,0.3924,0,5.14
XB-20244967,Mangoes,Enugu,Abuja,6.44,7.5,9.07,7.4,571.8,104652.0,399.5,6.34,1.55,7.88,96,0.082,1,22.2,27.9,20,7.9,68.2,fair,0.843,good,1,0.1499,0,0.2456,0,3.96
XB-20244968,Strawberries,Ibadan,Zaria,7.38,3.93,11.08,7.71,4420.4,3694934.0,813.8,14.27,4.29,18.56,36,0.515,0,38.9,43.8,8,35.8,87.4,fair,1.064,fair,3,0.6058,1,0.7152,1,7.72
XB-20244969,Mangoes,Ibadan,Abuja,7.38,3.93,9.07,7.4,4536.6,822561.0,618.5,14.03,0.52,14.55,96,0.152,0,29.5,35.9,20,15.9,57.2,good,0.0,fair,0,0.4029,0,0.3109,0,4.49
XB-20244970,Strawberries,Lagos,Ibadan,6.52,3.38,7.38,3.93,3153.2,2424455.0,154.5,3.03,2.75,5.78,36,0.16,0,27.9,30.9,8,22.9,68.4,fair,0.855,good,0,0.5886,1,0.3996,0,5.2
XB-20244971,Leafy Greens,Lagos,Kano,6.52,3.38,12.0,8.52,3620.6,1110774.0,1193.4,26.18,0.09,26.27,48,0.547,0,23.2,27.7,10,17.7,61.5,fair,1.062,good,0,0.5873,1,0.385,0,5.08
XB-20244972,Fresh Fish,Enugu,Lagos,6.44,7.5,6.52,3.38,1092.5,610804.0,723.4,16.69,2.22,18.92,24,0.788,1,4.7,8.0,4,4.0,89.1,fair,0.815,good,0,0.5837,1,0.3206,0,4.57
XB-20244973,Mangoes,Abuja,Ibadan,9.07,7.4,7.38,3.93,1148.0,216555.0,659.7,11.33,0.19,11.53,96,0.12,1,21.6,28.7,20,8.7,61.7,fair,1.18,good,0,0.3321,0,0.2925,0,4.34
XB-20244974,Dairy,Kano,Kaduna,12.0,8.52,10.52,7.44,1962.6,825137.0,259.5,7.34,1.14,8.48,48,0.177,1,5.6,12.5,6,6.5,89.4,good,0.0,fair,0,0.3241,0,0.3307,0,4.65
XB-20244975,Leafy Greens,Onitsha,Enugu,6.14,6.79,6.44,7.5,3718.2,1084501.0,116.3,1.92,6.22,8.14,48,0.17,0,39.4,43.4,10,33.4,84.2,poor,2.567,good,0,0.6527,1,0.3894,0,5.12
XB-20244976,Tomatoes,Kano,Enugu,12.0,8.52,6.44,7.5,3287.7,1059389.0,836.5,19.02,2.8,21.82,72,0.303,0,31.1,34.6,25,9.6,84.5,fair,1.03,good,0,0.7945,1,0.5741,1,6.59
XB-20244977,Strawberries,Ibadan,Abuja,7.38,3.93,9.07,7.4,2012.1,1637780.0,541.0,11.36,0.15,11.5,36,0.32,0,42.2,45.8,8,37.8,62.7,poor,1.542,good,0,0.5326,1,0.4932,1,5.95
XB-20244978,Fresh Fish,Enugu,Jos,6.44,7.5,9.92,8.89,4110.6,2461023.0,556.9,9.75,0.83,10.58,24,0.441,1,4.0,8.8,4,4.8,59.0,fair,1.106,good,0,0.1555,0,0.0812,0,2.65
XB-20244979,Fresh Fish,Lagos,Jos,6.52,3.38,9.92,8.89,4153.8,2470356.0,987.9,16.38,0.29,16.67,24,0.694,0,40.8,45.9,4,41.9,75.1,fair,1.372,poor,1,0.6011,1,0.6833,1,7.47
XB-20244980,Leafy Greens,Onitsha,Zaria,6.14,6.79,11.08,7.71,1991.4,531593.0,694.0,18.35,0.96,19.3,48,0.402,1,10.4,15.1,10,5.1,84.2,good,0.0,excellent,0,0.4594,0,0.2481,0,3.99
XB-20244981,Strawberries,Zaria,Lagos,11.08,7.71,6.52,3.38,4664.6,4092689.0,877.3,18.39,4.47,22.87,36,0.635,1,8.1,14.1,8,6.1,68.2,fair,0.729,fair,1,0.4902,1,0.3515,0,4.81
XB-20244982,Strawberries,Jos,Ibadan,9.92,8.89,7.38,3.93,447.1,377174.0,802.8,13.78,2.37,16.15,36,0.449,0,33.1,40.3,8,32.3,76.6,good,0.0,fair,0,0.5696,1,0.5695,1,6.56
XB-20244983,Mangoes,Zaria,Kaduna,11.08,7.71,10.52,7.44,3712.5,699655.0,107.0,2.2,0.55,2.75,96,0.029,1,18.7,20.8,20,0.8,70.3,good,0.0,good,0,0.02,0,0.1306,0,3.05
XB-20244984,Leafy Greens,Kaduna,Onitsha,10.52,7.44,6.14,6.79,3179.5,921849.0,751.8,14.79,1.44,16.23,48,0.338,0,38.2,40.7,10,30.7,71.8,fair,0.834,fair,0,0.496,0,0.4997,0,6.0
XB-20244985,Peppers,Ibadan,Abuja,7.38,3.93,9.07,7.4,3945.5,732720.0,661.1,11.02,0.06,11.08,96,0.115,0,28.9,32.4,22,10.4,62.5,fair,0.846,excellent,0,0.4248,0,0.2233,0,3.79
XB-20244986,Peppers,Kaduna,Lagos,10.52,7.44,6.52,3.38,767.1,144063.0,874.8,19.55,4.79,24.34,96,0.254,0,32.0,34.5,22,12.5,65.3,fair,1.217,fair,1,0.7231,1,0.7158,1,7.73
XB-20244987,Mangoes,Kano,Zaria,12.0,8.52,11.08,7.71,4113.3,825420.0,192.8,3.37,0.22,3.59,96,0.037,1,18.8,22.4,20,2.4,86.1,poor,1.613,good,1,0.3412,0,0.3648,0,4.92
XB-20244988,Tomatoes,Jos,Ibadan,9.92,8.89,7.38,3.93,4631.4,1576147.0,918.1,15.76,0.32,16.08,72,0.223,0,39.9,43.8,25,18.8,83.1,fair,0.715,fair,1,0.5709,1,0.5655,1,6.52
XB-20244989,Leafy Greens,Enugu,Abuja,6.44,7.5,9.07,7.4,4539.2,1318099.0,413.2,9.83,0.89,10.73,48,0.224,0,26.5,29.6,10,19.6,69.3,poor,1.513,good,1,0.4589,0,0.3626,0,4.9
XB-20244990,Strawberries,Kano,Jos,12.0,8.52,9.92,8.89,2508.3,2024220.0,317.9,4.92,0.72,5.64,36,0.157,1,10.0,13.1,8,5.1,77.7,good,0.0,excellent,0,0.0841,0,0.0846,0,2.68
XB-20244991,Leafy Greens,Enugu,Kaduna,6.44,7.5,10.52,7.44,4700.5,1384386.0,666.8,12.57,0.87,13.44,48,0.28,1,12.3,17.2,10,7.2,84.5,fair,1.015,fair,2,0.3824,0,0.5116,0,6.09
XB-20244992,Fresh Fish,Ibadan,Kaduna,7.38,3.93,10.52,7.44,346.0,202784.0,724.4,12.17,4.66,16.82,24,0.701,0,39.0,41.8,4,37.8,74.9,fair,1.328,fair,2,0.7956,1,0.8103,1,8.48
XB-20244993,Dairy,Zaria,Jos,11.08,7.71,9.92,8.89,2793.1,1144885.0,254.2,4.2,4.94,9.14,48,0.19,1,9.1,13.8,6,7.8,78.4,fair,1.034,good,0,0.5482,1,0.3336,0,4.67
XB-20244994,Leafy Greens,Ibadan,Enugu,7.38,3.93,6.44,7.5,595.0,172532.0,620.8,10.99,1.63,12.62,48,0.263,1,10.3,12.3,10,2.3,90.8,poor,1.477,good,1,0.3757,0,0.4661,0,5.73
XB-20244995,Strawberries,Kaduna,Onitsha,10.52,7.44,6.14,6.79,3422.2,2913916.0,630.1,10.11,0.09,10.2,36,0.283,1,10.2,17.7,8,9.7,76.5,fair,1.34,poor,4,0.364,0,0.6475,1,7.18
XB-20244996,Leafy Greens,Port Harcourt,Enugu,4.82,7.04,6.44,7.5,4288.3,1209725.0,229.3,5.07,2.77,7.84,48,0.163,0,32.3,37.8,10,27.8,64.9,good,0.0,fair,0,0.4955,1,0.4369,0,5.5
XB-20244997,Leafy Greens,Onitsha,Ibadan,6.14,6.79,7.38,3.93,999.5,296612.0,488.1,8.9,2.41,11.31,48,0.236,0,30.0,36.5,10,26.5,82.2,good,0.0,poor,1,0.6011,1,0.7687,1,8.15
XB-20244998,Tomatoes,Lagos,Zaria,6.52,3.38,11.08,7.71,664.6,221594.0,928.7,23.21,2.21,25.42,72,0.353,0,27.2,32.3,25,7.3,85.3,fair,1.246,good,0,0.4454,0,0.3352,0,4.68
XB-20244999,Leafy Greens,Enugu,Lagos,6.44,7.5,6.52,3.38,382.9,114208.0,693.7,14.57,5.15,19.72,48,0.411,1,10.8,17.2,10,7.2,65.8,fair,0.826,fair,0,0.2796,0,0.2543,0,4.03
XB-20245000,Mangoes,Kaduna,Jos,10.52,7.44,9.92,8.89,2285.7,413335.0,235.4,4.2,2.51,6.71,96,0.07,0,36.4,41.0,20,21.0,61.9,fair,1.077,good,0,0.5187,0,0.3889,0,5.11
